"","Value","Std.Error","DF","t-value","p-value","Taxa","Group","FDR"
"Days60",0.0276320573162608,0.0058956807179632,53,4.68683068811211,1.97828008726589e-05,"k__Bacteria|p__Firmicutes|c__Clostridia|o__Clostridiales|f__Ruminococcaceae|g__GGB9614","Days",0.0077944235438276
"Days264",-0.0215055153330085,0.00546552758759218,40,-3.93475560929017,0.000323482032803837,"k__Bacteria|p__Actinobacteria|c__Actinobacteria|o__Actinomycetales|f__Actinomycetaceae|g__Trueperella","Days",0.063725960462356
"Days28",0.0185646041852556,0.0056496014382188,67,3.28600245314095,0.00161928927270783,"k__Bacteria|p__Firmicutes|c__Clostridia|o__Clostridiales|f__Lachnospiraceae|g__Anaerotignum","Days",0.136968983309526
"Days117",-0.0264025545361289,0.00790373569935627,49,-3.34051587001818,0.00160578734222257,"k__Bacteria|p__Firmicutes|c__Clostridia|o__Clostridiales|f__Clostridiales_unclassified|g__Massilistercora","Days",0.136968983309526
"Days133",0.0211381615233148,0.00678493528081009,62,3.11545514414856,0.00278109610780763,"k__Bacteria|p__Firmicutes|c__Clostridia|o__Clostridiales|f__Eubacteriaceae|g__Anaerofustis","Days",0.136968983309526
"Days255",-0.038262329369676,0.011121709497703,25,-3.44032806985099,0.00204988996413018,"k__Bacteria|p__Firmicutes|c__Clostridia|o__Clostridia_unclassified|f__Clostridia_unclassified|g__GGB4566","Days",0.136968983309526
"Days367",-0.0250886930577338,0.00496756333704256,6,-5.05050290363693,0.00233247250287994,"k__Bacteria|p__Firmicutes|c__CFGB1302|o__OFGB1302|f__FGB1302|g__GGB3123","Days",0.136968983309526
"Days368",-0.037312621029891,0.0100399831615501,13,-3.71640274983591,0.00258786170542108,"k__Bacteria|p__Firmicutes|c__Clostridia|o__Clostridia_unclassified|f__Clostridia_unclassified|g__GGB9348","Days",0.136968983309526
"Days308",-0.0334132422504582,0.00924511481964294,12,-3.61415113844402,0.00355246866824812,"k__Bacteria|p__Firmicutes|c__Clostridia|o__Clostridia_unclassified|f__Clostridia_unclassified|g__GGB4585","Days",0.155519183921084
"Days103",-0.0154673939198763,0.00523218341209712,56,-2.95620254521558,0.00455164922024348,"k__Bacteria|p__Firmicutes|c__Clostridia|o__Clostridiales|f__Peptococcaceae|g__Peptococcaceae_unclassified","Days",0.179334979277593
"Days27",-0.0180613259081742,0.00687557693868485,99,-2.62688150670727,0.00998695002347218,"k__Bacteria|p__Firmicutes|c__Clostridia|o__Clostridiales|f__Ruminococcaceae|g__Ruminococcus","Days",0.290118612507563
"Days100",0.0149597750010866,0.00557496338869803,55,2.6833853351242,0.00960842117384419,"k__Bacteria|p__Firmicutes|c__Clostridia|o__Clostridiales|f__Ruminococcaceae|g__GGB9621","Days",0.290118612507563
"Days187",-0.018504223324925,0.00679001223842711,45,-2.72521207255017,0.00912089132738595,"k__Bacteria|p__Firmicutes|c__Clostridia|o__Clostridia_unclassified|f__Clostridia_unclassified|g__GGB9758","Days",0.290118612507563
"Days233",-0.023913705594586,0.00867101243897959,27,-2.75789081873353,0.0103087831855479,"k__Bacteria|p__Actinobacteria|c__Actinobacteria|o__Bifidobacteriales|f__Bifidobacteriaceae|g__Alloscardovia","Days",0.290118612507563
"Days43",0.0111760287375784,0.00439155198573818,101,2.54489273356509,0.0124441432956821,"k__Bacteria|p__Firmicutes|c__Bacilli|o__Lactobacillales|f__Streptococcaceae|g__Streptococcus","Days",0.302400557070626
"Days81",-0.0265703811414107,0.00977191372002374,17,-2.71905605213901,0.0145827679805632,"k__Bacteria|p__Firmicutes|c__Clostridia|o__Clostridiales|f__Clostridiaceae|g__GGB9580","Days",0.302400557070626
"Days156",0.0101741698392529,0.00384357348250407,29,2.64706005636829,0.012988032564524,"k__Bacteria|p__Firmicutes|c__CFGB1217|o__OFGB1217|f__FGB1217|g__GGB2982","Days",0.302400557070626
"Days216",-0.021052700280381,0.00823692493614173,41,-2.55589318144767,0.014395127664367,"k__Bacteria|p__Firmicutes|c__CFGB2916|o__OFGB2916|f__FGB2916|g__GGB9237","Days",0.302400557070626
"Days286",0.0174023550701776,0.00686284318033818,53,2.53573549808552,0.0142056258367189,"k__Bacteria|p__Firmicutes|c__Clostridia|o__Clostridiales|f__Ruminococcaceae|g__Harryflintia","Days",0.302400557070626
"Days376",0.0520202754328712,0.0174629478885148,9,2.9788942717446,0.0154773329730411,"k__Bacteria|p__Bacteroidetes|c__Bacteroidia|o__Bacteroidales|f__Odoribacteraceae|g__Culturomica","Days",0.30490345956891
"Days13",0.0122646197755572,0.00506534260024803,74,2.4212813907112,0.0179174370674556,"k__Bacteria|p__Proteobacteria|c__Betaproteobacteria|o__Burkholderiales|f__Sutterellaceae|g__Sutterella","Days",0.336165247837025
"Days267",-0.0214251261401086,0.00894955662496338,55,-2.39398743847786,0.0201033920864844,"k__Bacteria|p__Firmicutes|c__Clostridia|o__Clostridiales|f__Clostridiales_Family_XIII_Incertae_Sedis|g__Mogibacterium","Days",0.360033476457948
"Days30",0.00835536126506664,0.00374272606584328,89,2.23242661046423,0.0280962878734681,"k__Bacteria|p__Firmicutes|c__Clostridia|o__Clostridiales|f__Ruminococcaceae|g__Agathobaculum","Days",0.381721980074014
"Days49",0.0100809411807022,0.00442844741581908,84,2.27640530283628,0.0253653198109296,"k__Bacteria|p__Actinobacteria|c__Coriobacteriia|o__Eggerthellales|f__Eggerthellaceae|g__Eggerthella","Days",0.381721980074014
"Days92",-0.0171317438037851,0.00760156758773794,64,-2.25371196217742,0.0276470639067311,"k__Bacteria|p__Firmicutes|c__Clostridia|o__Clostridiales|f__Ruminococcaceae|g__GGB9623","Days",0.381721980074014
"Days124",0.0234932785920904,0.00976141182384445,25,2.40675007017968,0.0238087399768214,"k__Bacteria|p__Firmicutes|c__Clostridia|o__Clostridia_unclassified|f__Clostridia_unclassified|g__Candidatus_Paralachnospira","Days",0.381721980074014
"Days196",-0.038033849637041,0.0159513796795235,21,-2.38436112744933,0.0266189893453594,"k__Bacteria|p__Firmicutes|c__Clostridia|o__Clostridia_unclassified|f__Clostridia_unclassified|g__GGB4569","Days",0.381721980074014
"Days226",0.0189184783972008,0.00815563248476287,45,2.31968255466957,0.0249531910949094,"k__Bacteria|p__Firmicutes|c__Clostridia|o__Clostridiales|f__Ruminococcaceae|g__GGB9627","Days",0.381721980074014
"Days302",-0.0298396942102059,0.0122525317901276,22,-2.43539006642277,0.0234374451478309,"k__Bacteria|p__Firmicutes|c__Clostridia|o__Clostridiales|f__Peptostreptococcaceae|g__Peptostreptococcus","Days",0.381721980074014
"Days97",-0.0112660846159135,0.00525018153953855,71,-2.14584667807577,0.0353051405205542,"k__Bacteria|p__Firmicutes|c__Clostridia|o__Clostridiales|f__Ruminococcaceae|g__GGB9694","Days",0.434694542659324
"Days113",0.0329466812458743,0.0149550853054985,31,2.20304201365945,0.0351528968370949,"k__Bacteria|p__Firmicutes|c__Clostridia|o__Clostridiales|f__Lachnospiraceae|g__GGB3678","Days",0.434694542659324
"Days181",-0.0175417881030558,0.0080989627221891,49,-2.16593021906321,0.0352106657542942,"k__Bacteria|p__Firmicutes|c__CFGB40382|o__OFGB40382|f__FGB40382|g__GGB45491","Days",0.434694542659324
"Days192",-0.0200366752995447,0.00952077950338885,58,-2.10452046415032,0.0396771275736496,"k__Bacteria|p__Firmicutes|c__Bacilli|o__Bacilli_unclassified|f__Bacilli_unclassified|g__Bacilli_unclassified","Days",0.473565023169414
"Days381",-0.0256265848607675,0.0115208798087568,16,-2.22436005636386,0.0408660172278175,"k__Bacteria|p__Firmicutes|c__Clostridia|o__Clostridiales|f__Ruminococcaceae|g__GGB9668","Days",0.473565023169414
"Days317",-0.019359262122571,0.00923306209625455,40,-2.09673258132036,0.0423865843195234,"k__Bacteria|p__Firmicutes|c__Erysipelotrichia|o__Erysipelotrichales|f__Erysipelotrichaceae|g__Solobacterium","Days",0.477151834911207
"Days138",0.018296392103926,0.00897658370203113,49,2.03823555945745,0.0469425099251406,"k__Bacteria|p__Firmicutes|c__Clostridia|o__Clostridia_unclassified|f__Clostridia_unclassified|g__Candidatus_Metaruminococcus","Days",0.513759691958483
"Days35",-0.00575739704189691,0.00291685752063631,101,-1.97383554087378,0.0511320255677034,"k__Bacteria|p__Firmicutes|c__Clostridia|o__Clostridia_unclassified|f__Clostridia_unclassified|g__Clostridia_unclassified","Days",0.538241858779276
"Days347",-0.0226653135638005,0.0112732883266721,36,-2.01053258880778,0.0519116513543464,"k__Bacteria|p__Firmicutes|c__Erysipelotrichia|o__Erysipelotrichales|f__Erysipelotrichaceae|g__Coprobacillus","Days",0.538241858779276
"Days77",-0.00869176234607062,0.00445576862516606,95,-1.95067632035016,0.0540424347101853,"k__Bacteria|p__Firmicutes|c__Clostridia|o__Clostridiales|f__Ruminococcaceae|g__Ruminococcaceae_unclassified","Days",0.542248143450208
"Days279",0.0212345446561176,0.0107365558834434,39,1.97777992185212,0.0550505729391075,"k__Bacteria|p__Firmicutes|c__Clostridia|o__Clostridia_unclassified|f__Clostridia_unclassified|g__GGB9537","Days",0.542248143450208
"Days204",0.0121859123765356,0.0062995870016751,56,1.9343986158609,0.0581224728266172,"k__Bacteria|p__Firmicutes|c__Negativicutes|o__Acidaminococcales|f__Acidaminococcaceae|g__Phascolarctobacterium","Days",0.558542787650907
"Days274",-0.016958216801384,0.00842412232940984,17,-2.01305443324112,0.0602232154318644,"k__Bacteria|p__Firmicutes|c__CFGB11371|o__OFGB11371|f__FGB11371|g__GGB33432","Days",0.564951116194156
"Days89",0.0104875351048647,0.00558329244810279,74,1.87837825124642,0.064268667157455,"k__Bacteria|p__Firmicutes|c__Clostridia|o__Clostridia_unclassified|f__Clostridia_unclassified|g__Candidatus_Avimicrobium","Days",0.588880345582262
"Days102",0.01365987202267,0.00736972515574327,91,1.85351172994896,0.0670491410440873,"k__Bacteria|p__Firmicutes|c__Clostridia|o__Clostridiales|f__Clostridiales_unclassified|g__Intestinimonas","Days",0.599041058601772
"Days178",0.00955354823777356,0.00515138113639286,47,1.85456055081632,0.0699388037961459,"k__Bacteria|p__Firmicutes|c__Clostridia|o__Clostridia_unclassified|f__Clostridia_unclassified|g__Candidatus_Alloruminococcus","Days",0.599041058601772
"Days235",-0.0271427931512913,0.0129152112433493,8,-2.10161433985593,0.068764623831942,"k__Bacteria|p__Firmicutes|c__Clostridia|o__Clostridiales|f__Ruminococcaceae|g__GGB9582","Days",0.599041058601772
"Days9",0.0072909985235509,0.00408313704268224,91,1.78563649648198,0.0774894420511383,"k__Bacteria|p__Firmicutes|c__Clostridia|o__Clostridiales|f__Lachnospiraceae|g__Dorea","Days",0.599601174771564
"Days20",0.0112917373737059,0.0062539943435768,95,1.80552407843207,0.0741600620743255,"k__Bacteria|p__Firmicutes|c__Clostridia|o__Clostridiales|f__Lachnospiraceae|g__Enterocloster","Days",0.599601174771564
"Days52",0.0102308886113752,0.0056675136992694,95,1.80518109955237,0.0742141203397188,"k__Bacteria|p__Firmicutes|c__Clostridia|o__Clostridiales|f__Lachnospiraceae|g__Faecalicatena","Days",0.599601174771564
"Days289",-0.0311918272357868,0.0156512982806951,9,-1.99292267493617,0.0774311000037766,"k__Bacteria|p__Firmicutes|c__Clostridia|o__Clostridiales|f__Lachnospiraceae|g__Marvinbryantia","Days",0.599601174771564
"Days303",-0.0331689114300873,0.0172882525982719,12,-1.91858091160716,0.0791351804267039,"k__Bacteria|p__Firmicutes|c__Clostridia|o__Clostridia_unclassified|f__Clostridia_unclassified|g__GGB4603","Days",0.599601174771564
"Days369",-0.0233731772339061,0.0123984657451411,15,-1.88516690003084,0.0789297813819147,"k__Bacteria|p__Firmicutes|c__CFGB1538|o__OFGB1538|f__FGB1538|g__GGB3892","Days",0.599601174771564
"Days14",0.00738523234560627,0.00435719658918992,89,1.69495045597181,0.0935811052360829,"k__Bacteria|p__Actinobacteria|c__Coriobacteriia|o__Coriobacteriales|f__Coriobacteriaceae|g__Collinsella","Days",0.599695555810048
"Days25",0.00661355561234666,0.00403329469435904,97,1.63974024055231,0.104298464216691,"k__Bacteria|p__Firmicutes|c__Clostridia|o__Clostridiales|f__Clostridiaceae|g__Clostridiaceae_unclassified","Days",0.599695555810048
"Days61",0.00687033141041265,0.00408308078551643,95,1.68263420963484,0.0957299505791853,"k__Bacteria|p__Firmicutes|c__Clostridia|o__Clostridiales|f__Oscillospiraceae|g__Dysosmobacter","Days",0.599695555810048
"Days79",-0.00864949714979699,0.0050887754739089,89,-1.69972072734287,0.0926760642560821,"k__Bacteria|p__Firmicutes|c__Clostridia|o__Clostridiales|f__Oscillospiraceae|g__Oscillibacter","Days",0.599695555810048
"Days84",-0.0109235419525834,0.00658019118748284,56,-1.66006452416804,0.102491681014839,"k__Bacteria|p__Firmicutes|c__Erysipelotrichia|o__Erysipelotrichales|f__Erysipelotrichaceae|g__Erysipelotrichaceae_unclassified","Days",0.599695555810048
"Days142",-0.0234596366494685,0.013681247420331,47,-1.71472936119892,0.0929824763391992,"k__Bacteria|p__Firmicutes|c__Bacilli|o__Lactobacillales|f__Enterococcaceae|g__Enterococcus","Days",0.599695555810048
"Days149",0.0118212742794142,0.00696903197674933,50,1.69625771826752,0.096055554896431,"k__Bacteria|p__Proteobacteria|c__Deltaproteobacteria|o__Desulfovibrionales|f__Desulfovibrionaceae|g__GGB9818","Days",0.599695555810048
"Days161",0.00688879569742209,0.00403665429938018,58,1.70656072740236,0.0932531596660757,"k__Bacteria|p__Firmicutes|c__Clostridia|o__Clostridiales|f__Ruminococcaceae|g__Phocea","Days",0.599695555810048
"Days168",0.0305396691136234,0.0165990625603544,14,1.83984300333713,0.0870879677422134,"k__Bacteria|p__Candidatus_Melainabacteria|c__Candidatus_Melainabacteria_unclassified|o__Candidatus_Gastranaerophilales|f__Candidatus_Gastranaerophilales_unclassified|g__GGB5980","Days",0.599695555810048
"Days175",0.0136709502700419,0.00801070768203334,53,1.70658458811368,0.0937528833208314,"k__Bacteria|p__Firmicutes|c__Clostridia|o__Clostridiales|f__Clostridiaceae|g__Lactonifactor","Days",0.599695555810048
"Days184",-0.00917066682506128,0.00540101398995901,20,-1.69795279962437,0.105022825763689,"k__Bacteria|p__Firmicutes|c__Clostridia|o__Clostridiales|f__Eubacteriaceae|g__Intestinibacillus","Days",0.599695555810048
"Days206",0.0166069501934844,0.00922453158674694,25,1.8003028161716,0.0838918171593899,"k__Bacteria|p__Firmicutes|c__Clostridia|o__Clostridiales|f__Clostridiaceae|g__Butyricicoccus","Days",0.599695555810048
"Days248",-0.0101336344069787,0.00599652029595502,31,-1.68991913757289,0.101077230337809,"k__Bacteria|p__Actinobacteria|c__Coriobacteriia|o__Eggerthellales|f__Eggerthellaceae|g__GGB9361","Days",0.599695555810048
"Days250",-0.0130245776351175,0.00771278537858406,27,-1.68869960666643,0.102795407549978,"k__Bacteria|p__Actinobacteria|c__Coriobacteriia|o__Coriobacteriales|f__Coriobacteriaceae|g__Enorma","Days",0.599695555810048
"Days275",-0.0153802726069361,0.00888739683219056,31,-1.73057115568735,0.0934729716517566,"k__Bacteria|p__Candidatus_Saccharibacteria|c__Candidatus_Saccharibacteria_unclassified|o__Candidatus_Saccharibacteria_unclassified|f__Candidatus_Saccharibacteria_unclassified|g__Candidatus_Saccharibacteria_unclassified","Days",0.599695555810048
"Days293",0.0182418792722578,0.0106451304406422,28,1.71363604926925,0.0976478711726034,"k__Bacteria|p__Firmicutes|c__Clostridia|o__Clostridiales|f__Clostridiaceae|g__GGB9574","Days",0.599695555810048
"Days370",0.00716607894505779,0.00369772538503658,7,1.93796948092913,0.0938150892765758,"k__Bacteria|p__Firmicutes|c__CFGB41366|o__OFGB41366|f__FGB41366|g__GGB45537","Days",0.599695555810048
"Days270",0.011604961334184,0.00697572360715852,27,1.66362115068249,0.107754067221598,"k__Bacteria|p__Actinobacteria|c__Actinobacteria|o__Actinomycetales|f__Actinomycetaceae|g__Pauljensenia","Days",0.606501464075853
"Days301",-0.0446119061297451,0.0248061777430429,8,-1.79841919185864,0.109818001125231,"k__Bacteria|p__Firmicutes|c__Bacilli|o__Bacilli_unclassified|f__Bacilli_unclassified|g__GGB4651","Days",0.60851420051966
"Days331",-0.0255451422675334,0.0150252179922018,14,-1.70015119120345,0.111200564561968,"k__Bacteria|p__Firmicutes|c__Clostridia|o__Clostridiales|f__Ruminococcaceae|g__GGB9622","Days",0.60851420051966
"Days223",-0.0269174663776717,0.0158802397082359,13,-1.69502897136444,0.113873857145511,"k__Bacteria|p__Bacteroidetes|c__Bacteroidia|o__Bacteroidales|f__Bacteroidales_unclassified|g__Bacteroidales_unclassified","Days",0.614606845415496
"Days310",-0.0308997506637641,0.017198963487717,7,-1.79660539926326,0.115456588666894,"k__Bacteria|p__Firmicutes|c__Negativicutes|o__Selenomonadales|f__Selenomonadaceae|g__Selenomonas","Days",0.61472832344265
"Days122",0.0194591740368807,0.0122344169013099,43,1.59052729638445,0.119042178114941,"k__Bacteria|p__Firmicutes|c__Clostridia|o__Clostridiales|f__Ruminococcaceae|g__Hydrogeniiclostidium","Days",0.625368242363822
"Days11",0.00489253411407339,0.00330095147425286,91,1.4821587509646,0.141752820180504,"k__Bacteria|p__Firmicutes|c__Clostridia|o__Clostridiales|f__Eubacteriaceae|g__Eubacterium","Days",0.627702953932196
"Days21",0.00808195013863444,0.0053320159272815,73,1.51574005945533,0.133903510640508,"k__Bacteria|p__Proteobacteria|c__Deltaproteobacteria|o__Desulfovibrionales|f__Desulfovibrionaceae|g__Bilophila","Days",0.627702953932196
"Days24",0.00899827838846364,0.00605497801534074,74,1.48609596362957,0.141501941276681,"k__Bacteria|p__Bacteroidetes|c__Bacteroidia|o__Bacteroidales|f__Barnesiellaceae|g__Coprobacter","Days",0.627702953932196
"Days38",-0.00599810490220404,0.00407837239170507,87,-1.47071045165063,0.144977078192462,"k__Bacteria|p__Firmicutes|c__Clostridia|o__Clostridiales|f__Lachnospiraceae|g__Coprococcus","Days",0.627702953932196
"Days98",0.00791516176399306,0.005126835628335,36,1.5438688379724,0.131366137691827,"k__Bacteria|p__Firmicutes|c__Clostridia|o__Clostridiales|f__Ruminococcaceae|g__GGB9501","Days",0.627702953932196
"Days114",0.00986392250790401,0.00665176523091974,83,1.48290298371522,0.141887439687604,"k__Bacteria|p__Firmicutes|c__Negativicutes|o__Veillonellales|f__Veillonellaceae|g__Veillonella","Days",0.627702953932196
"Days166",-0.00847862404335315,0.00547813853278551,48,-1.5477199038707,0.12825835405497,"k__Bacteria|p__Firmicutes|c__Clostridia|o__Clostridiales|f__Lachnospiraceae|g__Sellimonas","Days",0.627702953932196
"Days180",0.0130545510551933,0.00864727681762697,24,1.50967192684087,0.144181345543304,"k__Bacteria|p__Firmicutes|c__Clostridia|o__Clostridiales|f__Lachnospiraceae|g__Cuneatibacter","Days",0.627702953932196
"Days183",0.0184048851239185,0.0115729627311534,32,1.59033477869709,0.121591676366582,"k__Bacteria|p__Firmicutes|c__Clostridia|o__Clostridiales|f__Ruminococcaceae|g__Angelakisella","Days",0.627702953932196
"Days201",-0.0139191007243326,0.00885660076863361,36,-1.57160756005038,0.124790371011599,"k__Bacteria|p__Firmicutes|c__Clostridia|o__Clostridiales|f__Ruminococcaceae|g__GGB9602","Days",0.627702953932196
"Days278",-0.00746333330334609,0.00477194982400233,57,-1.564000791837,0.123352838746621,"k__Bacteria|p__Actinobacteria|c__Coriobacteriia|o__Eggerthellales|f__Eggerthellaceae|g__Adlercreutzia","Days",0.627702953932196
"Days292",-0.0146658805344591,0.00941619754630064,23,-1.55751623331447,0.133002538351994,"k__Bacteria|p__Bacteroidetes|c__CFGB602|o__OFGB602|f__FGB602|g__GGB1420","Days",0.627702953932196
"Days300",-0.0201585420872953,0.0131675481086264,32,-1.53092602517921,0.135614761409108,"k__Bacteria|p__Firmicutes|c__Clostridia|o__Clostridiales|f__Ruminococcaceae|g__Pseudoruminococcus","Days",0.627702953932196
"Days323",0.0206228786488301,0.0130938969485178,13,1.57499930921364,0.139270316021726,"k__Bacteria|p__Firmicutes|c__Tissierellia|o__Tissierellales|f__Peptoniphilaceae|g__Peptoniphilus","Days",0.627702953932196
"Days324",0.0129970366021458,0.00859207283836647,52,1.51267765609594,0.136415924748162,"k__Bacteria|p__Actinobacteria|c__Actinobacteria|o__Corynebacteriales|f__Corynebacteriaceae|g__Corynebacterium","Days",0.627702953932196
"Days328",-0.0127562910521254,0.00816444440775198,30,-1.56241997802246,0.128677644489771,"k__Bacteria|p__Firmicutes|c__CFGB9612|o__OFGB9612|f__FGB9612|g__GGB45495","Days",0.627702953932196
"Days139",-0.0103027433618602,0.00705179900743604,57,-1.4610092192072,0.14950377303996,"k__Archaea|p__Euryarchaeota|c__Methanobacteria|o__Methanobacteriales|f__Methanobacteriaceae|g__Methanobrevibacter","Days",0.635467663844901
"Days266",-0.0131712076371415,0.00903043123893971,59,-1.4585358427122,0.149996174460852,"k__Bacteria|p__Firmicutes|c__Bacilli|o__Lactobacillales|f__Lactobacillaceae|g__Latilactobacillus","Days",0.635467663844901
"Days96",0.0088047276129906,0.0061591249172972,53,1.42954197734544,0.158716871432776,"k__Bacteria|p__Firmicutes|c__Clostridia|o__Clostridiales|f__Lachnospiraceae|g__GGB3537","Days",0.638880855486565
"Days205",-0.0124327320616841,0.00861289479809874,31,-1.44350213872676,0.158909451364679,"k__Bacteria|p__Firmicutes|c__Clostridia|o__Clostridiales|f__Ruminococcaceae|g__GGB9677","Days",0.638880855486565
"Days256",0.0122285226091022,0.00845861816637973,43,1.44568797982945,0.15551419019435,"k__Bacteria|p__Firmicutes|c__Bacilli|o__Lactobacillales|f__Leuconostocaceae|g__Leuconostoc","Days",0.638880855486565
"Days337",-0.0172104604617437,0.0117598659772985,23,-1.46349120772015,0.156866563083881,"k__Bacteria|p__Bacteroidetes|c__Flavobacteriia|o__Flavobacteriales|f__Flavobacteriales_unclassified|g__GGB1662","Days",0.638880855486565
"Days391",-0.00723350560467614,0.00431855154032872,5,-1.67498420179224,0.154789135891011,"k__Bacteria|p__Firmicutes|c__Clostridia|o__Clostridia_unclassified|f__Clostridia_unclassified|g__GGB3278","Days",0.638880855486565
"Days53",0.0100015371860332,0.00709893889216769,93,1.40887776862933,0.162206076423783,"k__Bacteria|p__Firmicutes|c__Clostridia|o__Clostridiales|f__Lachnospiraceae|g__Lachnospira","Days",0.64554741526233
"Days23",0.0059471775220283,0.0042762831688658,91,1.39073519857799,0.167697320772924,"k__Bacteria|p__Firmicutes|c__Clostridia|o__Clostridiales|f__Lachnospiraceae|g__Lacrimispora","Days",0.66072744384532
"Days58",0.00708065054167241,0.00516587107906075,35,1.37065955253374,0.179207933388617,"k__Bacteria|p__Proteobacteria|c__Betaproteobacteria|o__Burkholderiales|f__Oxalobacteraceae|g__GGB6649","Days",0.666733673267722
"Days157",0.0104622135790536,0.00773552102383076,38,1.35248983834737,0.184212627222283,"k__Bacteria|p__Actinobacteria|c__CFGB9370|o__OFGB9370|f__FGB9370|g__GGB51959","Days",0.666733673267722
"Days172",0.00844418423103757,0.00622442902774744,68,1.35661989130165,0.179388938611999,"k__Bacteria|p__Firmicutes|c__Clostridia|o__Clostridia_unclassified|f__Clostridia_unclassified|g__Candidatus_Schneewindia","Days",0.666733673267722
"Days193",-0.0168575821031362,0.0123364002206943,24,-1.36649118069772,0.184451701487771,"k__Bacteria|p__Proteobacteria|c__Deltaproteobacteria|o__Desulfovibrionales|f__Desulfovibrionaceae|g__Desulfovibrionaceae_unclassified","Days",0.666733673267722
"Days203",-0.0113984203642012,0.00828790141530592,51,-1.37530839147662,0.175047216805263,"k__Bacteria|p__Firmicutes|c__Clostridia|o__Clostridiales|f__Clostridiales_Family_XIII_Incertae_Sedis|g__Clostridiales_Family_XIII_Incertae_Sedis_unclassified","Days",0.666733673267722
"Days208",-0.0197216518546277,0.0144064408380478,30,-1.36894685344782,0.181179228964562,"k__Bacteria|p__Firmicutes|c__Clostridia|o__Clostridia_unclassified|f__Clostridia_unclassified|g__GGB9347","Days",0.666733673267722
"Days320",-0.0160230566608088,0.0116027170086949,21,-1.38097452939698,0.181807476224126,"k__Bacteria|p__Firmicutes|c__Erysipelotrichia|o__Erysipelotrichales|f__Erysipelotrichaceae|g__Traorella","Days",0.666733673267722
"Days355",-0.0248467453142223,0.0173905314529569,11,-1.42875135135664,0.180851261978648,"k__Bacteria|p__Actinobacteria|c__CFGB25442|o__OFGB25442|f__FGB25442|g__GGB51960","Days",0.666733673267722
"Days373",0.0238368738386501,0.0168218052638277,13,1.41702233885129,0.179994022475971,"k__Bacteria|p__Actinobacteria|c__Actinobacteria|o__Micrococcales|f__Microbacteriaceae|g__Microbacterium","Days",0.666733673267722
"Days48",-0.00526641166577083,0.00404863255445953,100,-1.30078775856553,0.196320635055257,"k__Bacteria|p__Actinobacteria|c__Actinobacteria|o__Bifidobacteriales|f__Bifidobacteriaceae|g__Bifidobacterium","Days",0.666813191480786
"Days59",-0.00650795742304806,0.00496046190336853,95,-1.31196601240474,0.192693045815083,"k__Bacteria|p__Firmicutes|c__Erysipelotrichia|o__Erysipelotrichales|f__Erysipelotrichaceae|g__Erysipelatoclostridium","Days",0.666813191480786
"Days154",0.0128980674283917,0.00945002243563917,19,1.36487161974863,0.188239639150797,"k__Bacteria|p__Proteobacteria|c__Alphaproteobacteria|o__Alphaproteobacteria_unclassified|f__Alphaproteobacteria_unclassified|g__GGB6613","Days",0.666813191480786
"Days313",-0.00885426210435577,0.00673776486689077,50,-1.31412453228598,0.194801444117176,"k__Bacteria|p__Firmicutes|c__CFGB2882|o__OFGB2882|f__FGB2882|g__GGB9186","Days",0.666813191480786
"Days362",0.0167326629053905,0.012163934962324,13,1.3755962159628,0.19218623660466,"k__Bacteria|p__Firmicutes|c__Clostridia|o__Clostridia_unclassified|f__Clostridia_unclassified|g__Candidatus_Protoclostridium","Days",0.666813191480786
"Days375",-0.0167764584768683,0.0123112471601422,16,-1.36269366203469,0.191852564533731,"k__Bacteria|p__Firmicutes|c__Clostridia|o__Clostridiales|f__Lachnospiraceae|g__Butyrivibrio","Days",0.666813191480786
"Days382",0.0205755645307337,0.0148379290882472,11,1.38668707798524,0.192996395101871,"k__Bacteria|p__Firmicutes|c__Clostridia|o__Clostridia_unclassified|f__Clostridia_unclassified|g__GGB9086","Days",0.666813191480786
"Days36",-0.0127979600879442,0.00989181230730113,45,-1.29379325955245,0.202338225255075,"k__Bacteria|p__Firmicutes|c__Clostridia|o__Clostridiales|f__Ruminococcaceae|g__GGB9644","Days",0.669958588437785
"Days305",-0.00708802130884921,0.00543954589584284,35,-1.30305386599757,0.201064234292768,"k__Bacteria|p__Actinobacteria|c__Coriobacteriia|o__Coriobacteriia_unclassified|f__Coriobacteriia_unclassified|g__Coriobacteriia_unclassified","Days",0.669958588437785
"Days344",0.0175012237130334,0.0134272076776973,30,1.3034149864311,0.202347898538316,"k__Bacteria|p__Firmicutes|c__Bacilli|o__Lactobacillales|f__Lactobacillaceae|g__Ligilactobacillus","Days",0.669958588437785
"Days45",-0.00819317812220792,0.00648074021342811,24,-1.26423492570056,0.218286404526331,"k__Bacteria|p__Firmicutes|c__CFGB12277|o__OFGB12277|f__FGB12277|g__GGB35068","Days",0.672384335798416
"Days108",0.0155725619162653,0.0119974802558142,13,1.29798604242074,0.216849592078626,"k__Bacteria|p__Firmicutes|c__CFGB3606|o__OFGB3606|f__FGB3606|g__GGB42689","Days",0.672384335798416
"Days123",0.00841846483073968,0.00662169287076494,34,1.27134631506507,0.212234307979981,"k__Bacteria|p__Firmicutes|c__Clostridia|o__Clostridiales|f__Lachnospiraceae|g__Catenibacillus","Days",0.672384335798416
"Days125",0.00773893233836539,0.00617539737004632,47,1.25318775046007,0.216336118663959,"k__Bacteria|p__Firmicutes|c__CFGB1434|o__OFGB1434|f__FGB1434|g__GGB3510","Days",0.672384335798416
"Days146",0.00757232599753434,0.00612605257917866,67,1.2360857011367,0.220742777882714,"k__Bacteria|p__Bacteroidetes|c__Bacteroidia|o__Bacteroidales|f__Odoribacteraceae|g__Butyricimonas","Days",0.672384335798416
"Days159",0.00426413505596615,0.00347369219390197,73,1.22755121005016,0.223559258856834,"k__Bacteria|p__Firmicutes|c__Erysipelotrichia|o__Erysipelotrichales|f__Erysipelotrichaceae|g__Holdemania","Days",0.672384335798416
"Days195",0.0120175274862467,0.00867056924311362,7,1.38601366868633,0.208288094858289,"k__Bacteria|p__Firmicutes|c__Clostridia|o__Clostridiales|f__Lachnospiraceae|g__GGB3733","Days",0.672384335798416
"Days227",0.0143996788593347,0.0107570830545319,7,1.33862300647277,0.222533447792896,"k__Bacteria|p__Verrucomicrobia|c__CFGB6128|o__OFGB6128|f__FGB6128|g__GGB52930","Days",0.672384335798416
"Days245",-0.00857556194232111,0.00680893414518925,26,-1.2594573187905,0.219054630057264,"k__Bacteria|p__Firmicutes|c__CFGB24517|o__OFGB24517|f__FGB24517|g__GGB45620","Days",0.672384335798416
"Days268",-0.00762170608563976,0.006132627677923,41,-1.2428124591808,0.220997852943489,"k__Bacteria|p__Actinobacteria|c__Coriobacteriia|o__Coriobacteriales|f__Atopobiaceae|g__Lancefieldella","Days",0.672384335798416
"Days276",0.0164302409334558,0.0125946402703646,23,1.30454229583011,0.204952237786463,"k__Bacteria|p__Bacteroidetes|c__Bacteroidia|o__Bacteroidales|f__Prevotellaceae|g__GGB1266","Days",0.672384335798416
"Days379",0.0165059301802232,0.0127663155814541,17,1.29292825912918,0.213331727050639,"k__Bacteria|p__Synergistetes|c__Synergistia|o__Synergistales|f__Synergistaceae|g__Cloacibacillus","Days",0.672384335798416
"Days72",-0.00801681515263473,0.00662576946264244,67,-1.20994477665354,0.230551751620096,"k__Bacteria|p__Firmicutes|c__Clostridia|o__Clostridiales|f__Peptostreptococcaceae|g__Romboutsia","Days",0.673134281767738
"Days85",-0.00925370139723093,0.00758138936049775,34,-1.22058120975116,0.230642456950875,"k__Bacteria|p__Firmicutes|c__Clostridia|o__Clostridiales|f__Lachnospiraceae|g__GGB3463","Days",0.673134281767738
"Days137",0.017494874425224,0.0134632578760067,9,1.29945326653828,0.226085905901187,"k__Bacteria|p__Firmicutes|c__Clostridia|o__Clostridia_unclassified|f__Clostridia_unclassified|g__Candidatus_Howiella","Days",0.673134281767738
"Days350",-0.0162260254037735,0.0128050777818677,12,-1.26715555189754,0.229139551549537,"k__Bacteria|p__Firmicutes|c__Clostridia|o__Clostridia_unclassified|f__Clostridia_unclassified|g__GGB9532","Days",0.673134281767738
"Days10",0.0045010139210033,0.00375205063344956,93,1.19961438709721,0.233336421544401,"k__Bacteria|p__Bacteroidetes|c__Bacteroidia|o__Bacteroidales|f__Tannerellaceae|g__Parabacteroides","Days",0.675989338885986
"Days342",0.0161740398917124,0.012948334276917,11,1.24912128045272,0.23754827224211,"k__Bacteria|p__Firmicutes|c__Bacilli|o__Lactobacillales|f__Aerococcaceae|g__Abiotrophia","Days",0.683168023820376
"Days272",0.0151876307611273,0.0127969088900423,55,1.18682026195757,0.240399613592675,"k__Bacteria|p__Firmicutes|c__Bacilli|o__Lactobacillales|f__Lactobacillaceae|g__Lacticaseibacillus","Days",0.686358317068942
"Days247",0.01102304934441,0.0091812567238179,20,1.20060354219419,0.243932509328412,"k__Bacteria|p__Firmicutes|c__Clostridia|o__Clostridia_unclassified|f__Clostridia_unclassified|g__Candidatus_Heritagella","Days",0.691434594787009
"Days46",0.00619496946527143,0.0054711152495807,101,1.13230469157933,0.260187399012836,"k__Bacteria|p__Firmicutes|c__Clostridia|o__Clostridiales|f__Ruminococcaceae|g__Flavonifractor","Days",0.692661048723361
"Days78",-0.012664870829829,0.0104993909503379,13,-1.20624814236691,0.249216189226645,"k__Bacteria|p__Firmicutes|c__Clostridia|o__Clostridiales|f__Ruminococcaceae|g__Fournierella","Days",0.692661048723361
"Days162",0.00696376971828795,0.00608138777567585,83,1.14509549056244,0.25546080006253,"k__Bacteria|p__Firmicutes|c__Clostridia|o__Clostridiales|f__Clostridiaceae|g__Hungatella","Days",0.692661048723361
"Days164",0.00460776779999172,0.00401398563261226,84,1.1479283240466,0.254256896030296,"k__Bacteria|p__Firmicutes|c__Clostridia|o__Clostridiales|f__Ruminococcaceae|g__Bittarella","Days",0.692661048723361
"Days182",-0.00842169544597127,0.00720959922570551,16,-1.1681225519366,0.259869272789847,"k__Bacteria|p__Firmicutes|c__CFGB42358|o__OFGB42358|f__FGB42358|g__GGB51510","Days",0.692661048723361
"Days221",0.00611043031388119,0.00532060062708268,37,1.14844746714838,0.258154702552221,"k__Bacteria|p__Firmicutes|c__Clostridia|o__Clostridia_unclassified|f__Clostridia_unclassified|g__GGB2977","Days",0.692661048723361
"Days265",-0.0217623731144019,0.0184032371368843,13,-1.18252962522474,0.258172984702463,"k__Bacteria|p__Firmicutes|c__CFGB4549|o__OFGB4549|f__FGB4549|g__GGB55957","Days",0.692661048723361
"Days284",0.00806289606415891,0.00676799023003381,11,1.19132797035947,0.258595773671469,"k__Bacteria|p__Firmicutes|c__CFGB3048|o__OFGB3048|f__FGB3048|g__GGB9561","Days",0.692661048723361
"Days341",0.0216389045024388,0.018046928241652,10,1.19903532682624,0.258154710072279,"k__Bacteria|p__Firmicutes|c__Negativicutes|o__Acidaminococcales|f__Acidaminococcaceae|g__Acidaminococcus","Days",0.692661048723361
"Days262",-0.0202029800455983,0.01703618529464,10,-1.18588637633301,0.263079859855765,"k__Bacteria|p__Proteobacteria|c__Gammaproteobacteria|o__Enterobacterales|f__Enterobacteriaceae|g__Citrobacter","Days",0.695660837470949
"Days62",0.0051718984717778,0.00461567327383557,65,1.12050792266759,0.266620389946447,"k__Bacteria|p__Proteobacteria|c__Betaproteobacteria|o__Burkholderiales|f__Sutterellaceae|g__Parasutterella","Days",0.700322890926
"Days214",-0.00608053851451431,0.00540555747551239,32,-1.12486797930826,0.269011894215739,"k__Bacteria|p__Firmicutes|c__Clostridia|o__Clostridia_unclassified|f__Clostridia_unclassified|g__GGB9551","Days",0.701925074973517
"Days213",0.0161042928633213,0.0143214531680308,21,1.12448734596781,0.273495882839144,"k__Bacteria|p__Proteobacteria|c__Alphaproteobacteria|o__Alphaproteobacteria_unclassified|f__Alphaproteobacteria_unclassified|g__GGB6612","Days",0.70893011735936
"Days365",0.00825141872126884,0.00748706523329857,36,1.10208986620964,0.27773632686519,"k__Bacteria|p__Actinobacteria|c__Actinobacteria|o__Bifidobacteriales|f__Bifidobacteriaceae|g__Scardovia","Days",0.714915460920562
"Days372",-0.0115471267045081,0.0101498448748517,11,-1.13766533842488,0.279433961882656,"k__Bacteria|p__Firmicutes|c__Clostridia|o__Clostridia_unclassified|f__Clostridia_unclassified|g__Candidatus_Alloscillospira","Days",0.714915460920562
"Days67",0.00770404381715062,0.0071923925592954,76,1.07113783815845,0.287497287580854,"k__Bacteria|p__Firmicutes|c__Bacilli|o__Lactobacillales|f__Lactobacillaceae|g__Lactobacillus","Days",0.722548106849614
"Days163",-0.00715198596300006,0.00659127653872526,34,-1.08506841140415,0.28552542997487,"k__Bacteria|p__Firmicutes|c__Clostridia|o__Candidatus_Borkfalkiales|f__Candidatus_Borkfalkiaceae|g__Candidatus_Borkfalkia","Days",0.722548106849614
"Days174",0.00472027817212,0.00440237678704578,60,1.07221130776667,0.287918915673577,"k__Bacteria|p__Firmicutes|c__Clostridia|o__Clostridiales|f__Oscillospiraceae|g__Oscillospiraceae_unclassified","Days",0.722548106849614
"Days76",-0.00876482789312022,0.00821917166406804,42,-1.06638822637537,0.29234002736197,"k__Bacteria|p__Firmicutes|c__Clostridia|o__Clostridiales|f__Lachnospiraceae|g__Merdimonas","Days",0.723526303878848
"Days336",-0.00760646641554449,0.00704014515611029,21,-1.08044170210648,0.292198241682188,"k__Bacteria|p__Firmicutes|c__Clostridia|o__Clostridia_unclassified|f__Clostridia_unclassified|g__Candidatus_Geddesella","Days",0.723526303878848
"Days348",-0.0129696751572945,0.01210492131274,26,-1.07143820452963,0.293817788377197,"k__Bacteria|p__Firmicutes|c__Clostridia|o__Clostridiales|f__Ruminococcaceae|g__Neobittarella","Days",0.723526303878848
"Days357",-0.0128891566041509,0.0118724041004336,14,-1.08563998454873,0.29597883825323,"k__Bacteria|p__Firmicutes|c__CFGB9736|o__OFGB9736|f__FGB9736|g__GGB45599","Days",0.724320883675605
"Days",0.00370469165499179,0.00359725459101311,101,1.02986640541014,0.305532685053473,"k__Bacteria|p__Bacteroidetes|c__Bacteroidia|o__Bacteroidales|f__Bacteroidaceae|g__Bacteroides","Days",0.729575017642839
"Days75",-0.006981155927228,0.00674153625384813,58,-1.03554377880014,0.304713395668535,"k__Bacteria|p__Firmicutes|c__Erysipelotrichia|o__Erysipelotrichales|f__Erysipelotrichaceae|g__GGB3034","Days",0.729575017642839
"Days160",0.0052729959144097,0.00505418480834665,77,1.04329305602393,0.300077057675893,"k__Bacteria|p__Firmicutes|c__Clostridia|o__Clostridiales|f__Ruminococcaceae|g__Massilimaliae","Days",0.729575017642839
"Days211",-0.00849518198426421,0.00762417134025888,7,-1.11424331971739,0.301964626032024,"k__Bacteria|p__Bacteroidetes|c__Bacteroidia|o__Bacteroidales|f__Tannerellaceae|g__GGB1407","Days",0.729575017642839
"Days116",-0.00984785479702283,0.00993965696509022,23,-0.990764050671988,0.33211024124023,"k__Bacteria|p__Firmicutes|c__CFGB14246|o__OFGB14246|f__FGB14246|g__GGB38987","Days",0.732953915841965
"Days135",0.00876353344236442,0.00863967395594519,12,1.01433612970244,0.330438181747447,"k__Bacteria|p__Firmicutes|c__Tissierellia|o__Tissierellales|f__Peptoniphilaceae|g__Finegoldia","Days",0.732953915841965
"Days143",0.00675796839990981,0.00678173816744867,77,0.996495033138709,0.322130957230358,"k__Bacteria|p__Firmicutes|c__Clostridia|o__Clostridiales|f__Lachnospiraceae|g__Eisenbergiella","Days",0.732953915841965
"Days170",-0.00477303149153741,0.00472707031925048,66,-1.00972297198537,0.316315582466205,"k__Bacteria|p__Firmicutes|c__Clostridia|o__Clostridiales|f__Clostridiaceae|g__Massilioclostridium","Days",0.732953915841965
"Days207",0.00965674573289182,0.00962979048546529,14,1.00279915201345,0.332976116859935,"k__Bacteria|p__Proteobacteria|c__Betaproteobacteria|o__Burkholderiales|f__Sutterellaceae|g__Duodenibacillus","Days",0.732953915841965
"Days217",-0.00553196051673857,0.00544736143193634,33,-1.01553028670105,0.317241295920409,"k__Bacteria|p__Firmicutes|c__Clostridia|o__Clostridiales|f__Ruminococcaceae|g__GGB9712","Days",0.732953915841965
"Days229",-0.00471244086157533,0.00482560050642936,56,-0.976550142370207,0.332991753643939,"k__Bacteria|p__Firmicutes|c__Clostridia|o__Clostridia_unclassified|f__Clostridia_unclassified|g__GGB9522","Days",0.732953915841965
"Days258",0.0106759919056828,0.0108383466726441,46,0.985020338261449,0.329766962133951,"k__Bacteria|p__Firmicutes|c__Clostridia|o__Clostridiales|f__Peptostreptococcaceae|g__GGB4456","Days",0.732953915841965
"Days261",0.0115487981514483,0.0114054111013319,66,1.01257184408721,0.314962524032708,"k__Bacteria|p__Firmicutes|c__Bacilli|o__Lactobacillales|f__Streptococcaceae|g__Lactococcus","Days",0.732953915841965
"Days316",-0.0183416159560428,0.0176595476658685,9,-1.03862320276145,0.326077716333125,"k__Bacteria|p__Firmicutes|c__Clostridia|o__Clostridia_unclassified|f__Clostridia_unclassified|g__GGB4588","Days",0.732953915841965
"Days334",0.0110846924982733,0.0105102625610136,10,1.05465419478582,0.316398140496271,"k__Bacteria|p__Firmicutes|c__Clostridia|o__Clostridiales|f__Ruminococcaceae|g__GGB58485","Days",0.732953915841965
"Days335",0.0119682366904793,0.0116159740186844,9,1.03032571106205,0.329749554452979,"k__Bacteria|p__Firmicutes|c__Clostridia|o__Clostridia_unclassified|f__Clostridia_unclassified|g__Candidatus_Neochristensenella","Days",0.732953915841965
"Days346",0.00987975685938868,0.00968874835273037,21,1.01971446668903,0.319468537675903,"k__Bacteria|p__Actinobacteria|c__Actinobacteria|o__Bifidobacteriales|f__Bifidobacteriaceae|g__Parascardovia","Days",0.732953915841965
"Days392",-0.0162017700417131,0.0161272713614162,15,-1.0046194225066,0.331012088449532,"k__Bacteria|p__Actinobacteria|c__Actinobacteria|o__Bifidobacteriales|f__Bifidobacteriaceae|g__Gardnerella","Days",0.732953915841965
"Days319",-0.0102465487998798,0.0101088433162323,9,-1.01362227896305,0.33723630971608,"k__Bacteria|p__Firmicutes|c__Clostridia|o__Clostridiales|f__Lachnospiraceae|g__Extibacter","Days",0.738172811267419
"Days88",-0.00457047119242195,0.00477756503624392,92,-0.956652846742871,0.341249650178121,"k__Bacteria|p__Actinobacteria|c__Actinobacteria|o__Actinomycetales|f__Actinomycetaceae|g__Actinomyces","Days",0.742830730221987
"Days65",-0.0105491683489382,0.0110361950747097,43,-0.955870051002668,0.344481222506069,"k__Bacteria|p__Proteobacteria|c__Gammaproteobacteria|o__Enterobacterales|f__Enterobacteriaceae|g__Klebsiella","Days",0.745745064106545
"Days39",-0.00788848336710896,0.00893290954707928,46,-0.883081075156323,0.381784383540698,"k__Bacteria|p__Actinobacteria|c__Coriobacteriia|o__Eggerthellales|f__Eggerthellaceae|g__Slackia","Days",0.746537957675768
"Days80",0.0072757836120048,0.00827123056157011,57,0.879649473901699,0.382742810788084,"k__Bacteria|p__Firmicutes|c__Bacilli|o__Lactobacillales|f__Lactobacillaceae|g__Limosilactobacillus","Days",0.746537957675768
"Days111",0.0102557268140514,0.0112463230020883,28,0.911918216482584,0.369596738900879,"k__Bacteria|p__Firmicutes|c__Clostridia|o__Clostridia_unclassified|f__Clostridia_unclassified|g__Candidatus_Neoruminococcus","Days",0.746537957675768
"Days120",0.00793214682004927,0.00881657332552512,60,0.899685912789346,0.371884185144747,"k__Bacteria|p__Proteobacteria|c__Gammaproteobacteria|o__Pasteurellales|f__Pasteurellaceae|g__Haemophilus","Days",0.746537957675768
"Days121",-0.0147445477176816,0.0160186785947323,19,-0.920459676526023,0.36887237805222,"k__Bacteria|p__Firmicutes|c__Clostridia|o__Clostridiales|f__Clostridiaceae|g__GGB4482","Days",0.746537957675768
"Days129",-0.00367693164356696,0.004013722249548,93,-0.916090206286953,0.361988967001589,"k__Bacteria|p__Firmicutes|c__Clostridia|o__Clostridiales|f__Ruminococcaceae|g__Ruthenibacterium","Days",0.746537957675768
"Days202",-0.0100658971359214,0.011239902037211,49,-0.895550255028648,0.374871448773665,"k__Bacteria|p__Firmicutes|c__Clostridia|o__Clostridia_unclassified|f__Clostridia_unclassified|g__GGB9342","Days",0.746537957675768
"Days218",0.0111988070923913,0.0119531712958605,24,0.936890036560388,0.358147997929477,"k__Bacteria|p__Firmicutes|c__Clostridia|o__Clostridiales|f__Ruminococcaceae|g__GGB9618","Days",0.746537957675768
"Days224",-0.00551284091567796,0.00617130294093667,45,-0.893302592408668,0.376447779663953,"k__Bacteria|p__Firmicutes|c__Clostridia|o__Clostridiales|f__Ruminococcaceae|g__GGB9707","Days",0.746537957675768
"Days240",-0.00947180764517429,0.0104749332283806,42,-0.904235610735113,0.371028110210805,"k__Bacteria|p__Firmicutes|c__Erysipelotrichia|o__Erysipelotrichales|f__Erysipelotrichaceae|g__Turicibacter","Days",0.746537957675768
"Days242",0.00863294473473366,0.00938839109263139,18,0.919533991453482,0.369975530698186,"k__Bacteria|p__Firmicutes|c__CFGB2950|o__OFGB2950|f__FGB2950|g__GGB9291","Days",0.746537957675768
"Days259",0.00570550322692737,0.0061521798034301,63,0.927395396302675,0.357260687443627,"k__Bacteria|p__Actinobacteria|c__Actinobacteria|o__Micrococcales|f__Micrococcaceae|g__Rothia","Days",0.746537957675768
"Days263",-0.0115274882246729,0.0123619122558687,11,-0.932500408195371,0.371093879936709,"k__Bacteria|p__Firmicutes|c__Bacilli|o__Lactobacillales|f__Lactobacillaceae|g__Lactiplantibacillus","Days",0.746537957675768
"Days273",0.00918977679434067,0.0100669601306038,40,0.912865122650431,0.366783004012046,"k__Bacteria|p__Actinobacteria|c__Actinobacteria|o__Propionibacteriales|f__Propionibacteriaceae|g__Propionibacterium","Days",0.746537957675768
"Days297",0.00449396269626102,0.00508726471041175,55,0.883375045741877,0.38087874139462,"k__Bacteria|p__Bacteroidetes|c__Bacteroidia|o__Marinilabiliales|f__Marinilabiliaceae|g__GGB58233","Days",0.746537957675768
"Days299",0.0145590048214148,0.015377417300994,11,0.946778287695533,0.364086370874163,"k__Bacteria|p__Firmicutes|c__Clostridia|o__Clostridiales|f__Ruminococcaceae|g__GGB9696","Days",0.746537957675768
"Days311",-0.00904293207790494,0.0099926637284481,31,-0.904957108899865,0.372467876402442,"k__Bacteria|p__Proteobacteria|c__Epsilonproteobacteria|o__Campylobacterales|f__Campylobacteraceae|g__Campylobacter","Days",0.746537957675768
"Days315",0.0107012858906633,0.0114399066870619,30,0.93543471842878,0.357033626677577,"k__Bacteria|p__Firmicutes|c__Clostridia|o__Clostridia_unclassified|f__Clostridia_unclassified|g__Candidatus_Heteroscilispira","Days",0.746537957675768
"Days345",0.0112526807808269,0.0123497586546383,11,0.911166047491997,0.381741634181316,"k__Bacteria|p__Actinobacteria|c__Actinobacteria|o__Actinomycetales|f__Actinomycetaceae|g__Schaalia","Days",0.746537957675768
"Days363",-0.0097783278597122,0.0104715523066451,17,-0.933799266180141,0.363482244927263,"k__Bacteria|p__Firmicutes|c__Clostridia|o__Clostridia_unclassified|f__Clostridia_unclassified|g__Candidatus_Heteroruminococcus","Days",0.746537957675768
"Days12",-0.00998719137625556,0.0112695333715557,14,-0.886211615599206,0.39047252323097,"k__Bacteria|p__Planctomycetes|c__Planctomycetia|o__Pirellulales|f__Pirellulaceae|g__GGB6601","Days",0.750609158161556
"Days144",-0.00534207517768711,0.00626750791573387,91,-0.852344384643924,0.396260672328943,"k__Bacteria|p__Firmicutes|c__Clostridia|o__Clostridiales|f__Ruminococcaceae|g__Candidatus_Cibiobacter","Days",0.750609158161556
"Days237",0.00553357029615184,0.00639347319844731,35,0.865503009771855,0.39265683546102,"k__Bacteria|p__Firmicutes|c__Clostridia|o__Clostridiales|f__Ruminococcaceae|g__GGB9640","Days",0.750609158161556
"Days283",0.00444884077428197,0.00519558861704089,60,0.856272715605373,0.395253831483401,"k__Bacteria|p__Firmicutes|c__Clostridia|o__Clostridiales|f__Ruminococcaceae|g__GGB9646","Days",0.750609158161556
"Days287",0.00857929414225054,0.00972489740042792,16,0.882198936296544,0.390730784152756,"k__Bacteria|p__Firmicutes|c__Bacilli|o__Bacillales|f__Staphylococcaceae|g__Staphylococcus","Days",0.750609158161556
"Days354",-0.0154089906006923,0.0173919172881109,11,-0.885985733799798,0.394581656065872,"k__Bacteria|p__Firmicutes|c__Clostridia|o__Clostridiales|f__Peptostreptococcaceae|g__Terrisporobacter","Days",0.750609158161556
"Days291",0.00644000299752888,0.00756728396822801,42,0.851032289070672,0.399577535705537,"k__Bacteria|p__Firmicutes|c__Clostridia|o__Clostridiales|f__Catabacteriaceae|g__Catabacter","Days",0.753270569703261
"Days191",-0.00641729728718863,0.00762710052831023,49,-0.84138097608245,0.404222076545835,"k__Bacteria|p__Firmicutes|c__Clostridia|o__Clostridiales|f__Ruminococcaceae|g__GGB9635","Days",0.758397610281233
"Days104",0.00447558962631874,0.00531264231204987,24,0.842441362213946,0.407858162242459,"k__Bacteria|p__Firmicutes|c__Clostridia|o__Clostridiales|f__Ruminococcaceae|g__Negativibacillus","Days",0.760685754522868
"Days351",0.0157242687295331,0.0181702987514796,9,0.865383059717312,0.409302994819411,"k__Bacteria|p__Proteobacteria|c__Alphaproteobacteria|o__Alphaproteobacteria_unclassified|f__Alphaproteobacteria_unclassified|g__Alphaproteobacteria_unclassified","Days",0.760685754522868
"Days16",-0.00392695120495551,0.00488915645141489,89,-0.803196061320367,0.424001294155151,"k__Bacteria|p__Firmicutes|c__Clostridia|o__Clostridiales|f__Ruminococcaceae|g__Gemmiger","Days",0.780637896715559
"Days94",-0.00406549072412053,0.00504254495517484,71,-0.80623787398234,0.422797985502786,"k__Bacteria|p__Actinobacteria|c__Coriobacteriia|o__Eggerthellales|f__Eggerthellaceae|g__Gordonibacter","Days",0.780637896715559
"Days8",0.00385902639621932,0.00490199542194105,89,0.787235822160613,0.433235275290905,"k__Bacteria|p__Firmicutes|c__Clostridia|o__Clostridiales|f__Lachnospiraceae|g__Anaerobutyricum","Days",0.787194894828372
"Days126",0.00972243533130398,0.0125026020470269,27,0.777632951503562,0.443546362060656,"k__Bacteria|p__Firmicutes|c__CFGB1872|o__OFGB1872|f__FGB1872|g__GGB4964","Days",0.787194894828372
"Days147",0.0131601097636587,0.0168056963102205,30,0.783074352929688,0.439721804738103,"k__Bacteria|p__Proteobacteria|c__Alphaproteobacteria|o__Alphaproteobacteria_unclassified|f__Alphaproteobacteria_unclassified|g__GGB6606","Days",0.787194894828372
"Days148",-0.00722763931548418,0.00933205673690015,47,-0.774495860800457,0.442516525259127,"k__Bacteria|p__Firmicutes|c__Clostridia|o__Clostridiales|f__Ruminococcaceae|g__GGB9631","Days",0.787194894828372
"Days236",-0.00441705864112487,0.00567818347560027,62,-0.777899949888097,0.439586468279367,"k__Bacteria|p__Firmicutes|c__Clostridia|o__Clostridiales|f__Ruminococcaceae|g__GGB9730","Days",0.787194894828372
"Days295",0.0105068446741766,0.013483115031212,28,0.779259440407823,0.442363803402103,"k__Bacteria|p__Firmicutes|c__Bacilli|o__Lactobacillales|f__Enterococcaceae|g__GGB33516","Days",0.787194894828372
"Days384",-0.0118736635742319,0.0146874201842344,8,-0.808424040797661,0.442221474559398,"k__Bacteria|p__Firmicutes|c__Negativicutes|o__Acidaminococcales|f__Acidaminococcaceae|g__Acidaminococcaceae_unclassified","Days",0.787194894828372
"Days386",0.0124247191910488,0.0150728843662493,8,0.824309328536336,0.433650784803291,"k__Bacteria|p__Firmicutes|c__Tissierellia|o__Tissierellales|f__Peptoniphilaceae|g__Anaerococcus","Days",0.787194894828372
"Days37",-0.0100746797909921,0.0133805960709591,39,-0.75293206203705,0.456011893820379,"k__Bacteria|p__Fusobacteria|c__Fusobacteriia|o__Fusobacteriales|f__Fusobacteriaceae|g__Fusobacterium","Days",0.797915041381346
"Days69",-0.00783937962728556,0.010620362525761,23,-0.738146142212208,0.467891032369736,"k__Bacteria|p__Firmicutes|c__Clostridia|o__Clostridiales|f__Ruminococcaceae|g__GGB9452","Days",0.797915041381346
"Days71",-0.00556671766787917,0.00769088756738436,63,-0.723806923336988,0.471863463558004,"k__Bacteria|p__Firmicutes|c__Clostridia|o__Clostridiales|f__Ruminococcaceae|g__Pseudoflavonifractor","Days",0.797915041381346
"Days83",-0.00500505244083609,0.00662203923449118,78,-0.755817394552279,0.452035228753733,"k__Bacteria|p__Firmicutes|c__Clostridia|o__Clostridiales|f__Ruminococcaceae|g__Anaeromassilibacillus","Days",0.797915041381346
"Days87",0.00450057012990132,0.00613425095295552,89,0.733678841054411,0.465072826240271,"k__Bacteria|p__Firmicutes|c__Clostridia|o__Clostridiales|f__Lachnospiraceae|g__Lachnoclostridium","Days",0.797915041381346
"Days140",0.00590315694217777,0.00807472845754031,40,0.73106569133793,0.469000096351637,"k__Bacteria|p__Firmicutes|c__Clostridia|o__Clostridiales|f__Ruminococcaceae|g__GGB9512","Days",0.797915041381346
"Days209",0.00821654978238669,0.010934639346158,14,0.751423940221097,0.46484258504331,"k__Bacteria|p__Firmicutes|c__Clostridia|o__Clostridia_unclassified|f__Clostridia_unclassified|g__GGB9350","Days",0.797915041381346
"Days222",-0.00525972357100148,0.00713735707843549,47,-0.736928741717713,0.464828574009649,"k__Bacteria|p__Bacteroidetes|c__Bacteroidia|o__Bacteroidales|f__Prevotellaceae|g__Paraprevotella","Days",0.797915041381346
"Days232",-0.00670033617547947,0.00920508808859923,39,-0.727894845870951,0.471025766346137,"k__Bacteria|p__Firmicutes|c__Clostridia|o__Clostridia_unclassified|f__Clostridia_unclassified|g__GGB9787","Days",0.797915041381346
"Days285",0.00597217512919365,0.00790085808315668,22,0.7558894320511,0.457733329409155,"k__Bacteria|p__Firmicutes|c__Clostridia|o__Clostridiales|f__Ruminococcaceae|g__GGB9590","Days",0.797915041381346
"Days340",-0.00943709029539045,0.0121169064248503,9,-0.778836607670432,0.456064772045379,"k__Bacteria|p__Firmicutes|c__Clostridia|o__Clostridiales|f__Lachnospiraceae|g__Stomatobaculum","Days",0.797915041381346
"Days63",-0.00300635559593814,0.00406309601790594,9,-0.73991743800521,0.478205918429585,"k__Bacteria|p__Proteobacteria|c__Gammaproteobacteria|o__Aeromonadales|f__Aeromonadaceae|g__GGB41458","Days",0.805184324193404
"Days198",0.010651692908521,0.0148864441727215,15,0.715529698357355,0.485271658319747,"k__Bacteria|p__Firmicutes|c__Negativicutes|o__Veillonellales|f__Veillonellaceae|g__Allisonella","Days",0.813576229940942
"Days220",-0.00485121423603801,0.00693672609015811,32,-0.699352140042109,0.489384686538079,"k__Bacteria|p__Firmicutes|c__CFGB1218|o__OFGB1218|f__FGB1218|g__GGB2983","Days",0.813576229940942
"Days282",-0.0078337468153723,0.01102038116586,16,-0.710841730197177,0.487416082835376,"k__Bacteria|p__Firmicutes|c__Clostridia|o__Clostridia_unclassified|f__Clostridia_unclassified|g__GGB9774","Days",0.813576229940942
"Days32",0.00333843773063093,0.00501365303518842,59,0.665869318678425,0.508089761106097,"k__Bacteria|p__Firmicutes|c__CFGB3053|o__OFGB3053|f__FGB3053|g__GGB9581","Days",0.817091289288988
"Days41",0.00355852305302297,0.00524386519833833,53,0.678606889847318,0.500339489726047,"k__Bacteria|p__Actinobacteria|c__Coriobacteriia|o__Coriobacteriales|f__Coriobacteriaceae|g__Senegalimassilia","Days",0.817091289288988
"Days50",0.00366643705381074,0.00544350571850041,74,0.673543345669669,0.502700017543614,"k__Bacteria|p__Firmicutes|c__Erysipelotrichia|o__Erysipelotrichales|f__Erysipelotrichaceae|g__Faecalibacillus","Days",0.817091289288988
"Days251",-0.0103808628439154,0.0150402446823681,15,-0.690205715608137,0.500605485188123,"k__Bacteria|p__Firmicutes|c__Clostridia|o__Clostridiales|f__Ruminococcaceae|g__GGB9709","Days",0.817091289288988
"Days271",-0.00584860397667032,0.00859829297163511,53,-0.680205244920622,0.499335146265739,"k__Bacteria|p__Actinobacteria|c__Actinobacteria|o__Micrococcales|f__Promicromonosporaceae|g__Isoptericola","Days",0.817091289288988
"Days329",-0.00758736226394827,0.011214119885327,68,-0.676590079429763,0.500961118000999,"k__Bacteria|p__Firmicutes|c__Clostridia|o__Clostridia_unclassified|f__Clostridia_unclassified|g__GGB3293","Days",0.817091289288988
"Days330",0.00647778200021916,0.00963249194432382,23,0.67249285415041,0.507970428053736,"k__Bacteria|p__Firmicutes|c__Clostridia|o__Clostridiales|f__Ruminococcaceae|g__GGB9697","Days",0.817091289288988
"Days378",-0.0101528262935755,0.0148303506344703,11,-0.68459785906728,0.507765497681442,"k__Bacteria|p__Firmicutes|c__Clostridia|o__Clostridiales|f__Ruminococcaceae|g__GGB3341","Days",0.817091289288988
"Days5",0.00147899009622902,0.00313329633570853,101,0.472023689356715,0.637928104268371,"k__Bacteria|p__Firmicutes|c__Clostridia|o__Clostridiales|f__Clostridiaceae|g__Clostridium","Days",0.823937242602073
"Days7",-0.00372652132360772,0.00713897058311386,69,-0.521997013466093,0.6033441767481,"k__Bacteria|p__Firmicutes|c__Negativicutes|o__Veillonellales|f__Veillonellaceae|g__Dialister","Days",0.823937242602073
"Days15",-0.00198860716018483,0.00390083794549429,97,-0.509789739530654,0.611356730396605,"k__Bacteria|p__Bacteroidetes|c__Bacteroidia|o__Bacteroidales|f__Rikenellaceae|g__Alistipes","Days",0.823937242602073
"Days18",-0.00190037619399349,0.00346409318647857,101,-0.548592688387036,0.584495650707414,"k__Bacteria|p__Firmicutes|c__Clostridia|o__Clostridiales|f__Lachnospiraceae|g__Mediterraneibacter","Days",0.823937242602073
"Days19",0.00250594100554806,0.00449948936064143,75,0.55693897789122,0.579227360618097,"k__Bacteria|p__Bacteroidetes|c__Bacteroidia|o__Bacteroidales|f__Barnesiellaceae|g__Barnesiella","Days",0.823937242602073
"Days22",-0.00281979241230535,0.00558578445910792,97,-0.504815828993817,0.614833155477243,"k__Bacteria|p__Firmicutes|c__Clostridia|o__Clostridiales|f__Ruminococcaceae|g__Faecalibacterium","Days",0.823937242602073
"Days31",0.00339819874175748,0.00576413639623371,67,0.589541695088593,0.557480800766791,"k__Bacteria|p__Firmicutes|c__Clostridia|o__Clostridiales|f__Ruminococcaceae|g__GGB9615","Days",0.823937242602073
"Days34",-0.00362418283016924,0.00614645057901672,50,-0.589638325986348,0.558088342832314,"k__Bacteria|p__Proteobacteria|c__Deltaproteobacteria|o__Desulfovibrionales|f__Desulfovibrionaceae|g__Desulfovibrio","Days",0.823937242602073
"Days40",0.00384921401170342,0.00648929358923506,95,0.593163794914256,0.554481072595816,"k__Bacteria|p__Firmicutes|c__Clostridia|o__Clostridiales|f__Ruminococcaceae|g__Anaerotruncus","Days",0.823937242602073
"Days42",0.00545549391924291,0.00937515717035518,36,0.581909595765873,0.564254150515396,"k__Bacteria|p__Candidatus_Melainabacteria|c__Candidatus_Melainabacteria_unclassified|o__Candidatus_Gastranaerophilales|f__Candidatus_Gastranaerophilales_unclassified|g__Candidatus_Gastranaerophilales_unclassified","Days",0.823937242602073
"Days44",0.00377089388885621,0.00639448443092016,84,0.589710387067685,0.556967740512543,"k__Bacteria|p__Firmicutes|c__Clostridia|o__Clostridiales|f__Ruminococcaceae|g__GGB9632","Days",0.823937242602073
"Days54",0.00308087618570884,0.00542186291395426,95,0.568232032901381,0.571218117191404,"k__Bacteria|p__Firmicutes|c__Clostridia|o__Clostridiales|f__Lachnospiraceae|g__Fusicatenibacter","Days",0.823937242602073
"Days56",0.00416231019609838,0.00704654774789664,39,0.590687858084949,0.558137382821258,"k__Bacteria|p__Firmicutes|c__CFGB42691|o__OFGB42691|f__FGB42691|g__GGB51441","Days",0.823937242602073
"Days66",-0.00656336219383134,0.0117873299597092,33,-0.556815005286684,0.581410786271428,"k__Bacteria|p__Firmicutes|c__Bacilli|o__Lactobacillales|f__Lactobacillaceae|g__Pediococcus","Days",0.823937242602073
"Days70",-0.00814053039062978,0.0142098264737033,23,-0.572880351895544,0.572284384152362,"k__Bacteria|p__Firmicutes|c__Clostridia|o__Clostridiales|f__Ruminococcaceae|g__Drancourtella","Days",0.823937242602073
"Days74",-0.00277743195259103,0.00547300759937208,78,-0.507478183094372,0.613251273731156,"k__Bacteria|p__Firmicutes|c__Clostridia|o__Clostridiales|f__Lachnospiraceae|g__GGB3746","Days",0.823937242602073
"Days82",-0.00365604607474106,0.00774441713037345,92,-0.472087958744129,0.637981847426764,"k__Bacteria|p__Firmicutes|c__Clostridia|o__Clostridiales|f__Peptostreptococcaceae|g__Intestinibacter","Days",0.823937242602073
"Days91",-0.00404337896542602,0.00795451987944273,27,-0.508312132813387,0.615362689009729,"k__Bacteria|p__Firmicutes|c__Clostridia|o__Clostridia_unclassified|f__Clostridia_unclassified|g__Candidatus_Pseudoruminococcus","Days",0.823937242602073
"Days99",-0.00595822869074837,0.0125401841111411,14,-0.475130878298262,0.642021010280667,"k__Bacteria|p__Firmicutes|c__Clostridia|o__Clostridiales|f__Clostridiaceae|g__GGB3532","Days",0.823937242602073
"Days101",-0.00622907532685014,0.0115363698116937,17,-0.539951078937857,0.596233772337138,"k__Bacteria|p__Firmicutes|c__Erysipelotrichia|o__Erysipelotrichales|f__Erysipelotrichaceae|g__Longicatena","Days",0.823937242602073
"Days107",-0.00243891274090025,0.00463666643996741,79,-0.526005649204602,0.600357831410646,"k__Bacteria|p__Firmicutes|c__Clostridia|o__Clostridia_unclassified|f__Clostridia_unclassified|g__GGB9494","Days",0.823937242602073
"Days110",-0.0059772231640571,0.0112204296105898,20,-0.532708939987095,0.600104556050184,"k__Bacteria|p__Firmicutes|c__Erysipelotrichia|o__Erysipelotrichales|f__Erysipelotrichaceae|g__Merdibacter","Days",0.823937242602073
"Days115",-0.00809307287683159,0.0171210310930443,17,-0.472697750085832,0.64244073142865,"k__Bacteria|p__Firmicutes|c__Clostridia|o__Clostridiales|f__Ruminococcaceae|g__GGB9454","Days",0.823937242602073
"Days119",0.0100924138721504,0.0152015476563032,8,0.663906998177627,0.525417457028375,"k__Bacteria|p__Firmicutes|c__Clostridia|o__Clostridia_unclassified|f__Clostridia_unclassified|g__Candidatus_Metalachnospira","Days",0.823937242602073
"Days128",0.00341163019533155,0.00608205011829946,65,0.560934245685801,0.57677101648809,"k__Bacteria|p__Firmicutes|c__CFGB3047|o__OFGB3047|f__FGB3047|g__GGB9557","Days",0.823937242602073
"Days130",0.00886709602346954,0.0145088773191623,19,0.611149700174148,0.548343232392754,"k__Bacteria|p__Firmicutes|c__CFGB3035|o__OFGB3035|f__FGB3035|g__GGB9523","Days",0.823937242602073
"Days132",0.0023904229475398,0.00512642236796103,77,0.466294576599736,0.642321164326936,"k__Bacteria|p__Firmicutes|c__Clostridia|o__Clostridia_unclassified|f__Clostridia_unclassified|g__Candidatus_Pararuminococcus","Days",0.823937242602073
"Days134",0.00290773775434833,0.00627563767613339,86,0.463337417551466,0.644292996483666,"k__Bacteria|p__Firmicutes|c__Clostridia|o__Clostridiales|f__Christensenellaceae|g__Christensenellaceae_unclassified","Days",0.823937242602073
"Days151",0.00209514714112281,0.00426715921232085,81,0.490993430728658,0.624758757468333,"k__Bacteria|p__Firmicutes|c__Clostridia|o__Clostridiales|f__Ruminococcaceae|g__GGB9699","Days",0.823937242602073
"Days155",-0.00318752174455069,0.0057769412401705,54,-0.551766343473594,0.583384759981838,"k__Bacteria|p__Firmicutes|c__Clostridia|o__Clostridiales|f__Ruminococcaceae|g__GGB9705","Days",0.823937242602073
"Days158",0.00330129592692847,0.00524387622203906,49,0.629552603292525,0.531911907019505,"k__Bacteria|p__Firmicutes|c__CFGB3048|o__OFGB3048|f__FGB3048|g__GGB9559","Days",0.823937242602073
"Days167",-0.00392105101598876,0.00728680257589313,40,-0.538103094622151,0.593487633103266,"k__Bacteria|p__Firmicutes|c__Clostridia|o__Clostridiales|f__Ruminococcaceae|g__GGB9610","Days",0.823937242602073
"Days171",0.00396737913609321,0.00762789207800699,42,0.520114744089274,0.60571450128931,"k__Bacteria|p__Lentisphaerae|c__Lentisphaeria|o__Lentisphaeria_unclassified|f__Lentisphaeria_unclassified|g__Lentisphaeria_unclassified","Days",0.823937242602073
"Days176",-0.00380204153208037,0.00683982809796424,36,-0.555867995163794,0.581739660767659,"k__Bacteria|p__Firmicutes|c__Clostridia|o__Clostridia_unclassified|f__Clostridia_unclassified|g__Candidatus_Pseudolachnospira","Days",0.823937242602073
"Days177",0.00324119877495097,0.00710688183466026,58,0.456064818630253,0.650046487974886,"k__Bacteria|p__Firmicutes|c__Clostridia|o__Clostridiales|f__Christensenellaceae|g__Christensenella","Days",0.823937242602073
"Days185",-0.00518150507804703,0.0100051094006656,28,-0.517885899148923,0.60860597593894,"k__Bacteria|p__Bacteroidetes|c__Bacteroidia|o__Bacteroidales|f__Bacteroidales_unclassified|g__GGB1495","Days",0.823937242602073
"Days186",-0.00463565037657191,0.00745438687209891,67,-0.621868767493505,0.53613861115743,"k__Bacteria|p__Firmicutes|c__Clostridia|o__Clostridiales|f__Ruminococcaceae|g__GGB9633","Days",0.823937242602073
"Days189",-0.00685616019247312,0.0122201471196122,36,-0.561053817549349,0.578236687587326,"k__Bacteria|p__Bacteroidetes|c__Bacteroidia|o__Bacteroidales|f__Rikenellaceae|g__Rikenellaceae_unclassified","Days",0.823937242602073
"Days190",-0.00713580756264919,0.0125793897857249,16,-0.567261821455516,0.578409142952118,"k__Bacteria|p__Firmicutes|c__Negativicutes|o__Veillonellales|f__Veillonellaceae|g__Megasphaera","Days",0.823937242602073
"Days194",0.00629873499859245,0.0110056019712437,24,0.572320806717366,0.572427379981533,"k__Bacteria|p__Firmicutes|c__Clostridia|o__Clostridiales|f__Ruminococcaceae|g__GGB9636","Days",0.823937242602073
"Days197",0.00257510706315817,0.00534924811384772,42,0.481396078168805,0.632733777147876,"k__Bacteria|p__Firmicutes|c__Clostridia|o__Clostridiales|f__Ruminococcaceae|g__GGB9642","Days",0.823937242602073
"Days199",0.00648395030777423,0.0110429704441456,33,0.587156358026087,0.56109477314159,"k__Bacteria|p__Firmicutes|c__Clostridia|o__Clostridiales|f__Lachnospiraceae|g__Tyzzerella","Days",0.823937242602073
"Days212",-0.00671704519215835,0.0101522280419728,9,-0.661632615460149,0.524782450060421,"k__Bacteria|p__Firmicutes|c__Erysipelotrichia|o__Erysipelotrichales|f__Erysipelotrichaceae|g__Catenibacterium","Days",0.823937242602073
"Days228",0.00405828169439696,0.0088863605401238,40,0.456686590204501,0.650366706723971,"k__Bacteria|p__Firmicutes|c__Clostridia|o__Clostridiales|f__Clostridiales_unclassified|g__Lawsonibacter","Days",0.823937242602073
"Days241",-0.00499524850985721,0.00989522342824569,21,-0.504814120275282,0.618945871014866,"k__Bacteria|p__Firmicutes|c__Clostridia|o__Clostridiales|f__Ruminococcaceae|g__GGB9691","Days",0.823937242602073
"Days244",-0.00347401558125952,0.00729146582028562,10,-0.476449546207079,0.643993549773754,"k__Bacteria|p__Verrucomicrobia|c__CFGB2164|o__OFGB2164|f__FGB2164|g__GGB6132","Days",0.823937242602073
"Days246",0.00447386879427433,0.00858036191120991,22,0.521407936002023,0.607292233805332,"k__Bacteria|p__Firmicutes|c__Clostridia|o__Clostridiales|f__Clostridiaceae|g__GGB3478","Days",0.823937242602073
"Days254",-0.0115967377090434,0.0185909704925805,14,-0.623783342223663,0.542800573140706,"k__Bacteria|p__Bacteroidetes|c__Bacteroidia|o__Bacteroidales|f__Porphyromonadaceae|g__Porphyromonas","Days",0.823937242602073
"Days257",-0.00419550000506073,0.00709095534930819,43,-0.591669217811399,0.557170190098195,"k__Bacteria|p__Firmicutes|c__Clostridia|o__Clostridiales|f__Lachnospiraceae|g__GGB3570","Days",0.823937242602073
"Days260",-0.0177336702485227,0.037150549656356,6,-0.477346106923311,0.650006449001654,"k__Bacteria|p__Firmicutes|c__CFGB1424|o__OFGB1424|f__FGB1424|g__GGB3490","Days",0.823937242602073
"Days269",0.0050002802309582,0.00782934807939163,27,0.638658567770146,0.52842592951254,"k__Bacteria|p__Candidatus_Saccharibacteria|c__Candidatus_Saccharimonia|o__Candidatus_Saccharimonales|f__Candidatus_Sacchiramonaceaea|g__Candidatus_Nanosynsacchari","Days",0.823937242602073
"Days306",-0.00408299254464661,0.00688322842724488,30,-0.593179870144291,0.557506665261253,"k__Bacteria|p__Firmicutes|c__Bacilli|o__Bacillales|f__Bacillales_unclassified|g__Gemella","Days",0.823937242602073
"Days312",0.00483719218520672,0.0103710570436045,46,0.466412648669177,0.643121518715144,"k__Bacteria|p__Actinobacteria|c__Actinobacteria|o__Actinomycetales|f__Actinomycetaceae|g__Actinobaculum","Days",0.823937242602073
"Days321",0.00360083407596025,0.00713896603604775,52,0.504391540424491,0.616116952505483,"k__Bacteria|p__Firmicutes|c__CFGB40183|o__OFGB40183|f__FGB40183|g__GGB42389","Days",0.823937242602073
"Days322",-0.00342875755299683,0.00738515552415436,34,-0.464276959609384,0.645408552407155,"k__Bacteria|p__Actinobacteria|c__Actinobacteria|o__Micrococcales|f__Kytococcaceae|g__Kytococcus","Days",0.823937242602073
"Days326",-0.0108720019970029,0.0162523483897384,11,-0.668949602622808,0.517320815846221,"k__Bacteria|p__Firmicutes|c__CFGB1425|o__OFGB1425|f__FGB1425|g__GGB3491","Days",0.823937242602073
"Days339",-0.00333857030403841,0.00631668131991408,22,-0.528532331291302,0.602421684133253,"k__Bacteria|p__Firmicutes|c__Clostridia|o__Clostridia_unclassified|f__Clostridia_unclassified|g__Candidatus_Woodwardibium","Days",0.823937242602073
"Days349",-0.00550078597477539,0.0110964290958825,22,-0.495725780541105,0.625003756219345,"k__Bacteria|p__Firmicutes|c__Erysipelotrichia|o__Erysipelotrichales|f__Erysipelotrichaceae|g__Faecalitalea","Days",0.823937242602073
"Days353",0.00732079638457459,0.0118859674060658,18,0.615919271395488,0.545658265649057,"k__Bacteria|p__Firmicutes|c__Clostridia|o__Clostridia_unclassified|f__Clostridia_unclassified|g__GGB3277","Days",0.823937242602073
"Days359",0.00621310400848517,0.0110564526142217,14,0.561943710634042,0.583039788542595,"k__Bacteria|p__Firmicutes|c__Clostridia|o__Clostridiales|f__Ruminococcaceae|g__GGB9620","Days",0.823937242602073
"Days360",-0.00599713825633278,0.0108135538656081,21,-0.55459457000592,0.585030885168615,"k__Bacteria|p__Firmicutes|c__Clostridia|o__Clostridiales|f__Lachnospiraceae|g__GGB3569","Days",0.823937242602073
"Days366",0.00413039140702585,0.00869164825317736,15,0.475213824433809,0.641480314220475,"k__Bacteria|p__Firmicutes|c__Bacilli|o__Lactobacillales|f__Carnobacteriaceae|g__Granulicatella","Days",0.823937242602073
"Days371",-0.0137178613396905,0.0211077137107869,9,-0.649898019636304,0.531993779461182,"k__Bacteria|p__Firmicutes|c__CFGB12541|o__OFGB12541|f__FGB12541|g__GGB35551","Days",0.823937242602073
"Days383",-0.0110387203065422,0.0208518194012932,5,-0.529388831454084,0.61918834730132,"k__Bacteria|p__Bacteroidetes|c__Bacteroidia|o__Bacteroidales|f__Rikenellaceae|g__GGB1681","Days",0.823937242602073
"Days388",-0.00461954612287711,0.00704454758041919,8,-0.655761930789915,0.530380303648032,"k__Bacteria|p__Firmicutes|c__CFGB1470|o__OFGB1470|f__FGB1470|g__GGB3717","Days",0.823937242602073
"Days389",0.00978474875269563,0.0160805780174882,15,0.608482402936907,0.551971193669472,"k__Bacteria|p__Firmicutes|c__Erysipelotrichia|o__Erysipelotrichales|f__Erysipelotrichaceae|g__Massilicoli","Days",0.823937242602073
"Days280",0.00246541014034179,0.00550133326965539,54,0.448147752462236,0.655839522836218,"k__Bacteria|p__Firmicutes|c__Clostridia|o__Clostridiales|f__Ruminococcaceae|g__GGB9667","Days",0.828207602555993
"Days51",0.00310876856454332,0.00721472047580189,61,0.430892447596563,0.668065406971351,"k__Bacteria|p__Firmicutes|c__Clostridia|o__Clostridiales|f__Lachnospiraceae|g__GGB3571","Days",0.828625612873568
"Days127",0.00317540584297431,0.00733057859431036,46,0.433172607335376,0.666913856357078,"k__Bacteria|p__Firmicutes|c__Clostridia|o__Clostridia_unclassified|f__Clostridia_unclassified|g__Candidatus_Aristotella","Days",0.828625612873568
"Days225",0.0046086131489072,0.0103310752572799,16,0.446092302508367,0.661508403338856,"k__Bacteria|p__Firmicutes|c__Clostridia|o__Clostridiales|f__Eubacteriaceae|g__GGB9778","Days",0.828625612873568
"Days230",0.00506131851788183,0.0113992083218644,7,0.444006142792733,0.670439293277342,"k__Bacteria|p__Proteobacteria|c__Betaproteobacteria|o__Burkholderiales|f__Oxalobacteraceae|g__Oxalobacter","Days",0.828625612873568
"Days234",0.00338596381244696,0.00790823369628873,39,0.428156772103986,0.67089231093063,"k__Bacteria|p__Firmicutes|c__Clostridia|o__Clostridiales|f__Ruminococcaceae|g__GGB9634","Days",0.828625612873568
"Days294",-0.00744417445169134,0.0167637647243181,25,-0.444063405452867,0.660816796924513,"k__Bacteria|p__Firmicutes|c__Clostridia|o__Clostridia_unclassified|f__Clostridia_unclassified|g__GGB9176","Days",0.828625612873568
"Days314",0.00765522258679901,0.0172212158641471,16,0.444522770470374,0.662618750174193,"k__Bacteria|p__Firmicutes|c__CFGB16911|o__OFGB16911|f__FGB16911|g__GGB49418","Days",0.828625612873568
"Days380",0.0135024100225565,0.0315867913895064,9,0.427470136363461,0.679082502904323,"k__Bacteria|p__Proteobacteria|c__Gammaproteobacteria|o__Enterobacterales|f__Hafniaceae|g__Hafnia","Days",0.836120331700947
"Days73",-0.00197269115952205,0.00480338457384622,81,-0.410687740944809,0.682385923179295,"k__Bacteria|p__Firmicutes|c__Firmicutes_unclassified|o__Firmicutes_unclassified|f__Firmicutes_unclassified|g__Firmicutes_unclassified","Days",0.837570260849352
"Days1",0.00199576958619437,0.00517478544002924,95,0.385671948977095,0.700601916044929,"k__Bacteria|p__Bacteroidetes|c__Bacteroidia|o__Bacteroidales|f__Bacteroidales_unclassified|g__Phocaeicola","Days",0.840029720912309
"Days17",0.00144853079709319,0.00376487675072827,97,0.384748530430111,0.701266015742888,"k__Bacteria|p__Firmicutes|c__Clostridia|o__Clostridiales|f__Lachnospiraceae|g__Roseburia","Days",0.840029720912309
"Days33",0.00169911664225285,0.00429726894658435,83,0.395394531590438,0.693566161058117,"k__Bacteria|p__Bacteroidetes|c__Bacteroidia|o__Bacteroidales|f__Odoribacteraceae|g__Odoribacter","Days",0.840029720912309
"Days68",0.00239780227424419,0.00641362641846672,55,0.373860608304251,0.709945391879669,"k__Bacteria|p__Firmicutes|c__CFGB1340|o__OFGB1340|f__FGB1340|g__GGB3256","Days",0.840029720912309
"Days86",-0.00164210088116798,0.00434808594896053,71,-0.377660630549528,0.706809360122454,"k__Bacteria|p__Actinobacteria|c__Coriobacteriia|o__Eggerthellales|f__Eggerthellaceae|g__GGB45432","Days",0.840029720912309
"Days93",-0.00387564201361728,0.010248017238563,17,-0.378184572039297,0.709974358029947,"k__Bacteria|p__Firmicutes|c__Clostridia|o__Clostridia_unclassified|f__Clostridia_unclassified|g__Candidatus_Pseudoscilispira","Days",0.840029720912309
"Days131",-0.00276295408749968,0.00695151427841292,41,-0.397460751261016,0.693089498969849,"k__Bacteria|p__Firmicutes|c__Clostridia|o__Clostridia_unclassified|f__Clostridia_unclassified|g__Candidatus_Pseudobutyricicoccus","Days",0.840029720912309
"Days179",0.00340461154439175,0.00894304146695778,44,0.380699514474008,0.705258109671521,"k__Bacteria|p__Firmicutes|c__Clostridia|o__Clostridia_unclassified|f__Clostridia_unclassified|g__Candidatus_Allochristensenella","Days",0.840029720912309
"Days238",0.00346626234463417,0.00915782525035944,17,0.378502783125079,0.709742352467306,"k__Bacteria|p__Firmicutes|c__Clostridia|o__Clostridiales|f__Lachnospiraceae|g__GGB3614","Days",0.840029720912309
"Days252",0.00295946052139934,0.00746095900825746,9,0.396659533730709,0.700859613398892,"k__Bacteria|p__Firmicutes|c__Clostridia|o__Clostridia_unclassified|f__Clostridia_unclassified|g__Candidatus_Cryptoclostridium","Days",0.840029720912309
"Days343",-0.00525575739228928,0.013848463698284,15,-0.379519165937558,0.70962143636697,"k__Bacteria|p__Firmicutes|c__Clostridia|o__Clostridiales|f__Lachnospiraceae|g__Murimonas","Days",0.840029720912309
"Days361",0.00416779866176508,0.0109460760686251,15,0.380757326701878,0.70872157924937,"k__Bacteria|p__Firmicutes|c__Clostridia|o__Clostridiales|f__Clostridiaceae|g__GGB4491","Days",0.840029720912309
"Days188",-0.0027520531105376,0.0075422714793557,25,-0.364883857345943,0.718266756178621,"k__Bacteria|p__Firmicutes|c__Erysipelotrichia|o__Erysipelotrichales|f__Erysipelotrichaceae|g__Holdemanella","Days",0.847296712378373
"Days277",-0.00266391884133353,0.00741842036057992,21,-0.359095159326518,0.723109249223256,"k__Bacteria|p__Firmicutes|c__Clostridia|o__Clostridiales|f__Clostridiales_unclassified|g__Evtepia","Days",0.850462818489441
"Days387",0.00520318057143357,0.0143912406046167,9,0.361551913027179,0.726029431757931,"k__Bacteria|p__Verrucomicrobia|c__Opitutae|o__Opitutales|f__Opitutales_unclassified|g__Opitutales_unclassified","Days",0.851355940811384
"Days109",0.00257464274548711,0.00773234007213579,66,0.332970707634171,0.740211795791556,"k__Bacteria|p__Firmicutes|c__Clostridia|o__Clostridia_unclassified|f__Clostridia_unclassified|g__GGB2980","Days",0.865410823566389
"Days95",-0.00239228526589785,0.00737370627181999,39,-0.324434575735735,0.747342829996507,"k__Bacteria|p__Firmicutes|c__Clostridia|o__Clostridiales|f__Ruminococcaceae|g__GGB9608","Days",0.871162943842082
"Days358",0.00521293851881983,0.0166754312818679,14,0.312611915740262,0.75918352286683,"k__Bacteria|p__Firmicutes|c__Clostridia|o__Clostridia_unclassified|f__Clostridia_unclassified|g__GGB3817","Days",0.882354890883572
"Days200",-0.00313624290885965,0.0113680028914858,39,-0.275883366568157,0.784094289295328,"k__Bacteria|p__Firmicutes|c__Clostridia|o__Clostridiales|f__Lachnospiraceae|g__Faecalimonas","Days",0.906563880921652
"Days215",-0.00379659902238946,0.0137480772266249,13,-0.276154909505226,0.786770486218591,"k__Bacteria|p__Firmicutes|c__Clostridia|o__Clostridiales|f__Ruminococcaceae|g__GGB9637","Days",0.906563880921652
"Days309",-0.00444180862866269,0.016355539121704,17,-0.271578246098189,0.789216779584078,"k__Bacteria|p__Proteobacteria|c__Alphaproteobacteria|o__Rhodobacterales|f__Rhodobacteraceae|g__Rhodobacteraceae_unclassified","Days",0.906563880921652
"Days352",-0.00328222284730826,0.011995014397409,18,-0.273632255749293,0.787482369066944,"k__Bacteria|p__Firmicutes|c__Clostridia|o__Clostridiales|f__Ruminococcaceae|g__Neglecta","Days",0.906563880921652
"Days141",0.00203891911098471,0.00774221195594013,28,0.263350980648414,0.79420843685618,"k__Bacteria|p__Firmicutes|c__Clostridia|o__Clostridiales|f__Lachnospiraceae|g__GGB3433","Days",0.907009055424159
"Days390",-0.00579800260040965,0.0217798315952893,15,-0.266209707593134,0.793702181068374,"k__Bacteria|p__Firmicutes|c__Clostridia|o__Clostridiales|f__Eubacteriaceae|g__Pseudoramibacter","Days",0.907009055424159
"Days210",0.00309404520475539,0.0131674840664328,22,0.234976187489218,0.816400525558685,"k__Bacteria|p__Lentisphaerae|c__Lentisphaeria|o__Victivallales|f__Victivallaceae|g__Victivallis","Days",0.919304093448296
"Days290",-0.00197903100091348,0.00852704021494198,44,-0.232088855104215,0.817545097241195,"k__Bacteria|p__Firmicutes|c__Clostridia|o__Clostridia_unclassified|f__Clostridia_unclassified|g__Candidatus_Parachristensenella","Days",0.919304093448296
"Days332",0.00241648718100852,0.0101189402722712,16,0.238808325376758,0.814286078812899,"k__Bacteria|p__Firmicutes|c__Negativicutes|o__Selenomonadales|f__Selenomonadaceae|g__Megamonas","Days",0.919304093448296
"Days356",0.00295910513397332,0.0120881521333246,9,0.24479383625688,0.812106087230874,"k__Bacteria|p__Synergistetes|c__Synergistia|o__Synergistales|f__Synergistaceae|g__Pyramidobacter","Days",0.919304093448296
"Days385",-0.00396354657346244,0.0169424713189929,12,-0.233941465730517,0.818973951269929,"k__Bacteria|p__Firmicutes|c__CFGB1798|o__OFGB1798|f__FGB1798|g__GGB4768","Days",0.919304093448296
"Days393",0.0045481423400533,0.0187746146544947,9,0.242249570697019,0.814016828028933,"k__Bacteria|p__Firmicutes|c__Bacilli|o__Bacilli_unclassified|f__Bacilli_unclassified|g__GGB4750","Days",0.919304093448296
"Days29",-0.000882235577868143,0.00408805750953594,101,-0.215808015374102,0.829572631226213,"k__Bacteria|p__Firmicutes|c__Clostridia|o__Clostridiales|f__Clostridiales_unclassified|g__Clostridiales_unclassified","Days",0.91991189898555
"Days152",0.00098820757628351,0.00441861229714479,46,0.223646590790975,0.824022600036884,"k__Bacteria|p__Proteobacteria|c__Alphaproteobacteria|o__Rhizobiales|f__Phyllobacteriaceae|g__GGB38171","Days",0.91991189898555
"Days219",-0.00721833926083759,0.0322021179386974,6,-0.224157282902293,0.830072984551677,"k__Bacteria|p__Firmicutes|c__Clostridia|o__Clostridia_unclassified|f__Clostridia_unclassified|g__GGB9047","Days",0.91991189898555
"Days307",-0.00386991682682724,0.0179054574686193,19,-0.216130575474521,0.8311894315707,"k__Bacteria|p__Firmicutes|c__Tissierellia|o__Tissierellales|f__Peptoniphilaceae|g__Parvimonas","Days",0.91991189898555
"Days333",0.00400271793496274,0.0177911139410733,13,0.224984109945016,0.825489541121552,"k__Bacteria|p__Firmicutes|c__Clostridia|o__Clostridiales|f__Ruminococcaceae|g__Subdoligranulum","Days",0.91991189898555
"Days106",0.00147576963603005,0.00711743957910068,73,0.207345579773299,0.836317300985896,"k__Bacteria|p__Firmicutes|c__Clostridia|o__Clostridiales|f__Ruminococcaceae|g__GGB9619","Days",0.92299444422533
"Days327",0.00271928790956522,0.0131745073463103,11,0.206405282420431,0.840245087094405,"k__Bacteria|p__Actinobacteria|c__Actinobacteria|o__Actinomycetales|f__Actinomycetaceae|g__Peptidiphaga","Days",0.924739006467027
"Days296",-0.00220795747119741,0.0119206693389653,20,-0.185220930839867,0.85492121325013,"k__Bacteria|p__Bacteroidetes|c__Bacteroidia|o__Bacteroidales|f__Porphyromonadaceae|g__Sanguibacteroides","Days",0.938270078051675
"Days377",-0.00187657128583463,0.0106977564175172,17,-0.175417275603865,0.862824205612408,"k__Eukaryota|p__Ascomycota|c__Saccharomycetes|o__Saccharomycetales|f__Saccharomycetaceae|g__Saccharomyces","Days",0.944313158364691
"Days6",0.0004848921781842,0.00304554357885127,101,0.159213672577653,0.873818477340943,"k__Bacteria|p__Firmicutes|c__Clostridia|o__Clostridiales|f__Lachnospiraceae|g__Lachnospiraceae_unclassified","Days",0.948789911719806
"Days165",-0.00118546057393402,0.00742920157840492,35,-0.159567695320032,0.874138928817994,"k__Bacteria|p__Firmicutes|c__Clostridia|o__Clostridiales|f__Ruminococcaceae|g__Anaerofilum","Days",0.948789911719806
"Days325",0.00148874286352914,0.00910197788195921,36,0.163562566602137,0.870990318646752,"k__Bacteria|p__Firmicutes|c__Clostridia|o__Clostridiales|f__Clostridiaceae|g__GGB3486","Days",0.948789911719806
"Days118",-0.00106475265254068,0.00763355382642031,49,-0.139483218007253,0.889640054840682,"k__Bacteria|p__Firmicutes|c__Clostridia|o__Clostridiales|f__Ruminococcaceae|g__GGB9695","Days",0.955090413098716
"Days231",0.00135502612092756,0.00906700063034609,6,0.149445905671658,0.88609861454344,"k__Bacteria|p__Actinobacteria|c__Coriobacteriia|o__Coriobacteriales|f__Coriobacteriales_unclassified|g__Coriobacteriales_unclassified","Days",0.955090413098716
"Days338",-0.00257127103746736,0.017300040679124,17,-0.148628034185498,0.883595955636529,"k__Bacteria|p__Firmicutes|c__Clostridia|o__Clostridia_unclassified|f__Clostridia_unclassified|g__Candidatus_Avispirillum","Days",0.955090413098716
"Days374",0.00353096617913859,0.0247257291757165,11,0.142805340705842,0.889026161082699,"k__Archaea|p__Crenarchaeota|c__Thermoprotei|o__Thermoproteales|f__Thermofilaceae|g__GGB1567","Days",0.955090413098716
"Days2",-0.000806853946768443,0.00617095745704522,87,-0.130750204062301,0.896274780599527,"k__Bacteria|p__Verrucomicrobia|c__Verrucomicrobiae|o__Verrucomicrobiales|f__Akkermansiaceae|g__Akkermansia","Days",0.956998004217381
"Days105",0.00123047227006752,0.00927901022212208,40,0.132608138218659,0.895168147657129,"k__Bacteria|p__Firmicutes|c__Clostridia|o__Clostridiales|f__Lachnospiraceae|g__GGB3677","Days",0.956998004217381
"Days136",0.00092368548351277,0.00731383218019959,67,0.126292955697483,0.899878264219941,"k__Bacteria|p__Actinobacteria|c__Coriobacteriia|o__Coriobacteriales|f__Atopobiaceae|g__Olsenella","Days",0.958248746223397
"Days26",0.000559471667233472,0.00523430891118823,101,0.106885488939641,0.915091847662758,"k__Bacteria|p__Firmicutes|c__Clostridia|o__Clostridiales|f__Lachnospiraceae|g__Anaerostipes","Days",0.96210967302471
"Days55",-0.000559349382560891,0.00571952157831182,71,-0.0977965333117931,0.922369421788254,"k__Bacteria|p__Actinobacteria|c__Coriobacteriia|o__Eggerthellales|f__Eggerthellaceae|g__Eggerthellaceae_unclassified","Days",0.96210967302471
"Days57",-0.00138528044659023,0.0135346135706271,23,-0.102350941854489,0.919365247794874,"k__Bacteria|p__Firmicutes|c__Clostridia|o__Clostridiales|f__Clostridiaceae|g__GGB9568","Days",0.96210967302471
"Days112",-0.000610989811051565,0.00554353424423876,76,-0.110216656763066,0.912528080102161,"k__Bacteria|p__Firmicutes|c__CFGB3608|o__OFGB3608|f__FGB3608|g__GGB58158","Days",0.96210967302471
"Days173",0.000732234628617465,0.00720507606583693,39,0.101627605583427,0.919572980215172,"k__Bacteria|p__Firmicutes|c__Clostridia|o__Clostridiales|f__Lachnospiraceae|g__Anaerosacchariphilus","Days",0.96210967302471
"Days249",-0.00138659334162164,0.0117807198789876,11,-0.117700221706723,0.908426862523885,"k__Bacteria|p__Firmicutes|c__CFGB1798|o__OFGB1798|f__FGB1798|g__GGB4769","Days",0.96210967302471
"Days304",0.00102667969377204,0.0103629988177097,10,0.0990716791376562,0.923039229450102,"k__Bacteria|p__Firmicutes|c__Clostridia|o__Clostridia_unclassified|f__Clostridia_unclassified|g__GGB4599","Days",0.96210967302471
"Days318",-0.00131330533362733,0.0116340923439734,23,-0.112884210886261,0.911101853417176,"k__Bacteria|p__Firmicutes|c__Clostridia|o__Clostridia_unclassified|f__Clostridia_unclassified|g__Candidatus_Allobutyricicoccus","Days",0.96210967302471
"Days3",0.000707403345641294,0.00757459073577489,95,0.0933916260716528,0.925789122447431,"k__Bacteria|p__Proteobacteria|c__Gammaproteobacteria|o__Enterobacterales|f__Enterobacteriaceae|g__Escherichia","Days",0.962429852887303
"Days239",-0.00156410468528319,0.0176183300273454,14,-0.0887771248952392,0.930516504310585,"k__Bacteria|p__Firmicutes|c__Clostridia|o__Clostridia_unclassified|f__Clostridia_unclassified|g__GGB9059","Days",0.964798691311501
"Days281",0.000635977575107762,0.00765089580615568,31,0.0831245897501405,0.93428692140133,"k__Bacteria|p__Actinobacteria|c__Coriobacteriia|o__Eggerthellales|f__Eggerthellaceae|g__Raoultibacter","Days",0.966165477774604
"Days253",-0.00099246965355425,0.0126682630555291,13,-0.0783429937635436,0.938748259229817,"k__Bacteria|p__Firmicutes|c__Clostridia|o__Clostridiales|f__Lachnospiraceae|g__Oribacterium","Days",0.968237733341748
"Days153",0.000687811709959371,0.00949157243121431,22,0.0724655176941399,0.942886235070582,"k__Bacteria|p__Bacteroidetes|c__Bacteroidia|o__Bacteroidales|f__Bacteroidaceae|g__Bacteroidaceae_unclassified","Days",0.969966518584358
"Days364",0.000618336663361799,0.00902212117652654,20,0.0685356194251266,0.946039852111362,"k__Bacteria|p__Firmicutes|c__CFGB9612|o__OFGB9612|f__FGB9612|g__GGB45540","Days",0.970676306593429
"Days64",-0.000542375879813382,0.00942132548918798,66,-0.0575689567710848,0.954265918224551,"k__Bacteria|p__Bacteroidetes|c__Bacteroidia|o__Bacteroidales|f__Prevotellaceae|g__Prevotella","Days",0.971758758670942
"Days90",-0.000402278400106477,0.00838684576621093,64,-0.0479653985920646,0.961893187516922,"k__Bacteria|p__Firmicutes|c__Erysipelotrichia|o__Erysipelotrichales|f__Erysipelotrichaceae|g__Massilimicrobiota","Days",0.971758758670942
"Days150",0.000561771633103942,0.00987587967368486,39,0.0568831994380036,0.954928678789059,"k__Bacteria|p__Firmicutes|c__CFGB3035|o__OFGB3035|f__FGB3035|g__GGB9524","Days",0.971758758670942
"Days169",-0.000381119697626274,0.00705966850710123,30,-0.0539854948207427,0.95730463200956,"k__Bacteria|p__Firmicutes|c__Erysipelotrichia|o__Erysipelotrichales|f__Erysipelotrichaceae|g__Dielma","Days",0.971758758670942
"Days288",0.000212360108313637,0.00382468665192869,47,0.0555235311124244,0.955956746183865,"k__Bacteria|p__Firmicutes|c__Clostridia|o__Clostridia_unclassified|f__Clostridia_unclassified|g__Candidatus_Avimonas","Days",0.971758758670942
"Days298",0.000373458418105949,0.00739711734775416,40,0.0504870208959622,0.959985566378615,"k__Bacteria|p__Firmicutes|c__Clostridia|o__Clostridia_unclassified|f__Clostridia_unclassified|g__GGB3005","Days",0.971758758670942
"Days4",-0.000127289398545367,0.00315362465521714,101,-0.0403628879342974,0.96788349721581,"k__Bacteria|p__Firmicutes|c__Clostridia|o__Clostridiales|f__Lachnospiraceae|g__Blautia","Days",0.975309713306979
"Days47",-0.000155070895186403,0.00581893971623554,83,-0.0266493386679597,0.978803390867816,"k__Bacteria|p__Firmicutes|c__Clostridia|o__Clostridiales|f__Eubacteriaceae|g__Eubacteriaceae_unclassified","Days",0.983797285719182
"Days145",-0.000195719185042851,0.0102061332756763,23,-0.0191766244625962,0.984865595330229,"k__Bacteria|p__Firmicutes|c__Clostridia|o__Clostridiales|f__Clostridiales_unclassified|g__Monoglobus","Days",0.987371614656769
"Days243",-9.23468497403788e-05,0.00661929785524419,26,-0.0139511549049294,0.988975454051423,"k__Bacteria|p__Firmicutes|c__CFGB11737|o__OFGB11737|f__FGB11737|g__GGB34228","Days",0.988975454051423
