"","Value","Std.Error","DF","t-value","p-value","Taxa","Group","FDR"
"PrePostPost60",1.48411499138037,0.346210739906867,53,4.28673874120602,7.69352030936214e-05,"k__Bacteria|p__Firmicutes|c__Clostridia|o__Clostridiales|f__Ruminococcaceae|g__GGB9614","PrePostPost",0.0303124700188868
"PrePostPost117",-1.57841501362344,0.447863063899313,49,-3.52432504676985,0.000930857612103338,"k__Bacteria|p__Firmicutes|c__Clostridia|o__Clostridiales|f__Clostridiales_unclassified|g__Massilistercora","PrePostPost",0.09759496956966
"PrePostPost133",1.30167315067558,0.384519098775203,62,3.38519765291702,0.00123851484225457,"k__Bacteria|p__Firmicutes|c__Clostridia|o__Clostridiales|f__Eubacteriaceae|g__Anaerofustis","PrePostPost",0.09759496956966
"PrePostPost255",-2.27927369485066,0.623835989521502,25,-3.65364251683991,0.00119877002779728,"k__Bacteria|p__Firmicutes|c__Clostridia|o__Clostridia_unclassified|f__Clostridia_unclassified|g__GGB4566","PrePostPost",0.09759496956966
"PrePostPost264",-1.16545124144017,0.319504606155923,40,-3.64768212722232,0.000755607927343497,"k__Bacteria|p__Actinobacteria|c__Actinobacteria|o__Actinomycetales|f__Actinomycetaceae|g__Trueperella","PrePostPost",0.09759496956966
"PrePostPost28",1.05156323875667,0.324973850706589,67,3.23583954976767,0.00188591143469356,"k__Bacteria|p__Firmicutes|c__Clostridia|o__Clostridiales|f__Lachnospiraceae|g__Anaerotignum","PrePostPost",0.106586513949522
"PrePostPost367",-1.47180388857793,0.287091480979757,6,-5.12660244586538,0.00216419317664004,"k__Bacteria|p__Firmicutes|c__CFGB1302|o__OFGB1302|f__FGB1302|g__GGB3123","PrePostPost",0.106586513949522
"PrePostPost368",-2.1776071225402,0.563320730465441,13,-3.86566125613904,0.00194882380045196,"k__Bacteria|p__Firmicutes|c__Clostridia|o__Clostridia_unclassified|f__Clostridia_unclassified|g__GGB9348","PrePostPost",0.106586513949522
"PrePostPost308",-1.94582366606604,0.529382398814239,12,-3.67564858677674,0.00317399317020731,"k__Bacteria|p__Firmicutes|c__Clostridia|o__Clostridia_unclassified|f__Clostridia_unclassified|g__GGB4585","PrePostPost",0.13895036767352
"PrePostPost103",-0.901807507587611,0.299763175712113,56,-3.00839989917138,0.00393011808354486,"k__Bacteria|p__Firmicutes|c__Clostridia|o__Clostridiales|f__Peptococcaceae|g__Peptococcaceae_unclassified","PrePostPost",0.140769684083334
"PrePostPost233",-1.53071874260513,0.4834486654659,27,-3.16624877044594,0.0038077885773479,"k__Bacteria|p__Actinobacteria|c__Actinobacteria|o__Bifidobacteriales|f__Bifidobacteriaceae|g__Alloscardovia","PrePostPost",0.140769684083334
"PrePostPost100",0.878324845063444,0.319665619986294,55,2.74763624909399,0.00810079756749284,"k__Bacteria|p__Firmicutes|c__Clostridia|o__Clostridiales|f__Ruminococcaceae|g__GGB9621","PrePostPost",0.265976186799348
"PrePostPost97",-0.785817165840409,0.29754754025413,71,-2.64098021166385,0.0101591713589166,"k__Bacteria|p__Firmicutes|c__Clostridia|o__Clostridiales|f__Ruminococcaceae|g__GGB9694","PrePostPost",0.270577178078424
"PrePostPost187",-1.05039142216447,0.392223734992677,45,-2.67804145555873,0.0103011616019704,"k__Bacteria|p__Firmicutes|c__Clostridia|o__Clostridia_unclassified|f__Clostridia_unclassified|g__GGB9758","PrePostPost",0.270577178078424
"PrePostPost216",-1.2790674946484,0.470598197135051,41,-2.71796088985299,0.00958141367772548,"k__Bacteria|p__Firmicutes|c__CFGB2916|o__OFGB2916|f__FGB2916|g__GGB9237","PrePostPost",0.270577178078424
"PrePostPost81",-1.52878500743216,0.558164504953512,17,-2.73895060302964,0.0139881270927722,"k__Bacteria|p__Firmicutes|c__Clostridia|o__Clostridiales|f__Clostridiaceae|g__GGB9580","PrePostPost",0.295191572004666
"PrePostPost196",-2.4164707738471,0.886297697297846,21,-2.72647754948982,0.012644172814099,"k__Bacteria|p__Firmicutes|c__Clostridia|o__Clostridia_unclassified|f__Clostridia_unclassified|g__GGB4569","PrePostPost",0.295191572004666
"PrePostPost267",-1.3140283208972,0.511593008407383,55,-2.5685032815203,0.012958707272526,"k__Bacteria|p__Firmicutes|c__Clostridia|o__Clostridiales|f__Clostridiales_Family_XIII_Incertae_Sedis|g__Mogibacterium","PrePostPost",0.295191572004666
"PrePostPost286",0.995893688694849,0.39287010412685,53,2.53491848382867,0.0142351265687529,"k__Bacteria|p__Firmicutes|c__Clostridia|o__Clostridiales|f__Ruminococcaceae|g__Harryflintia","PrePostPost",0.295191572004666
"PrePostPost27",-0.971566082171569,0.396269940715939,99,-2.45177840240984,0.0159667585847271,"k__Bacteria|p__Firmicutes|c__Clostridia|o__Clostridiales|f__Ruminococcaceae|g__Ruminococcus","PrePostPost",0.31383363935814
"PrePostPost156",0.563622957771331,0.221955504164851,29,2.53935111855896,0.0167271736713729,"k__Bacteria|p__Firmicutes|c__CFGB1217|o__OFGB1217|f__FGB1217|g__GGB2982","PrePostPost",0.31383363935814
"PrePostPost192",-1.25556597486644,0.542599808587319,58,-2.31398160300749,0.0242320754571192,"k__Bacteria|p__Firmicutes|c__Bacilli|o__Bacilli_unclassified|f__Bacilli_unclassified|g__Bacilli_unclassified","PrePostPost",0.404537707557407
"PrePostPost302",-1.69158948671637,0.697597266434692,22,-2.42487975241333,0.0239757737064568,"k__Bacteria|p__Firmicutes|c__Clostridia|o__Clostridiales|f__Peptostreptococcaceae|g__Peptostreptococcus","PrePostPost",0.404537707557407
"PrePostPost347",-1.49546625555763,0.637645815300576,36,-2.34529298189261,0.0246418908156796,"k__Bacteria|p__Firmicutes|c__Erysipelotrichia|o__Erysipelotrichales|f__Erysipelotrichaceae|g__Coprobacillus","PrePostPost",0.404537707557407
"PrePostPost30",0.463398982183858,0.215214754595187,89,2.15319336750632,0.034007841177899,"k__Bacteria|p__Firmicutes|c__Clostridia|o__Clostridiales|f__Ruminococcaceae|g__Agathobaculum","PrePostPost",0.446636314136406
"PrePostPost43",0.54998576827001,0.254277774739074,101,2.16293291395355,0.0329059295800203,"k__Bacteria|p__Firmicutes|c__Bacilli|o__Lactobacillales|f__Streptococcaceae|g__Streptococcus","PrePostPost",0.446636314136406
"PrePostPost49",0.558615568965611,0.25443719057069,84,2.19549495776409,0.0308860284548916,"k__Bacteria|p__Actinobacteria|c__Coriobacteriia|o__Eggerthellales|f__Eggerthellaceae|g__Eggerthella","PrePostPost",0.446636314136406
"PrePostPost124",1.2840454090897,0.565110847104023,25,2.27220095963464,0.0319351592737279,"k__Bacteria|p__Firmicutes|c__Clostridia|o__Clostridia_unclassified|f__Clostridia_unclassified|g__Candidatus_Paralachnospira","PrePostPost",0.446636314136406
"PrePostPost317",-1.19282719491262,0.527116000195335,40,-2.26293110903595,0.0291394003132413,"k__Bacteria|p__Firmicutes|c__Erysipelotrichia|o__Erysipelotrichales|f__Erysipelotrichaceae|g__Solobacterium","PrePostPost",0.446636314136406
"PrePostPost376",2.71764034241025,1.07360943404267,9,2.5313119056499,0.0321660582907228,"k__Bacteria|p__Bacteroidetes|c__Bacteroidia|o__Bacteroidales|f__Odoribacteraceae|g__Culturomica","PrePostPost",0.446636314136406
"PrePostPost13",0.603070642813354,0.293179202367261,74,2.05700349118863,0.0432107872829589,"k__Bacteria|p__Proteobacteria|c__Betaproteobacteria|o__Burkholderiales|f__Sutterellaceae|g__Sutterella","PrePostPost",0.509717149377573
"PrePostPost35",-0.346150358823452,0.167219761806804,101,-2.0700326031045,0.0410009308685014,"k__Bacteria|p__Firmicutes|c__Clostridia|o__Clostridia_unclassified|f__Clostridia_unclassified|g__Clostridia_unclassified","PrePostPost",0.509717149377573
"PrePostPost77",-0.521441572082509,0.255435187067161,95,-2.04138504984205,0.0439857438549175,"k__Bacteria|p__Firmicutes|c__Clostridia|o__Clostridiales|f__Ruminococcaceae|g__Ruminococcaceae_unclassified","PrePostPost",0.509717149377573
"PrePostPost92",-0.904621335816034,0.4388263463093,64,-2.06145629911297,0.0433264348535379,"k__Bacteria|p__Firmicutes|c__Clostridia|o__Clostridiales|f__Ruminococcaceae|g__GGB9623","PrePostPost",0.509717149377573
"PrePostPost102",0.852661710370433,0.421645296903861,91,2.0222251182013,0.0460891143366422,"k__Bacteria|p__Firmicutes|c__Clostridia|o__Clostridiales|f__Clostridiales_unclassified|g__Intestinimonas","PrePostPost",0.518831744246772
"PrePostPost61",0.461614286116086,0.233143477910435,95,1.9799579651695,0.050601645197703,"k__Bacteria|p__Firmicutes|c__Clostridia|o__Clostridiales|f__Oscillospiraceae|g__Dysosmobacter","PrePostPost",0.538845716801207
"PrePostPost138",1.00919730551856,0.518516561871531,49,1.94631643370459,0.0573626171567842,"k__Bacteria|p__Firmicutes|c__Clostridia|o__Clostridia_unclassified|f__Clostridia_unclassified|g__Candidatus_Metaruminococcus","PrePostPost",0.538845716801207
"PrePostPost168",1.92702957664931,0.928929583040561,14,2.07446249084002,0.0569569370619245,"k__Bacteria|p__Candidatus_Melainabacteria|c__Candidatus_Melainabacteria_unclassified|o__Candidatus_Gastranaerophilales|f__Candidatus_Gastranaerophilales_unclassified|g__GGB5980","PrePostPost",0.538845716801207
"PrePostPost175",0.891103103167217,0.457403711195801,53,1.94817637320342,0.0566978946003635,"k__Bacteria|p__Firmicutes|c__Clostridia|o__Clostridiales|f__Clostridiaceae|g__Lactonifactor","PrePostPost",0.538845716801207
"PrePostPost181",-0.904141450230727,0.470386821949124,49,-1.92212325694897,0.0604146895420258,"k__Bacteria|p__Firmicutes|c__CFGB40382|o__OFGB40382|f__FGB40382|g__GGB45491","PrePostPost",0.538845716801207
"PrePostPost204",0.703204862713236,0.36120659441179,56,1.94682177344623,0.0565784220943019,"k__Bacteria|p__Firmicutes|c__Negativicutes|o__Acidaminococcales|f__Acidaminococcaceae|g__Phascolarctobacterium","PrePostPost",0.538845716801207
"PrePostPost223",-1.80365709638221,0.872180682817588,13,-2.06798560426204,0.0591446893757399,"k__Bacteria|p__Bacteroidetes|c__Bacteroidia|o__Bacteroidales|f__Bacteroidales_unclassified|g__Bacteroidales_unclassified","PrePostPost",0.538845716801207
"PrePostPost226",0.952321247406061,0.475997485732952,45,2.00068545727642,0.0514810211386446,"k__Bacteria|p__Firmicutes|c__Clostridia|o__Clostridiales|f__Ruminococcaceae|g__GGB9627","PrePostPost",0.538845716801207
"PrePostPost275",-0.996602961144899,0.507389935625995,31,-1.96417565893446,0.0585301290790143,"k__Bacteria|p__Candidatus_Saccharibacteria|c__Candidatus_Saccharibacteria_unclassified|o__Candidatus_Saccharibacteria_unclassified|f__Candidatus_Saccharibacteria_unclassified|g__Candidatus_Saccharibacteria_unclassified","PrePostPost",0.538845716801207
"PrePostPost279",1.1865472009538,0.616383094884056,39,1.92501580721807,0.0615432925280566,"k__Bacteria|p__Firmicutes|c__Clostridia|o__Clostridia_unclassified|f__Clostridia_unclassified|g__GGB9537","PrePostPost",0.538845716801207
"PrePostPost9",0.436768410282588,0.23395250699742,91,1.86691057893816,0.0651338295983105,"k__Bacteria|p__Firmicutes|c__Clostridia|o__Clostridiales|f__Lachnospiraceae|g__Dorea","PrePostPost",0.54962562331281
"PrePostPost20",0.64543187836941,0.359097839238733,95,1.79737054318591,0.0754540547932231,"k__Bacteria|p__Firmicutes|c__Clostridia|o__Clostridiales|f__Lachnospiraceae|g__Enterocloster","PrePostPost",0.54962562331281
"PrePostPost89",0.582033762132255,0.320501710583353,74,1.81600828611143,0.0734195803100746,"k__Bacteria|p__Firmicutes|c__Clostridia|o__Clostridia_unclassified|f__Clostridia_unclassified|g__Candidatus_Avimicrobium","PrePostPost",0.54962562331281
"PrePostPost122",1.28693504125377,0.693245333400565,43,1.85639192829613,0.0702579355627196,"k__Bacteria|p__Firmicutes|c__Clostridia|o__Clostridiales|f__Ruminococcaceae|g__Hydrogeniiclostidium","PrePostPost",0.54962562331281
"PrePostPost142",-1.43482467970768,0.778810617751537,47,-1.84232809235458,0.0717405892793685,"k__Bacteria|p__Firmicutes|c__Bacilli|o__Lactobacillales|f__Enterococcaceae|g__Enterococcus","PrePostPost",0.54962562331281
"PrePostPost184",-0.573730884759723,0.307327229752691,20,-1.86684038775676,0.076653923117267,"k__Bacteria|p__Firmicutes|c__Clostridia|o__Clostridiales|f__Eubacteriaceae|g__Intestinibacillus","PrePostPost",0.54962562331281
"PrePostPost206",0.992045376944628,0.525006805849328,25,1.8895857461119,0.0704641674536991,"k__Bacteria|p__Firmicutes|c__Clostridia|o__Clostridiales|f__Clostridiaceae|g__Butyricicoccus","PrePostPost",0.54962562331281
"PrePostPost324",0.885450306907307,0.490311305350253,52,1.80589412735402,0.0767243890411283,"k__Bacteria|p__Actinobacteria|c__Actinobacteria|o__Corynebacteriales|f__Corynebacteriaceae|g__Corynebacterium","PrePostPost",0.54962562331281
"PrePostPost369",-1.38299134092473,0.704788082931244,15,-1.96227969004925,0.0685560638515738,"k__Bacteria|p__Firmicutes|c__CFGB1538|o__OFGB1538|f__FGB1538|g__GGB3892","PrePostPost",0.54962562331281
"PrePostPost381",-1.34849539818608,0.683165952172575,16,-1.97389140061452,0.0659186621513705,"k__Bacteria|p__Firmicutes|c__Clostridia|o__Clostridiales|f__Ruminococcaceae|g__GGB9668","PrePostPost",0.54962562331281
"PrePostPost52",0.577355952788328,0.325530530113148,95,1.7735846545258,0.0793362951058025,"k__Bacteria|p__Firmicutes|c__Clostridia|o__Clostridiales|f__Lachnospiraceae|g__Faecalicatena","PrePostPost",0.558187504851539
"PrePostPost14",0.433588009187643,0.250077281790907,89,1.73381606710749,0.086413491252242,"k__Bacteria|p__Actinobacteria|c__Coriobacteriia|o__Coriobacteriales|f__Coriobacteriaceae|g__Collinsella","PrePostPost",0.565893029784784
"PrePostPost113",1.55258077079031,0.877252323016726,31,1.76982235333529,0.0865933051489222,"k__Bacteria|p__Firmicutes|c__Clostridia|o__Clostridiales|f__Lachnospiraceae|g__GGB3678","PrePostPost",0.565893029784784
"PrePostPost157",0.767760471039602,0.438386910070124,38,1.75133073867737,0.0879578342845241,"k__Bacteria|p__Actinobacteria|c__CFGB9370|o__OFGB9370|f__FGB9370|g__GGB51959","PrePostPost",0.565893029784784
"PrePostPost235",-1.47397340673693,0.761795558162471,8,-1.93486742071889,0.0890491569712097,"k__Bacteria|p__Firmicutes|c__Clostridia|o__Clostridiales|f__Ruminococcaceae|g__GGB9582","PrePostPost",0.565893029784784
"PrePostPost289",-1.73967351795154,0.907107216757941,9,-1.91782568346137,0.0873602048806137,"k__Bacteria|p__Firmicutes|c__Clostridia|o__Clostridiales|f__Lachnospiraceae|g__Marvinbryantia","PrePostPost",0.565893029784784
"PrePostPost303",-1.86195005610634,1.00420943523435,12,-1.85414515217318,0.088448284358031,"k__Bacteria|p__Firmicutes|c__Clostridia|o__Clostridia_unclassified|f__Clostridia_unclassified|g__GGB4603","PrePostPost",0.565893029784784
"PrePostPost178",0.507742279884581,0.298195117823196,47,1.70271828590309,0.0952265159594018,"k__Bacteria|p__Firmicutes|c__Clostridia|o__Clostridia_unclassified|f__Clostridia_unclassified|g__Candidatus_Alloruminococcus","PrePostPost",0.578156612474443
"PrePostPost274",-0.86746089804939,0.493615316616437,17,-1.75736219855481,0.0968485696023178,"k__Bacteria|p__Firmicutes|c__CFGB11371|o__OFGB11371|f__FGB11371|g__GGB33432","PrePostPost",0.578156612474443
"PrePostPost300",-1.28681094115904,0.750925994954891,32,-1.71363216855522,0.0962695339668201,"k__Bacteria|p__Firmicutes|c__Clostridia|o__Clostridiales|f__Ruminococcaceae|g__Pseudoruminococcus","PrePostPost",0.578156612474443
"PrePostPost370",0.409675116724267,0.212103250110021,7,1.93148910500788,0.0947144705735094,"k__Bacteria|p__Firmicutes|c__CFGB41366|o__OFGB41366|f__FGB41366|g__GGB45537","PrePostPost",0.578156612474443
"PrePostPost328",-0.78977864315443,0.466650634049294,30,-1.6924409515985,0.100924339659207,"k__Bacteria|p__Firmicutes|c__CFGB9612|o__OFGB9612|f__FGB9612|g__GGB45495","PrePostPost",0.593495370533246
"PrePostPost38",-0.385226003919783,0.233617976064203,87,-1.64895702980457,0.102763000923436,"k__Bacteria|p__Firmicutes|c__Clostridia|o__Clostridiales|f__Lachnospiraceae|g__Coprococcus","PrePostPost",0.595420917115203
"PrePostPost250",-0.740649480300144,0.441564541883568,27,-1.67733006174087,0.105019211758184,"k__Bacteria|p__Actinobacteria|c__Coriobacteriia|o__Coriobacteriales|f__Coriobacteriaceae|g__Enorma","PrePostPost",0.599674919314846
"PrePostPost161",0.379426849122663,0.233059471082426,58,1.62802587408461,0.10894008371998,"k__Bacteria|p__Firmicutes|c__Clostridia|o__Clostridiales|f__Ruminococcaceae|g__Phocea","PrePostPost",0.600885795413308
"PrePostPost183",1.09148304704579,0.663607512935164,32,1.64477198610683,0.109806541293802,"k__Bacteria|p__Firmicutes|c__Clostridia|o__Clostridiales|f__Ruminococcaceae|g__Angelakisella","PrePostPost",0.600885795413308
"PrePostPost323",1.27221798150693,0.741212934168691,13,1.71640013666759,0.109805176357678,"k__Bacteria|p__Firmicutes|c__Tissierellia|o__Tissierellales|f__Peptoniphilaceae|g__Peptoniphilus","PrePostPost",0.600885795413308
"PrePostPost248",-0.562074775813441,0.344398588271851,31,-1.6320472700944,0.112788112435625,"k__Bacteria|p__Actinobacteria|c__Coriobacteriia|o__Eggerthellales|f__Eggerthellaceae|g__GGB9361","PrePostPost",0.608746798625155
"PrePostPost201",-0.821457252586247,0.50831185961084,36,-1.61604974791489,0.114814678780935,"k__Bacteria|p__Firmicutes|c__Clostridia|o__Clostridiales|f__Ruminococcaceae|g__GGB9602","PrePostPost",0.611310587022816
"PrePostPost208",-1.31080214331405,0.820159815953154,30,-1.59822770857249,0.120473119480725,"k__Bacteria|p__Firmicutes|c__Clostridia|o__Clostridia_unclassified|f__Clostridia_unclassified|g__GGB9347","PrePostPost",0.62047935800948
"PrePostPost320",-1.0677532871592,0.663460498717682,21,-1.60936979552351,0.122466318136952,"k__Bacteria|p__Firmicutes|c__Erysipelotrichia|o__Erysipelotrichales|f__Erysipelotrichaceae|g__Traorella","PrePostPost",0.62047935800948
"PrePostPost355",-1.62991551142058,0.975237605509046,11,-1.67130092421919,0.12283601503741,"k__Bacteria|p__Actinobacteria|c__CFGB25442|o__OFGB25442|f__FGB25442|g__GGB51960","PrePostPost",0.62047935800948
"PrePostPost373",1.55444334855682,0.941608390343864,13,1.65083846373667,0.122709445154032,"k__Bacteria|p__Actinobacteria|c__Actinobacteria|o__Micrococcales|f__Microbacteriaceae|g__Microbacterium","PrePostPost",0.62047935800948
"PrePostPost11",0.289330088042344,0.189330417822752,91,1.52817540556642,0.129937608016476,"k__Bacteria|p__Firmicutes|c__Clostridia|o__Clostridiales|f__Eubacteriaceae|g__Eubacterium","PrePostPost",0.632042192080145
"PrePostPost79",-0.45040045091432,0.293051294709478,89,-1.53693383733668,0.127857213537959,"k__Bacteria|p__Firmicutes|c__Clostridia|o__Clostridiales|f__Oscillospiraceae|g__Oscillibacter","PrePostPost",0.632042192080145
"PrePostPost123",0.580334475993389,0.373180959887753,34,1.55510205067253,0.129182080836445,"k__Bacteria|p__Firmicutes|c__Clostridia|o__Clostridiales|f__Lachnospiraceae|g__Catenibacillus","PrePostPost",0.632042192080145
"PrePostPost23",0.336492525066904,0.245486151187545,91,1.37071897310342,0.173834082011606,"k__Bacteria|p__Firmicutes|c__Clostridia|o__Clostridiales|f__Lachnospiraceae|g__Lacrimispora","PrePostPost",0.651564636550845
"PrePostPost25",0.338935411518623,0.232114863869103,97,1.46020554594797,0.147464956449921,"k__Bacteria|p__Firmicutes|c__Clostridia|o__Clostridiales|f__Clostridiaceae|g__Clostridiaceae_unclassified","PrePostPost",0.651564636550845
"PrePostPost53",0.591481213436004,0.407043300167954,93,1.45311619965725,0.149557509689393,"k__Bacteria|p__Firmicutes|c__Clostridia|o__Clostridiales|f__Lachnospiraceae|g__Lachnospira","PrePostPost",0.651564636550845
"PrePostPost59",-0.393239671526958,0.284604903088776,95,-1.38170378394464,0.170303406865173,"k__Bacteria|p__Firmicutes|c__Erysipelotrichia|o__Erysipelotrichales|f__Erysipelotrichaceae|g__Erysipelatoclostridium","PrePostPost",0.651564636550845
"PrePostPost84",-0.570916618469662,0.379209125348766,56,-1.50554556920163,0.137803955868583,"k__Bacteria|p__Firmicutes|c__Erysipelotrichia|o__Erysipelotrichales|f__Erysipelotrichaceae|g__Erysipelotrichaceae_unclassified","PrePostPost",0.651564636550845
"PrePostPost96",0.483196416947142,0.355124029537022,53,1.36064128799476,0.179385543462863,"k__Bacteria|p__Firmicutes|c__Clostridia|o__Clostridiales|f__Lachnospiraceae|g__GGB3537","PrePostPost",0.651564636550845
"PrePostPost108",0.997157596562509,0.676246138452795,13,1.47454830403015,0.164136066391647,"k__Bacteria|p__Firmicutes|c__CFGB3606|o__OFGB3606|f__FGB3606|g__GGB42689","PrePostPost",0.651564636550845
"PrePostPost137",1.13895795096556,0.750057299937884,9,1.51849458842662,0.163205090344051,"k__Bacteria|p__Firmicutes|c__Clostridia|o__Clostridia_unclassified|f__Clostridia_unclassified|g__Candidatus_Howiella","PrePostPost",0.651564636550845
"PrePostPost139",-0.593412227415986,0.403192113746724,57,-1.4717853032928,0.146578856184695,"k__Archaea|p__Euryarchaeota|c__Methanobacteria|o__Methanobacteriales|f__Methanobacteriaceae|g__Methanobrevibacter","PrePostPost",0.651564636550845
"PrePostPost149",0.566822726777351,0.403274915748788,50,1.40554917908765,0.166041615703203,"k__Bacteria|p__Proteobacteria|c__Deltaproteobacteria|o__Desulfovibrionales|f__Desulfovibrionaceae|g__GGB9818","PrePostPost",0.651564636550845
"PrePostPost214",-0.423183998816653,0.30524404455465,32,-1.38637921481507,0.175215497588325,"k__Bacteria|p__Firmicutes|c__Clostridia|o__Clostridia_unclassified|f__Clostridia_unclassified|g__GGB9551","PrePostPost",0.651564636550845
"PrePostPost217",-0.424058811953466,0.307872638532126,33,-1.37738388827046,0.177664710042994,"k__Bacteria|p__Firmicutes|c__Clostridia|o__Clostridiales|f__Ruminococcaceae|g__GGB9712","PrePostPost",0.651564636550845
"PrePostPost224",-0.492819817416956,0.348458673897293,45,-1.41428483299059,0.164160231314241,"k__Bacteria|p__Firmicutes|c__Clostridia|o__Clostridiales|f__Ruminococcaceae|g__GGB9707","PrePostPost",0.651564636550845
"PrePostPost247",0.772318424553934,0.520632992955024,20,1.48342197863871,0.153550837203487,"k__Bacteria|p__Firmicutes|c__Clostridia|o__Clostridia_unclassified|f__Clostridia_unclassified|g__Candidatus_Heritagella","PrePostPost",0.651564636550845
"PrePostPost256",0.670873197796121,0.48806440618826,43,1.37455874530081,0.176389826589483,"k__Bacteria|p__Firmicutes|c__Bacilli|o__Lactobacillales|f__Leuconostocaceae|g__Leuconostoc","PrePostPost",0.651564636550845
"PrePostPost258",0.890571262850088,0.614739803919992,46,1.44869627307555,0.154205287822622,"k__Bacteria|p__Firmicutes|c__Clostridia|o__Clostridiales|f__Peptostreptococcaceae|g__GGB4456","PrePostPost",0.651564636550845
"PrePostPost266",-0.702760410877782,0.517987018228527,59,-1.35671433095209,0.180040565332412,"k__Bacteria|p__Firmicutes|c__Bacilli|o__Lactobacillales|f__Lactobacillaceae|g__Latilactobacillus","PrePostPost",0.651564636550845
"PrePostPost278",-0.407627568810488,0.275335146354475,57,-1.48047778936909,0.14425238144447,"k__Bacteria|p__Actinobacteria|c__Coriobacteriia|o__Eggerthellales|f__Eggerthellaceae|g__Adlercreutzia","PrePostPost",0.651564636550845
"PrePostPost293",0.903904186127756,0.613682001975909,28,1.47291949774867,0.151926051456338,"k__Bacteria|p__Firmicutes|c__Clostridia|o__Clostridiales|f__Clostridiaceae|g__GGB9574","PrePostPost",0.651564636550845
"PrePostPost301",-2.28699524954422,1.47930944387588,8,-1.54598840628784,0.160691291553199,"k__Bacteria|p__Firmicutes|c__Bacilli|o__Bacilli_unclassified|f__Bacilli_unclassified|g__GGB4651","PrePostPost",0.651564636550845
"PrePostPost310",-1.61881268356224,1.0051652537371,7,-1.61049407303293,0.151325304902499,"k__Bacteria|p__Firmicutes|c__Negativicutes|o__Selenomonadales|f__Selenomonadaceae|g__Selenomonas","PrePostPost",0.651564636550845
"PrePostPost313",-0.535805362733342,0.386068170590698,50,-1.38785168928467,0.171336114549707,"k__Bacteria|p__Firmicutes|c__CFGB2882|o__OFGB2882|f__FGB2882|g__GGB9186","PrePostPost",0.651564636550845
"PrePostPost331",-1.24847116364268,0.883572109884477,14,-1.41298163406936,0.179506669325758,"k__Bacteria|p__Firmicutes|c__Clostridia|o__Clostridiales|f__Ruminococcaceae|g__GGB9622","PrePostPost",0.651564636550845
"PrePostPost337",-0.947600198501496,0.676190562647212,23,-1.40138039607022,0.174450472163108,"k__Bacteria|p__Bacteroidetes|c__Flavobacteriia|o__Flavobacteriales|f__Flavobacteriales_unclassified|g__GGB1662","PrePostPost",0.651564636550845
"PrePostPost344",1.09571777870455,0.760303210612983,30,1.44115895265146,0.159897039791107,"k__Bacteria|p__Firmicutes|c__Bacilli|o__Lactobacillales|f__Lactobacillaceae|g__Ligilactobacillus","PrePostPost",0.651564636550845
"PrePostPost350",-1.05619890872703,0.724871985790262,12,-1.45708336014055,0.170759099656526,"k__Bacteria|p__Firmicutes|c__Clostridia|o__Clostridia_unclassified|f__Clostridia_unclassified|g__GGB9532","PrePostPost",0.651564636550845
"PrePostPost382",1.2091321157777,0.845028963532322,11,1.43087653554901,0.180255191330056,"k__Bacteria|p__Firmicutes|c__Clostridia|o__Clostridia_unclassified|f__Clostridia_unclassified|g__GGB9086","PrePostPost",0.651564636550845
"PrePostPost391",-0.413730793011083,0.263920196449572,5,-1.56763596942129,0.177751374602989,"k__Bacteria|p__Firmicutes|c__Clostridia|o__Clostridia_unclassified|f__Clostridia_unclassified|g__GGB3278","PrePostPost",0.651564636550845
"PrePostPost292",-0.754259065023994,0.550520032779311,23,-1.37008468377818,0.1838873261838,"k__Bacteria|p__Bacteroidetes|c__CFGB602|o__OFGB602|f__FGB602|g__GGB1420","PrePostPost",0.658650968331065
"PrePostPost163",-0.506667601229538,0.376599119500773,34,-1.34537648919941,0.18740842804248,"k__Bacteria|p__Firmicutes|c__Clostridia|o__Candidatus_Borkfalkiales|f__Candidatus_Borkfalkiaceae|g__Candidatus_Borkfalkia","PrePostPost",0.665215501339972
"PrePostPost162",0.458978274369361,0.348469485223739,83,1.31712615833398,0.191421106091266,"k__Bacteria|p__Firmicutes|c__Clostridia|o__Clostridiales|f__Clostridiaceae|g__Hungatella","PrePostPost",0.673392105356775
"PrePostPost284",0.525781123307486,0.380393737605736,11,1.38220236383712,0.194330738422835,"k__Bacteria|p__Firmicutes|c__CFGB3048|o__OFGB3048|f__FGB3048|g__GGB9561","PrePostPost",0.677577972907937
"PrePostPost375",-0.957075263346489,0.71200969485415,16,-1.34418852757692,0.197637741930837,"k__Bacteria|p__Firmicutes|c__Clostridia|o__Clostridiales|f__Lachnospiraceae|g__Butyrivibrio","PrePostPost",0.68306377474342
"PrePostPost180",0.660163597647408,0.502890827223605,24,1.3127374012608,0.201686594364598,"k__Bacteria|p__Firmicutes|c__Clostridia|o__Clostridiales|f__Lachnospiraceae|g__Cuneatibacter","PrePostPost",0.685038949824582
"PrePostPost379",0.969767157915916,0.729625252320726,17,1.32913047462566,0.201368456042189,"k__Bacteria|p__Synergistetes|c__Synergistia|o__Synergistales|f__Synergistaceae|g__Cloacibacillus","PrePostPost",0.685038949824582
"PrePostPost193",-0.925003394241344,0.711653665453606,24,-1.29979432291935,0.206017680464737,"k__Bacteria|p__Proteobacteria|c__Deltaproteobacteria|o__Desulfovibrionales|f__Desulfovibrionaceae|g__Desulfovibrionaceae_unclassified","PrePostPost",0.687889543246663
"PrePostPost205",-0.64883403905073,0.500756585135671,31,-1.29570745210458,0.204641456415797,"k__Bacteria|p__Firmicutes|c__Clostridia|o__Clostridiales|f__Ruminococcaceae|g__GGB9677","PrePostPost",0.687889543246663
"PrePostPost46",0.394653346760383,0.313600327988566,101,1.25845961096945,0.211126879277604,"k__Bacteria|p__Firmicutes|c__Clostridia|o__Clostridiales|f__Ruminococcaceae|g__Flavonifractor","PrePostPost",0.690566709548361
"PrePostPost270",0.520880730386147,0.407528660609595,27,1.27814502569462,0.212077593541502,"k__Bacteria|p__Actinobacteria|c__Actinobacteria|o__Actinomycetales|f__Actinomycetaceae|g__Pauljensenia","PrePostPost",0.690566709548361
"PrePostPost336",-0.518923223943563,0.400197867066828,21,-1.29666664079674,0.208813662196286,"k__Bacteria|p__Firmicutes|c__Clostridia|o__Clostridia_unclassified|f__Clostridia_unclassified|g__Candidatus_Geddesella","PrePostPost",0.690566709548361
"PrePostPost125",0.445315967364956,0.355569451908413,47,1.25240220996167,0.21661953257884,"k__Bacteria|p__Firmicutes|c__CFGB1434|o__OFGB1434|f__FGB1434|g__GGB3510","PrePostPost",0.697277615287449
"PrePostPost172",0.445592318840769,0.358120178202276,68,1.24425359408005,0.217678037259787,"k__Bacteria|p__Firmicutes|c__Clostridia|o__Clostridia_unclassified|f__Clostridia_unclassified|g__Candidatus_Schneewindia","PrePostPost",0.697277615287449
"PrePostPost85",-0.539230287934535,0.431878245309071,34,-1.24857015557391,0.220351577121024,"k__Bacteria|p__Firmicutes|c__Clostridia|o__Clostridiales|f__Lachnospiraceae|g__GGB3463","PrePostPost",0.700149366013575
"PrePostPost24",0.426481902063339,0.34874522061828,74,1.22290393344242,0.22524634404803,"k__Bacteria|p__Bacteroidetes|c__Bacteroidia|o__Bacteroidales|f__Barnesiellaceae|g__Coprobacter","PrePostPost",0.701043771016053
"PrePostPost45",-0.45084405101068,0.374440545170589,24,-1.20404709592889,0.240312487503948,"k__Bacteria|p__Firmicutes|c__CFGB12277|o__OFGB12277|f__FGB12277|g__GGB35068","PrePostPost",0.701043771016053
"PrePostPost58",0.347222660966536,0.297467477366849,35,1.16726259973061,0.250995423495242,"k__Bacteria|p__Proteobacteria|c__Betaproteobacteria|o__Burkholderiales|f__Oxalobacteraceae|g__GGB6649","PrePostPost",0.701043771016053
"PrePostPost88",-0.317456590734832,0.273330871315298,92,-1.16143701297697,0.248468724504975,"k__Bacteria|p__Actinobacteria|c__Actinobacteria|o__Actinomycetales|f__Actinomycetaceae|g__Actinomyces","PrePostPost",0.701043771016053
"PrePostPost116",-0.698399445390335,0.563116643155115,23,-1.24023939601081,0.227390899730548,"k__Bacteria|p__Firmicutes|c__CFGB14246|o__OFGB14246|f__FGB14246|g__GGB38987","PrePostPost",0.701043771016053
"PrePostPost146",0.409218822112185,0.35214599759614,67,1.16207148428675,0.249329297719359,"k__Bacteria|p__Bacteroidetes|c__Bacteroidia|o__Bacteroidales|f__Odoribacteraceae|g__Butyricimonas","PrePostPost",0.701043771016053
"PrePostPost154",0.681757250611305,0.552748273277361,19,1.23339553205481,0.232469833970529,"k__Bacteria|p__Proteobacteria|c__Alphaproteobacteria|o__Alphaproteobacteria_unclassified|f__Alphaproteobacteria_unclassified|g__GGB6613","PrePostPost",0.701043771016053
"PrePostPost195",0.633640994981915,0.506825587860885,7,1.25021508415995,0.251393931817377,"k__Bacteria|p__Firmicutes|c__Clostridia|o__Clostridiales|f__Lachnospiraceae|g__GGB3733","PrePostPost",0.701043771016053
"PrePostPost203",-0.564665777524408,0.476416907750578,51,-1.18523454633569,0.241418172079653,"k__Bacteria|p__Firmicutes|c__Clostridia|o__Clostridiales|f__Clostridiales_Family_XIII_Incertae_Sedis|g__Clostridiales_Family_XIII_Incertae_Sedis_unclassified","PrePostPost",0.701043771016053
"PrePostPost227",0.792179006842367,0.61961454537731,7,1.27850292210292,0.241826996461091,"k__Bacteria|p__Verrucomicrobia|c__CFGB6128|o__OFGB6128|f__FGB6128|g__GGB52930","PrePostPost",0.701043771016053
"PrePostPost229",-0.330158214989121,0.275835907622791,56,-1.19693704070108,0.236373658221862,"k__Bacteria|p__Firmicutes|c__Clostridia|o__Clostridia_unclassified|f__Clostridia_unclassified|g__GGB9522","PrePostPost",0.701043771016053
"PrePostPost232",-0.602213277535458,0.521339059654682,39,-1.15512787001677,0.255066546738336,"k__Bacteria|p__Firmicutes|c__Clostridia|o__Clostridia_unclassified|f__Clostridia_unclassified|g__GGB9787","PrePostPost",0.701043771016053
"PrePostPost245",-0.454144851973292,0.39251766150768,26,-1.15700488540796,0.257790154062703,"k__Bacteria|p__Firmicutes|c__CFGB24517|o__OFGB24517|f__FGB24517|g__GGB45620","PrePostPost",0.701043771016053
"PrePostPost262",-1.22089775357041,0.945299434275024,10,-1.29154605334843,0.22556753476161,"k__Bacteria|p__Proteobacteria|c__Gammaproteobacteria|o__Enterobacterales|f__Enterobacteriaceae|g__Citrobacter","PrePostPost",0.701043771016053
"PrePostPost265",-1.25018220361299,1.05416253487538,13,-1.18594824066744,0.256866809113436,"k__Bacteria|p__Firmicutes|c__CFGB4549|o__OFGB4549|f__FGB4549|g__GGB55957","PrePostPost",0.701043771016053
"PrePostPost268",-0.411210692638302,0.351497232025727,41,-1.16988316029813,0.248803867428243,"k__Bacteria|p__Actinobacteria|c__Coriobacteriia|o__Coriobacteriales|f__Atopobiaceae|g__Lancefieldella","PrePostPost",0.701043771016053
"PrePostPost272",0.831793505224581,0.733383937323839,55,1.13418560578221,0.261635986992359,"k__Bacteria|p__Firmicutes|c__Bacilli|o__Lactobacillales|f__Lactobacillaceae|g__Lacticaseibacillus","PrePostPost",0.701043771016053
"PrePostPost305",-0.361609539117141,0.315369937717355,35,-1.14662019384114,0.259317232218354,"k__Bacteria|p__Actinobacteria|c__Coriobacteriia|o__Coriobacteriia_unclassified|f__Coriobacteriia_unclassified|g__Coriobacteriia_unclassified","PrePostPost",0.701043771016053
"PrePostPost342",0.88034975699893,0.745428843808964,11,1.18099770931931,0.262509178067043,"k__Bacteria|p__Firmicutes|c__Bacilli|o__Lactobacillales|f__Aerococcaceae|g__Abiotrophia","PrePostPost",0.701043771016053
"PrePostPost345",0.851666024669063,0.693800964359617,11,1.22753652476565,0.245242528395748,"k__Bacteria|p__Actinobacteria|c__Actinobacteria|o__Actinomycetales|f__Actinomycetaceae|g__Schaalia","PrePostPost",0.701043771016053
"PrePostPost346",0.646021856306112,0.550282588305837,21,1.17398200494591,0.253544811680911,"k__Bacteria|p__Actinobacteria|c__Actinobacteria|o__Bifidobacteriales|f__Bifidobacteriaceae|g__Parascardovia","PrePostPost",0.701043771016053
"PrePostPost363",-0.685213993560587,0.592316218343291,17,-1.15683814209432,0.263336238858822,"k__Bacteria|p__Firmicutes|c__Clostridia|o__Clostridia_unclassified|f__Clostridia_unclassified|g__Candidatus_Heteroruminococcus","PrePostPost",0.701043771016053
"PrePostPost365",0.515533704971724,0.425167178782653,36,1.21254351393683,0.233201868465318,"k__Bacteria|p__Actinobacteria|c__Actinobacteria|o__Bifidobacteriales|f__Bifidobacteriaceae|g__Scardovia","PrePostPost",0.701043771016053
"PrePostPost392",-1.12574909246277,0.909305403878029,15,-1.23803189518246,0.234732025961295,"k__Bacteria|p__Actinobacteria|c__Actinobacteria|o__Bifidobacteriales|f__Bifidobacteriaceae|g__Gardnerella","PrePostPost",0.701043771016053
"PrePostPost36",-0.639222835700413,0.572612934419625,45,-1.11632622540792,0.270208031604549,"k__Bacteria|p__Firmicutes|c__Clostridia|o__Clostridiales|f__Ruminococcaceae|g__GGB9644","PrePostPost",0.714509828538204
"PrePostPost76",-0.519532134254186,0.471386100093705,42,-1.10213715285816,0.276677839817654,"k__Bacteria|p__Firmicutes|c__Clostridia|o__Clostridiales|f__Lachnospiraceae|g__Merdimonas","PrePostPost",0.715432358295339
"PrePostPost121",-1.02626494961974,0.911200746549084,19,-1.12627755574875,0.274073101633397,"k__Bacteria|p__Firmicutes|c__Clostridia|o__Clostridiales|f__Clostridiaceae|g__GGB4482","PrePostPost",0.715432358295339
"PrePostPost135",0.549007277956766,0.486039457894593,12,1.12955289748477,0.280738522581209,"k__Bacteria|p__Firmicutes|c__Tissierellia|o__Tissierellales|f__Peptoniphilaceae|g__Finegoldia","PrePostPost",0.715432358295339
"PrePostPost159",0.217801562122106,0.199818720983351,73,1.08999577742394,0.279300004847261,"k__Bacteria|p__Firmicutes|c__Erysipelotrichia|o__Erysipelotrichales|f__Erysipelotrichaceae|g__Holdemania","PrePostPost",0.715432358295339
"PrePostPost164",0.250936445926632,0.231173272923998,84,1.08549073494812,0.280809790541158,"k__Bacteria|p__Firmicutes|c__Clostridia|o__Clostridiales|f__Ruminococcaceae|g__Bittarella","PrePostPost",0.715432358295339
"PrePostPost372",-0.672473927354973,0.593724341321531,11,-1.13263661358091,0.281451816080654,"k__Bacteria|p__Firmicutes|c__Clostridia|o__Clostridia_unclassified|f__Clostridia_unclassified|g__Candidatus_Alloscillospira","PrePostPost",0.715432358295339
"PrePostPost67",0.437260171738911,0.412601639585505,76,1.05976353409109,0.292608662683228,"k__Bacteria|p__Firmicutes|c__Bacilli|o__Lactobacillales|f__Lactobacillaceae|g__Lactobacillus","PrePostPost",0.720548831857448
"PrePostPost160",0.309819130486253,0.290317371372802,77,1.06717393114037,0.289227841220047,"k__Bacteria|p__Firmicutes|c__Clostridia|o__Clostridiales|f__Ruminococcaceae|g__Massilimaliae","PrePostPost",0.720548831857448
"PrePostPost166",-0.341273233506881,0.318611658237405,48,-1.07112600773883,0.289469144642147,"k__Bacteria|p__Firmicutes|c__Clostridia|o__Clostridiales|f__Lachnospiraceae|g__Sellimonas","PrePostPost",0.720548831857448
"PrePostPost316",-1.15637692257982,1.03076419741058,9,-1.12186368665578,0.290958393790217,"k__Bacteria|p__Firmicutes|c__Clostridia|o__Clostridia_unclassified|f__Clostridia_unclassified|g__GGB4588","PrePostPost",0.720548831857448
"PrePostPost348",-0.752916129614878,0.695678690778084,26,-1.08227568214397,0.289065923304225,"k__Bacteria|p__Firmicutes|c__Clostridia|o__Clostridiales|f__Ruminococcaceae|g__Neobittarella","PrePostPost",0.720548831857448
"PrePostPost8",0.293418519594132,0.280538242314304,89,1.04591273251579,0.29843366655216,"k__Bacteria|p__Firmicutes|c__Clostridia|o__Clostridiales|f__Lachnospiraceae|g__Anaerobutyricum","PrePostPost",0.720886493114586
"PrePostPost65",-0.667915662651415,0.63023491715384,43,-1.05978841297423,0.29515773112559,"k__Bacteria|p__Proteobacteria|c__Gammaproteobacteria|o__Enterobacterales|f__Enterobacteriaceae|g__Klebsiella","PrePostPost",0.720886493114586
"PrePostPost202",-0.67283414343604,0.641196783916049,49,-1.04934110761874,0.299169305871937,"k__Bacteria|p__Firmicutes|c__Clostridia|o__Clostridia_unclassified|f__Clostridia_unclassified|g__GGB9342","PrePostPost",0.720886493114586
"PrePostPost221",0.319222911024759,0.30489472572486,37,1.04699387720084,0.301894089756108,"k__Bacteria|p__Firmicutes|c__Clostridia|o__Clostridia_unclassified|f__Clostridia_unclassified|g__GGB2977","PrePostPost",0.720886493114586
"PrePostPost362",0.768598326366973,0.714857613098507,13,1.075176807638,0.301846187243565,"k__Bacteria|p__Firmicutes|c__Clostridia|o__Clostridia_unclassified|f__Clostridia_unclassified|g__Candidatus_Protoclostridium","PrePostPost",0.720886493114586
"PrePostPost21",0.314306228577132,0.308834663169209,73,1.01771681116289,0.312173708001061,"k__Bacteria|p__Proteobacteria|c__Deltaproteobacteria|o__Desulfovibrionales|f__Desulfovibrionaceae|g__Bilophila","PrePostPost",0.723508476190694
"PrePostPost48",-0.239080495783113,0.232843489338581,100,-1.0267862608581,0.306998418909736,"k__Bacteria|p__Actinobacteria|c__Actinobacteria|o__Bifidobacteriales|f__Bifidobacteriaceae|g__Bifidobacterium","PrePostPost",0.723508476190694
"PrePostPost98",0.30632784173235,0.297363789021464,36,1.03014507159861,0.309813583821188,"k__Bacteria|p__Firmicutes|c__Clostridia|o__Clostridiales|f__Ruminococcaceae|g__GGB9501","PrePostPost",0.723508476190694
"PrePostPost191",-0.448959729825255,0.437453245457693,49,-1.02630334667085,0.309788559430278,"k__Bacteria|p__Firmicutes|c__Clostridia|o__Clostridiales|f__Ruminococcaceae|g__GGB9635","PrePostPost",0.723508476190694
"PrePostPost207",0.570957932485784,0.542975021333572,14,1.05153627708966,0.310824872904926,"k__Bacteria|p__Proteobacteria|c__Betaproteobacteria|o__Burkholderiales|f__Sutterellaceae|g__Duodenibacillus","PrePostPost",0.723508476190694
"PrePostPost37",-0.776233159403696,0.768203279795174,39,-1.01045280568271,0.318506662387394,"k__Bacteria|p__Fusobacteria|c__Fusobacteriia|o__Fusobacteriales|f__Fusobacteriaceae|g__Fusobacterium","PrePostPost",0.723876166431021
"PrePostPost148",-0.533154875523219,0.53213956891358,47,-1.0019079705193,0.321518601841189,"k__Bacteria|p__Firmicutes|c__Clostridia|o__Clostridiales|f__Ruminococcaceae|g__GGB9631","PrePostPost",0.723876166431021
"PrePostPost170",-0.272467022059896,0.272121626763908,66,-1.00126926808463,0.320353568455862,"k__Bacteria|p__Firmicutes|c__Clostridia|o__Clostridiales|f__Clostridiaceae|g__Massilioclostridium","PrePostPost",0.723876166431021
"PrePostPost213",0.838896655366828,0.82290302854195,21,1.01943561546154,0.319597757848297,"k__Bacteria|p__Proteobacteria|c__Alphaproteobacteria|o__Alphaproteobacteria_unclassified|f__Alphaproteobacteria_unclassified|g__GGB6612","PrePostPost",0.723876166431021
"PrePostPost222",-0.411520350520604,0.406172299456223,47,-1.01316695173832,0.316167995734417,"k__Bacteria|p__Bacteroidetes|c__Bacteroidia|o__Bacteroidales|f__Prevotellaceae|g__Paraprevotella","PrePostPost",0.723876166431021
"PrePostPost75",-0.382366313306687,0.387019014471294,58,-0.987978107042198,0.327267155228248,"k__Bacteria|p__Firmicutes|c__Erysipelotrichia|o__Erysipelotrichales|f__Erysipelotrichaceae|g__GGB3034","PrePostPost",0.732632154317783
"PrePostPost39",-0.492910148301537,0.511540801474829,46,-0.963579340847147,0.340295261017434,"k__Bacteria|p__Actinobacteria|c__Coriobacteriia|o__Eggerthellales|f__Eggerthellaceae|g__Slackia","PrePostPost",0.740753220115298
"PrePostPost83",-0.366649711657026,0.380193267715012,78,-0.964377180744457,0.3378372968521,"k__Bacteria|p__Firmicutes|c__Clostridia|o__Clostridiales|f__Ruminococcaceae|g__Anaeromassilibacillus","PrePostPost",0.740753220115298
"PrePostPost182",-0.418396232487744,0.421541378761732,16,-0.992538938209989,0.335708815548728,"k__Bacteria|p__Firmicutes|c__CFGB42358|o__OFGB42358|f__FGB42358|g__GGB51510","PrePostPost",0.740753220115298
"PrePostPost311",-0.556457583393375,0.571393148144144,31,-0.973861141318758,0.337663862176297,"k__Bacteria|p__Proteobacteria|c__Epsilonproteobacteria|o__Campylobacterales|f__Campylobacteraceae|g__Campylobacter","PrePostPost",0.740753220115298
"PrePostPost315",0.637432286457185,0.656896339143017,30,0.970369673986577,0.339621306270367,"k__Bacteria|p__Firmicutes|c__Clostridia|o__Clostridia_unclassified|f__Clostridia_unclassified|g__Candidatus_Heteroscilispira","PrePostPost",0.740753220115298
"PrePostPost",0.195284064346705,0.206584431773021,101,0.94529903667314,0.346762218862795,"k__Bacteria|p__Bacteroidetes|c__Bacteroidia|o__Bacteroidales|f__Bacteroidaceae|g__Bacteroides","PrePostPost",0.748387603328676
"PrePostPost78",-0.594041517570534,0.612595987130416,13,-0.969711735059192,0.349886920347595,"k__Bacteria|p__Firmicutes|c__Clostridia|o__Clostridiales|f__Ruminococcaceae|g__Fournierella","PrePostPost",0.748387603328676
"PrePostPost340",-0.673473104583019,0.685280385370362,9,-0.982770146294263,0.35140027059849,"k__Bacteria|p__Firmicutes|c__Clostridia|o__Clostridiales|f__Lachnospiraceae|g__Stomatobaculum","PrePostPost",0.748387603328676
"PrePostPost357",-0.668841937065118,0.688250465335219,14,-0.971800195934997,0.347641768988716,"k__Bacteria|p__Firmicutes|c__CFGB9736|o__OFGB9736|f__FGB9736|g__GGB45599","PrePostPost",0.748387603328676
"PrePostPost236",-0.303342364530981,0.325117891116747,62,-0.933022675217997,0.354427661533835,"k__Bacteria|p__Firmicutes|c__Clostridia|o__Clostridiales|f__Ruminococcaceae|g__GGB9730","PrePostPost",0.750776874431887
"PrePostPost155",-0.299355389123071,0.329889033367952,54,-0.907442681761341,0.368204597072714,"k__Bacteria|p__Firmicutes|c__Clostridia|o__Clostridiales|f__Ruminococcaceae|g__GGB9705","PrePostPost",0.763774269609559
"PrePostPost220",-0.36307721306325,0.396754145286417,32,-0.915118890065143,0.366973955221212,"k__Bacteria|p__Firmicutes|c__CFGB1218|o__OFGB1218|f__FGB1218|g__GGB2983","PrePostPost",0.763774269609559
"PrePostPost242",0.505101164024607,0.540753186437237,18,0.934069695182891,0.362630102938435,"k__Bacteria|p__Firmicutes|c__CFGB2950|o__OFGB2950|f__FGB2950|g__GGB9291","PrePostPost",0.763774269609559
"PrePostPost339",-0.325287905566835,0.354150747790541,22,-0.91850125291624,0.368317541182275,"k__Bacteria|p__Firmicutes|c__Clostridia|o__Clostridia_unclassified|f__Clostridia_unclassified|g__Candidatus_Woodwardibium","PrePostPost",0.763774269609559
"PrePostPost282",-0.57039443350144,0.619203993156488,16,-0.921173700114185,0.370641382910431,"k__Bacteria|p__Firmicutes|c__Clostridia|o__Clostridia_unclassified|f__Clostridia_unclassified|g__GGB9774","PrePostPost",0.764569135427799
"PrePostPost10",0.179389405793559,0.216165120083717,93,0.829872116852543,0.408736263032506,"k__Bacteria|p__Bacteroidetes|c__Bacteroidia|o__Bacteroidales|f__Tannerellaceae|g__Parabacteroides","PrePostPost",0.771460007810788
"PrePostPost12",-0.539618403855442,0.653687259038195,14,-0.825499344517455,0.422932390068858,"k__Bacteria|p__Planctomycetes|c__Planctomycetia|o__Pirellulales|f__Pirellulaceae|g__GGB6601","PrePostPost",0.771460007810788
"PrePostPost42",0.455084907130938,0.53470209024387,36,0.851099921684204,0.400339770009945,"k__Bacteria|p__Candidatus_Melainabacteria|c__Candidatus_Melainabacteria_unclassified|o__Candidatus_Gastranaerophilales|f__Candidatus_Gastranaerophilales_unclassified|g__Candidatus_Gastranaerophilales_unclassified","PrePostPost",0.771460007810788
"PrePostPost72",-0.326703135640953,0.382283558248828,67,-0.854609434780615,0.395812954462804,"k__Bacteria|p__Firmicutes|c__Clostridia|o__Clostridiales|f__Peptostreptococcaceae|g__Romboutsia","PrePostPost",0.771460007810788
"PrePostPost94",-0.256377514410827,0.289783312684419,71,-0.884721456304242,0.379293244251468,"k__Bacteria|p__Actinobacteria|c__Coriobacteriia|o__Eggerthellales|f__Eggerthellaceae|g__Gordonibacter","PrePostPost",0.771460007810788
"PrePostPost101",-0.545450345567955,0.654181411817148,17,-0.833790651514898,0.415961330323065,"k__Bacteria|p__Firmicutes|c__Erysipelotrichia|o__Erysipelotrichales|f__Erysipelotrichaceae|g__Longicatena","PrePostPost",0.771460007810788
"PrePostPost104",0.269336978981688,0.305256890338943,24,0.882328908882711,0.386351152621396,"k__Bacteria|p__Firmicutes|c__Clostridia|o__Clostridiales|f__Ruminococcaceae|g__Negativibacillus","PrePostPost",0.771460007810788
"PrePostPost114",0.312975371211072,0.385637388679246,83,0.811579427718274,0.419354368989685,"k__Bacteria|p__Firmicutes|c__Negativicutes|o__Veillonellales|f__Veillonellaceae|g__Veillonella","PrePostPost",0.771460007810788
"PrePostPost129",-0.192574207761604,0.230658942651173,93,-0.834887238917222,0.405920810866599,"k__Bacteria|p__Firmicutes|c__Clostridia|o__Clostridiales|f__Ruminococcaceae|g__Ruthenibacterium","PrePostPost",0.771460007810788
"PrePostPost209",0.532761387572609,0.628176249471863,14,0.848108135289303,0.410644031793467,"k__Bacteria|p__Firmicutes|c__Clostridia|o__Clostridia_unclassified|f__Clostridia_unclassified|g__GGB9350","PrePostPost",0.771460007810788
"PrePostPost212",-0.483926943457292,0.571010607195277,9,-0.847492038430377,0.418687384264986,"k__Bacteria|p__Firmicutes|c__Erysipelotrichia|o__Erysipelotrichales|f__Erysipelotrichaceae|g__Catenibacterium","PrePostPost",0.771460007810788
"PrePostPost237",0.314122608200184,0.365258839540049,35,0.860000016962606,0.395641743019974,"k__Bacteria|p__Firmicutes|c__Clostridia|o__Clostridiales|f__Ruminococcaceae|g__GGB9640","PrePostPost",0.771460007810788
"PrePostPost251",-0.746137464431952,0.851922609507787,15,-0.875827752550253,0.394932842209732,"k__Bacteria|p__Firmicutes|c__Clostridia|o__Clostridiales|f__Ruminococcaceae|g__GGB9709","PrePostPost",0.771460007810788
"PrePostPost259",0.2866785170909,0.354314588425408,63,0.809107291813508,0.421498677262532,"k__Bacteria|p__Actinobacteria|c__Actinobacteria|o__Micrococcales|f__Micrococcaceae|g__Rothia","PrePostPost",0.771460007810788
"PrePostPost273",0.475846701420027,0.579296154388896,40,0.821422165182508,0.416275017853604,"k__Bacteria|p__Actinobacteria|c__Actinobacteria|o__Propionibacteriales|f__Propionibacteriaceae|g__Propionibacterium","PrePostPost",0.771460007810788
"PrePostPost276",0.630936164745699,0.736200204010439,23,0.857017101202477,0.400277303823507,"k__Bacteria|p__Bacteroidetes|c__Bacteroidia|o__Bacteroidales|f__Prevotellaceae|g__GGB1266","PrePostPost",0.771460007810788
"PrePostPost297",0.238034977877901,0.291581841785888,55,0.816357343859199,0.417817619282261,"k__Bacteria|p__Bacteroidetes|c__Bacteroidia|o__Marinilabiliales|f__Marinilabiliaceae|g__GGB58233","PrePostPost",0.771460007810788
"PrePostPost299",0.791660215003043,0.883536414796065,11,0.896013114734803,0.389433087599509,"k__Bacteria|p__Firmicutes|c__Clostridia|o__Clostridiales|f__Ruminococcaceae|g__GGB9696","PrePostPost",0.771460007810788
"PrePostPost306",-0.33566361651303,0.393298598735239,30,-0.853457443256725,0.400168998622576,"k__Bacteria|p__Firmicutes|c__Bacilli|o__Bacillales|f__Bacillales_unclassified|g__Gemella","PrePostPost",0.771460007810788
"PrePostPost319",-0.516381580509932,0.586648477944274,9,-0.880223165871715,0.401631078860548,"k__Bacteria|p__Firmicutes|c__Clostridia|o__Clostridiales|f__Lachnospiraceae|g__Extibacter","PrePostPost",0.771460007810788
"PrePostPost334",0.518385899822725,0.619241409100837,10,0.837130547479765,0.422074330189816,"k__Bacteria|p__Firmicutes|c__Clostridia|o__Clostridiales|f__Ruminococcaceae|g__GGB58485","PrePostPost",0.771460007810788
"PrePostPost341",0.953426152991546,1.0479602563876,10,0.909792281892517,0.384336254383091,"k__Bacteria|p__Firmicutes|c__Negativicutes|o__Acidaminococcales|f__Acidaminococcaceae|g__Acidaminococcus","PrePostPost",0.771460007810788
"PrePostPost349",-0.529469912906792,0.633492502903958,22,-0.83579507331133,0.412256032596877,"k__Bacteria|p__Firmicutes|c__Erysipelotrichia|o__Erysipelotrichales|f__Erysipelotrichaceae|g__Faecalitalea","PrePostPost",0.771460007810788
"PrePostPost371",-1.00558618664641,1.19347388522599,9,-0.842570750055409,0.421294643157182,"k__Bacteria|p__Firmicutes|c__CFGB12541|o__OFGB12541|f__FGB12541|g__GGB35551","PrePostPost",0.771460007810788
"PrePostPost386",0.740107057204927,0.847899063042732,8,0.872871653553917,0.40816749205807,"k__Bacteria|p__Firmicutes|c__Tissierellia|o__Tissierellales|f__Peptoniphilaceae|g__Anaerococcus","PrePostPost",0.771460007810788
"PrePostPost7",-0.315329198688275,0.409736924409359,69,-0.769589411896,0.444170145905965,"k__Bacteria|p__Firmicutes|c__Negativicutes|o__Veillonellales|f__Veillonellaceae|g__Dialister","PrePostPost",0.777407488226142
"PrePostPost16",-0.215076900673775,0.280916105733883,89,-0.765626805596973,0.445924092231239,"k__Bacteria|p__Firmicutes|c__Clostridia|o__Clostridiales|f__Ruminococcaceae|g__Gemmiger","PrePostPost",0.777407488226142
"PrePostPost62",0.20955996263454,0.266838068270891,65,0.785345074608311,0.435104590643454,"k__Bacteria|p__Proteobacteria|c__Betaproteobacteria|o__Burkholderiales|f__Sutterellaceae|g__Parasutterella","PrePostPost",0.777407488226142
"PrePostPost80",0.365026763499467,0.473948882073142,57,0.770181716439062,0.444372545556062,"k__Bacteria|p__Firmicutes|c__Bacilli|o__Lactobacillales|f__Lactobacillaceae|g__Limosilactobacillus","PrePostPost",0.777407488226142
"PrePostPost87",0.278277109823736,0.352065421571721,89,0.790413067495887,0.431387668618708,"k__Bacteria|p__Firmicutes|c__Clostridia|o__Clostridiales|f__Lachnospiraceae|g__Lachnoclostridium","PrePostPost",0.777407488226142
"PrePostPost143",0.301888146342791,0.390632864043848,77,0.772818096300533,0.441995887553761,"k__Bacteria|p__Firmicutes|c__Clostridia|o__Clostridiales|f__Lachnospiraceae|g__Eisenbergiella","PrePostPost",0.777407488226142
"PrePostPost240",-0.46340940447978,0.598651741355225,42,-0.774088459896093,0.443214245776664,"k__Bacteria|p__Firmicutes|c__Erysipelotrichia|o__Erysipelotrichales|f__Erysipelotrichaceae|g__Turicibacter","PrePostPost",0.777407488226142
"PrePostPost271",-0.383037630170473,0.494322384509939,53,-0.774874135125823,0.441857487039992,"k__Bacteria|p__Actinobacteria|c__Actinobacteria|o__Micrococcales|f__Promicromonosporaceae|g__Isoptericola","PrePostPost",0.777407488226142
"PrePostPost351",0.842516119651435,1.04339727336404,9,0.807473951829547,0.44021163091773,"k__Bacteria|p__Proteobacteria|c__Alphaproteobacteria|o__Alphaproteobacteria_unclassified|f__Alphaproteobacteria_unclassified|g__Alphaproteobacteria_unclassified","PrePostPost",0.777407488226142
"PrePostPost354",-0.799069320576161,1.0029233748875,11,-0.796740150428536,0.442459123901209,"k__Bacteria|p__Firmicutes|c__Clostridia|o__Clostridiales|f__Peptostreptococcaceae|g__Terrisporobacter","PrePostPost",0.777407488226142
"PrePostPost211",-0.361045927004285,0.456554081806995,7,-0.790806481403696,0.455010529966845,"k__Bacteria|p__Bacteroidetes|c__Bacteroidia|o__Bacteroidales|f__Tannerellaceae|g__GGB1407","PrePostPost",0.782856545008458
"PrePostPost261",0.497572780442198,0.658716243720076,66,0.755367406202363,0.452715897423217,"k__Bacteria|p__Firmicutes|c__Bacilli|o__Lactobacillales|f__Streptococcaceae|g__Lactococcus","PrePostPost",0.782856545008458
"PrePostPost330",0.418342832914133,0.550332108695134,23,0.760164319516165,0.45487865483207,"k__Bacteria|p__Firmicutes|c__Clostridia|o__Clostridiales|f__Ruminococcaceae|g__GGB9697","PrePostPost",0.782856545008458
"PrePostPost144",-0.267554814579077,0.360325383483963,91,-0.742536681685056,0.459674689427283,"k__Bacteria|p__Firmicutes|c__Clostridia|o__Clostridiales|f__Ruminococcaceae|g__Candidatus_Cibiobacter","PrePostPost",0.784033885862985
"PrePostPost335",0.528169194632493,0.681346037389843,9,0.775184951035817,0.458113102125695,"k__Bacteria|p__Firmicutes|c__Clostridia|o__Clostridia_unclassified|f__Clostridia_unclassified|g__Candidatus_Neochristensenella","PrePostPost",0.784033885862985
"PrePostPost82",-0.325170798300865,0.444616856100275,92,-0.731350586104474,0.466423757280829,"k__Bacteria|p__Firmicutes|c__Clostridia|o__Clostridiales|f__Peptostreptococcaceae|g__Intestinibacter","PrePostPost",0.788716568105779
"PrePostPost285",0.338794192003253,0.455322647443859,22,0.744074984860106,0.464704933931543,"k__Bacteria|p__Firmicutes|c__Clostridia|o__Clostridiales|f__Ruminococcaceae|g__GGB9590","PrePostPost",0.788716568105779
"PrePostPost174",0.184611693250388,0.253777158823258,60,0.727455907010766,0.469775886628,"k__Bacteria|p__Firmicutes|c__Clostridia|o__Clostridiales|f__Oscillospiraceae|g__Oscillospiraceae_unclassified","PrePostPost",0.790990168083042
"PrePostPost34",-0.251323334182404,0.352183664532827,50,-0.713614399224862,0.478783543612764,"k__Bacteria|p__Proteobacteria|c__Deltaproteobacteria|o__Desulfovibrionales|f__Desulfovibrionaceae|g__Desulfovibrio","PrePostPost",0.799325068573851
"PrePostPost189",-0.502359798195378,0.699863888623609,36,-0.717796426364199,0.477515246439643,"k__Bacteria|p__Bacteroidetes|c__Bacteroidia|o__Bacteroidales|f__Rikenellaceae|g__Rikenellaceae_unclassified","PrePostPost",0.799325068573851
"PrePostPost95",-0.293048688821406,0.419257150164184,39,-0.698971236880864,0.488717736103418,"k__Bacteria|p__Firmicutes|c__Clostridia|o__Clostridiales|f__Ruminococcaceae|g__GGB9608","PrePostPost",0.80757481510042
"PrePostPost111",0.455089254710439,0.650386026859843,28,0.699721758949336,0.489874062967006,"k__Bacteria|p__Firmicutes|c__Clostridia|o__Clostridia_unclassified|f__Clostridia_unclassified|g__Candidatus_Neoruminococcus","PrePostPost",0.80757481510042
"PrePostPost131",-0.277312560875938,0.396280072733219,41,-0.699789315579914,0.488010631319918,"k__Bacteria|p__Firmicutes|c__Clostridia|o__Clostridia_unclassified|f__Clostridia_unclassified|g__Candidatus_Pseudobutyricicoccus","PrePostPost",0.80757481510042
"PrePostPost71",-0.304039761422782,0.440383787483775,63,-0.690397262714817,0.492480149395473,"k__Bacteria|p__Firmicutes|c__Clostridia|o__Clostridiales|f__Ruminococcaceae|g__Pseudoflavonifractor","PrePostPost",0.808488245257568
"PrePostPost140",0.317824280798655,0.464798224270385,40,0.683789791360666,0.498050265328305,"k__Bacteria|p__Firmicutes|c__Clostridia|o__Clostridiales|f__Ruminococcaceae|g__GGB9512","PrePostPost",0.814239852860382
"PrePostPost32",0.187698393573265,0.288463203120407,59,0.650684009408709,0.517776555461724,"k__Bacteria|p__Firmicutes|c__CFGB3053|o__OFGB3053|f__FGB3053|g__GGB9581","PrePostPost",0.82317920847484
"PrePostPost120",0.333689662955966,0.507191634097608,60,0.65791633876151,0.513108304300512,"k__Bacteria|p__Proteobacteria|c__Gammaproteobacteria|o__Pasteurellales|f__Pasteurellaceae|g__Haemophilus","PrePostPost",0.82317920847484
"PrePostPost126",0.470368877644679,0.718351555681289,27,0.654789251759298,0.518143258126295,"k__Bacteria|p__Firmicutes|c__CFGB1872|o__OFGB1872|f__FGB1872|g__GGB4964","PrePostPost",0.82317920847484
"PrePostPost147",0.634947727108512,0.969841228007349,30,0.654692447353558,0.517654247000486,"k__Bacteria|p__Proteobacteria|c__Alphaproteobacteria|o__Alphaproteobacteria_unclassified|f__Alphaproteobacteria_unclassified|g__GGB6606","PrePostPost",0.82317920847484
"PrePostPost254",-0.710077659468872,1.06974094746525,14,-0.663784686518174,0.517610846015814,"k__Bacteria|p__Bacteroidetes|c__Bacteroidia|o__Bacteroidales|f__Porphyromonadaceae|g__Porphyromonas","PrePostPost",0.82317920847484
"PrePostPost257",-0.27089274337547,0.407748048451856,43,-0.664363065388051,0.510005117904103,"k__Bacteria|p__Firmicutes|c__Clostridia|o__Clostridiales|f__Lachnospiraceae|g__GGB3570","PrePostPost",0.82317920847484
"PrePostPost295",0.5213373322909,0.776756976516413,28,0.671171741036669,0.507610708323179,"k__Bacteria|p__Firmicutes|c__Bacilli|o__Lactobacillales|f__Enterococcaceae|g__GGB33516","PrePostPost",0.82317920847484
"PrePostPost176",-0.254426906624465,0.392404379999865,36,-0.648379374930915,0.520854164047489,"k__Bacteria|p__Firmicutes|c__Clostridia|o__Clostridia_unclassified|f__Clostridia_unclassified|g__Candidatus_Pseudolachnospira","PrePostPost",0.824162813794018
"PrePostPost15",-0.142194387127671,0.223869306410278,97,-0.635166961508676,0.526815027176706,"k__Bacteria|p__Bacteroidetes|c__Bacteroidia|o__Bacteroidales|f__Rikenellaceae|g__Alistipes","PrePostPost",0.830011142014027
"PrePostPost389",0.593271738402902,0.920013229677477,15,0.644851312204371,0.528763443262743,"k__Bacteria|p__Firmicutes|c__Erysipelotrichia|o__Erysipelotrichales|f__Erysipelotrichaceae|g__Massilicoli","PrePostPost",0.830011142014027
"PrePostPost68",0.229616961382418,0.368531335640525,55,0.623059531649683,0.535820568163971,"k__Bacteria|p__Firmicutes|c__CFGB1340|o__OFGB1340|f__FGB1340|g__GGB3256","PrePostPost",0.831154739592931
"PrePostPost110",-0.407206712638898,0.643947629654914,20,-0.632359983772465,0.53431488974635,"k__Bacteria|p__Firmicutes|c__Erysipelotrichia|o__Erysipelotrichales|f__Erysipelotrichaceae|g__Merdibacter","PrePostPost",0.831154739592931
"PrePostPost287",0.361509597634644,0.567394448655163,16,0.63713982132094,0.533045202148139,"k__Bacteria|p__Firmicutes|c__Bacilli|o__Bacillales|f__Staphylococcaceae|g__Staphylococcus","PrePostPost",0.831154739592931
"PrePostPost54",0.189772359364797,0.311148902646918,95,0.609908496383627,0.543378558329837,"k__Bacteria|p__Firmicutes|c__Clostridia|o__Clostridiales|f__Lachnospiraceae|g__Fusicatenibacter","PrePostPost",0.834218957707234
"PrePostPost91",-0.281657979086928,0.454730208680956,27,-0.619395794935065,0.540847577756364,"k__Bacteria|p__Firmicutes|c__Clostridia|o__Clostridia_unclassified|f__Clostridia_unclassified|g__Candidatus_Pseudoruminococcus","PrePostPost",0.834218957707234
"PrePostPost119",0.545350969210572,0.879509381353197,8,0.620062708565434,0.552464738247205,"k__Bacteria|p__Firmicutes|c__Clostridia|o__Clostridia_unclassified|f__Clostridia_unclassified|g__Candidatus_Metalachnospira","PrePostPost",0.834218957707234
"PrePostPost190",-0.431778365189153,0.712082471201101,16,-0.60636005329671,0.552782369683821,"k__Bacteria|p__Firmicutes|c__Negativicutes|o__Veillonellales|f__Veillonellaceae|g__Megasphaera","PrePostPost",0.834218957707234
"PrePostPost218",0.420793623668641,0.686295943875447,24,0.613137273247545,0.545552815631967,"k__Bacteria|p__Firmicutes|c__Clostridia|o__Clostridiales|f__Ruminococcaceae|g__GGB9618","PrePostPost",0.834218957707234
"PrePostPost283",0.177364015866118,0.299041400573005,60,0.593108564654472,0.555337649342743,"k__Bacteria|p__Firmicutes|c__Clostridia|o__Clostridiales|f__Ruminococcaceae|g__GGB9646","PrePostPost",0.834218957707234
"PrePostPost312",0.358597915324088,0.594731370478121,46,0.602957794265672,0.549498157965767,"k__Bacteria|p__Actinobacteria|c__Actinobacteria|o__Actinomycetales|f__Actinomycetaceae|g__Actinobaculum","PrePostPost",0.834218957707234
"PrePostPost327",0.450825596318449,0.744011295693359,11,0.605939182547378,0.556851740804575,"k__Bacteria|p__Actinobacteria|c__Actinobacteria|o__Actinomycetales|f__Actinomycetaceae|g__Peptidiphaga","PrePostPost",0.834218957707234
"PrePostPost329",-0.384818504181599,0.643479204163565,68,-0.598027879831503,0.551807961619773,"k__Bacteria|p__Firmicutes|c__Clostridia|o__Clostridia_unclassified|f__Clostridia_unclassified|g__GGB3293","PrePostPost",0.834218957707234
"PrePostPost22",-0.18618172923176,0.320696483013292,97,-0.580554321900822,0.56288720315781,"k__Bacteria|p__Firmicutes|c__Clostridia|o__Clostridiales|f__Ruminococcaceae|g__Faecalibacterium","PrePostPost",0.840066507743096
"PrePostPost73",-0.157947689552913,0.275669022333947,81,-0.572961329552564,0.568258060815168,"k__Bacteria|p__Firmicutes|c__Firmicutes_unclassified|o__Firmicutes_unclassified|f__Firmicutes_unclassified|g__Firmicutes_unclassified","PrePostPost",0.840139757318373
"PrePostPost186",-0.246287243688078,0.428668003554152,67,-0.574540767321267,0.567526075794851,"k__Bacteria|p__Firmicutes|c__Clostridia|o__Clostridiales|f__Ruminococcaceae|g__GGB9633","PrePostPost",0.840139757318373
"PrePostPost263",-0.422098601302886,0.719602859378134,11,-0.586571600990655,0.569333287319811,"k__Bacteria|p__Firmicutes|c__Bacilli|o__Lactobacillales|f__Lactobacillaceae|g__Lactiplantibacillus","PrePostPost",0.840139757318373
"PrePostPost177",0.231525290235801,0.407387522913641,58,0.568317086836458,0.572013537658096,"k__Bacteria|p__Firmicutes|c__Clostridia|o__Clostridiales|f__Christensenellaceae|g__Christensenella","PrePostPost",0.840945275512275
"PrePostPost31",0.184151106361179,0.329959584363018,67,0.558102007300923,0.578634977427304,"k__Bacteria|p__Firmicutes|c__Clostridia|o__Clostridiales|f__Ruminococcaceae|g__GGB9615","PrePostPost",0.846530466811247
"PrePostPost314",0.559844630164678,0.991402518522607,16,0.564699624728572,0.580109710758976,"k__Bacteria|p__Firmicutes|c__CFGB16911|o__OFGB16911|f__FGB16911|g__GGB49418","PrePostPost",0.846530466811247
"PrePostPost107",-0.146822822237172,0.266393880262271,79,-0.551149381106733,0.583086733732259,"k__Bacteria|p__Firmicutes|c__Clostridia|o__Clostridia_unclassified|f__Clostridia_unclassified|g__GGB9494","PrePostPost",0.847734956053543
"PrePostPost5",0.0921873350499731,0.17981987047847,101,0.512664895179151,0.609305149011147,"k__Bacteria|p__Firmicutes|c__Clostridia|o__Clostridiales|f__Clostridiaceae|g__Clostridium","PrePostPost",0.847820802519417
"PrePostPost41",0.15969530111995,0.300305817984553,53,0.53177558194415,0.597103486920306,"k__Bacteria|p__Actinobacteria|c__Coriobacteriia|o__Coriobacteriales|f__Coriobacteriaceae|g__Senegalimassilia","PrePostPost",0.847820802519417
"PrePostPost74",-0.16843425083497,0.31503578630939,78,-0.534651167120279,0.594411907365225,"k__Bacteria|p__Firmicutes|c__Clostridia|o__Clostridiales|f__Lachnospiraceae|g__GGB3746","PrePostPost",0.847820802519417
"PrePostPost99",-0.375778837157042,0.722511557016253,14,-0.520100797707501,0.611119563237347,"k__Bacteria|p__Firmicutes|c__Clostridia|o__Clostridiales|f__Clostridiaceae|g__GGB3532","PrePostPost",0.847820802519417
"PrePostPost128",0.17948975064956,0.349473644350157,65,0.513600248692058,0.609273009100373,"k__Bacteria|p__Firmicutes|c__CFGB3047|o__OFGB3047|f__FGB3047|g__GGB9557","PrePostPost",0.847820802519417
"PrePostPost132",0.152735501499677,0.293301182581173,77,0.520746285969735,0.604037822466312,"k__Bacteria|p__Firmicutes|c__Clostridia|o__Clostridia_unclassified|f__Clostridia_unclassified|g__Candidatus_Pararuminococcus","PrePostPost",0.847820802519417
"PrePostPost167",-0.219602268078097,0.418565471925848,40,-0.524654523144712,0.602719155190696,"k__Bacteria|p__Firmicutes|c__Clostridia|o__Clostridiales|f__Ruminococcaceae|g__GGB9610","PrePostPost",0.847820802519417
"PrePostPost171",0.231877743567226,0.437382970440049,42,0.530148083575214,0.598801082148641,"k__Bacteria|p__Lentisphaerae|c__Lentisphaeria|o__Lentisphaeria_unclassified|f__Lentisphaeria_unclassified|g__Lentisphaeria_unclassified","PrePostPost",0.847820802519417
"PrePostPost188",-0.232406925471483,0.430418498782771,25,-0.539955708522596,0.594005262209217,"k__Bacteria|p__Firmicutes|c__Erysipelotrichia|o__Erysipelotrichales|f__Erysipelotrichaceae|g__Holdemanella","PrePostPost",0.847820802519417
"PrePostPost199",0.334953176762898,0.638171888720558,33,0.524863571528402,0.603186598315723,"k__Bacteria|p__Firmicutes|c__Clostridia|o__Clostridiales|f__Lachnospiraceae|g__Tyzzerella","PrePostPost",0.847820802519417
"PrePostPost321",0.21223764892048,0.409824421923196,52,0.517874576445459,0.606742194655677,"k__Bacteria|p__Firmicutes|c__CFGB40183|o__OFGB40183|f__FGB40183|g__GGB42389","PrePostPost",0.847820802519417
"PrePostPost377",-0.321566458950084,0.6099502495811,17,-0.527201126929497,0.604866468126716,"k__Eukaryota|p__Ascomycota|c__Saccharomycetes|o__Saccharomycetales|f__Saccharomycetaceae|g__Saccharomyces","PrePostPost",0.847820802519417
"PrePostPost384",-0.461465682925589,0.867630935744794,8,-0.531868636668028,0.609265229319814,"k__Bacteria|p__Firmicutes|c__Negativicutes|o__Acidaminococcales|f__Acidaminococcaceae|g__Acidaminococcaceae_unclassified","PrePostPost",0.847820802519417
"PrePostPost291",0.221018093302934,0.437332144957073,42,0.505378111011319,0.615935270050667,"k__Bacteria|p__Firmicutes|c__Clostridia|o__Clostridiales|f__Catabacteriaceae|g__Catabacter","PrePostPost",0.851503496140221
"PrePostPost332",0.29240321668124,0.580769429165315,16,0.503475565340075,0.621490692166815,"k__Bacteria|p__Firmicutes|c__Negativicutes|o__Selenomonadales|f__Selenomonadaceae|g__Megamonas","PrePostPost",0.856179485013025
"PrePostPost69",-0.299798233833129,0.611441098785718,23,-0.490314168328738,0.628556522563784,"k__Bacteria|p__Firmicutes|c__Clostridia|o__Clostridiales|f__Ruminococcaceae|g__GGB9452","PrePostPost",0.85742702706765
"PrePostPost86",-0.121620483444964,0.249837969576953,71,-0.486797437758968,0.627901312091249,"k__Bacteria|p__Actinobacteria|c__Coriobacteriia|o__Eggerthellales|f__Eggerthellaceae|g__GGB45432","PrePostPost",0.85742702706765
"PrePostPost353",0.338559758816384,0.688652654817539,18,0.491626303112252,0.62892490056485,"k__Bacteria|p__Firmicutes|c__Clostridia|o__Clostridia_unclassified|f__Clostridia_unclassified|g__GGB3277","PrePostPost",0.85742702706765
"PrePostPost246",0.240469672177433,0.494275001451665,22,0.486509881080742,0.631417110767888,"k__Bacteria|p__Firmicutes|c__Clostridia|o__Clostridiales|f__Clostridiaceae|g__GGB3478","PrePostPost",0.857856350491545
"PrePostPost252",0.208005796436321,0.424658514457197,9,0.489818970666811,0.635979807459885,"k__Bacteria|p__Firmicutes|c__Clostridia|o__Clostridia_unclassified|f__Clostridia_unclassified|g__Candidatus_Cryptoclostridium","PrePostPost",0.861086062334002
"PrePostPost118",-0.205012697837285,0.43860673673159,49,-0.467418032301554,0.642272909976105,"k__Bacteria|p__Firmicutes|c__Clostridia|o__Clostridiales|f__Ruminococcaceae|g__GGB9695","PrePostPost",0.866628515515703
"PrePostPost66",-0.312174191658576,0.676369910187263,33,-0.461543582818677,0.647436730435591,"k__Bacteria|p__Firmicutes|c__Bacilli|o__Lactobacillales|f__Lactobacillaceae|g__Pediococcus","PrePostPost",0.870614579493593
"PrePostPost151",0.108436471203562,0.245202237826354,81,0.442232795935386,0.659499324775104,"k__Bacteria|p__Firmicutes|c__Clostridia|o__Clostridiales|f__Ruminococcaceae|g__GGB9699","PrePostPost",0.872819388364561
"PrePostPost158",0.136100644300028,0.302103922398371,49,0.450509358566216,0.654330343110411,"k__Bacteria|p__Firmicutes|c__CFGB3048|o__OFGB3048|f__FGB3048|g__GGB9559","PrePostPost",0.872819388364561
"PrePostPost238",0.226183961785068,0.523673017902802,17,0.431918304080065,0.671229123539244,"k__Bacteria|p__Firmicutes|c__Clostridia|o__Clostridiales|f__Lachnospiraceae|g__GGB3614","PrePostPost",0.872819388364561
"PrePostPost241",-0.246625455806813,0.56711625160409,21,-0.434876368133045,0.668088440193457,"k__Bacteria|p__Firmicutes|c__Clostridia|o__Clostridiales|f__Ruminococcaceae|g__GGB9691","PrePostPost",0.872819388364561
"PrePostPost277",-0.18765527723809,0.424388669157912,21,-0.442177868722186,0.662880871166684,"k__Bacteria|p__Firmicutes|c__Clostridia|o__Clostridiales|f__Clostridiales_unclassified|g__Evtepia","PrePostPost",0.872819388364561
"PrePostPost326",-0.420071527189276,0.956802007290763,11,-0.43903704631508,0.669133956129966,"k__Bacteria|p__Firmicutes|c__CFGB1425|o__OFGB1425|f__FGB1425|g__GGB3491","PrePostPost",0.872819388364561
"PrePostPost366",0.228235175862351,0.49734600291742,15,0.45890622328023,0.652880969015238,"k__Bacteria|p__Firmicutes|c__Bacilli|o__Lactobacillales|f__Carnobacteriaceae|g__Granulicatella","PrePostPost",0.872819388364561
"PrePostPost378",-0.384717006223323,0.859866390990957,11,-0.44741486613979,0.66325788016945,"k__Bacteria|p__Firmicutes|c__Clostridia|o__Clostridiales|f__Ruminococcaceae|g__GGB3341","PrePostPost",0.872819388364561
"PrePostPost383",-0.582708563341038,1.24774741650724,5,-0.467008431059058,0.660137072137433,"k__Bacteria|p__Bacteroidetes|c__Bacteroidia|o__Bacteroidales|f__Rikenellaceae|g__GGB1681","PrePostPost",0.872819388364561
"PrePostPost387",0.364992541785307,0.819224917449133,9,0.445533984637339,0.666457977825592,"k__Bacteria|p__Verrucomicrobia|c__Opitutae|o__Opitutales|f__Opitutales_unclassified|g__Opitutales_unclassified","PrePostPost",0.872819388364561
"PrePostPost56",0.171786941435825,0.406533810545073,39,0.42256495518908,0.674933468907312,"k__Bacteria|p__Firmicutes|c__CFGB42691|o__OFGB42691|f__FGB42691|g__GGB51441","PrePostPost",0.87474929851803
"PrePostPost360",-0.26196522091968,0.620546167884805,21,-0.42215266885398,0.677204182888058,"k__Bacteria|p__Firmicutes|c__Clostridia|o__Clostridiales|f__Lachnospiraceae|g__GGB3569","PrePostPost",0.874814583796377
"PrePostPost194",0.263902152139575,0.634663650615346,24,0.415814190530221,0.681240566205925,"k__Bacteria|p__Firmicutes|c__Clostridia|o__Clostridiales|f__Ruminococcaceae|g__GGB9636","PrePostPost",0.877152885899133
"PrePostPost322",-0.172503942951318,0.420784362594551,34,-0.409958064714337,0.684408435630352,"k__Bacteria|p__Actinobacteria|c__Actinobacteria|o__Micrococcales|f__Kytococcaceae|g__Kytococcus","PrePostPost",0.878361314782927
"PrePostPost1",0.116299126403955,0.29693340445954,95,0.39166737274183,0.696181181769422,"k__Bacteria|p__Bacteroidetes|c__Bacteroidia|o__Bacteroidales|f__Bacteroidales_unclassified|g__Phocaeicola","PrePostPost",0.882566458116056
"PrePostPost19",0.0978090030415406,0.258777601533488,75,0.377965490297209,0.706523853715757,"k__Bacteria|p__Bacteroidetes|c__Bacteroidia|o__Bacteroidales|f__Barnesiellaceae|g__Barnesiella","PrePostPost",0.882566458116056
"PrePostPost40",0.139445683643174,0.37278297616658,95,0.3740666622632,0.709188307295474,"k__Bacteria|p__Firmicutes|c__Clostridia|o__Clostridiales|f__Ruminococcaceae|g__Anaerotruncus","PrePostPost",0.882566458116056
"PrePostPost50",0.11203003085671,0.312842508457755,74,0.358103607495648,0.721285277952715,"k__Bacteria|p__Firmicutes|c__Erysipelotrichia|o__Erysipelotrichales|f__Erysipelotrichaceae|g__Faecalibacillus","PrePostPost",0.882566458116056
"PrePostPost63",-0.0971307971328203,0.237585527898888,9,-0.408824552538222,0.692225361558393,"k__Bacteria|p__Proteobacteria|c__Gammaproteobacteria|o__Aeromonadales|f__Aeromonadaceae|g__GGB41458","PrePostPost",0.882566458116056
"PrePostPost93",-0.213536793295672,0.586870582477848,17,-0.363856699707268,0.720450778139257,"k__Bacteria|p__Firmicutes|c__Clostridia|o__Clostridia_unclassified|f__Clostridia_unclassified|g__Candidatus_Pseudoscilispira","PrePostPost",0.882566458116056
"PrePostPost109",0.177151689098934,0.445046619316254,66,0.398051982444223,0.691876547178079,"k__Bacteria|p__Firmicutes|c__Clostridia|o__Clostridia_unclassified|f__Clostridia_unclassified|g__GGB2980","PrePostPost",0.882566458116056
"PrePostPost115",-0.377402230685155,0.981496698074677,17,-0.384517066053787,0.705362919602702,"k__Bacteria|p__Firmicutes|c__Clostridia|o__Clostridiales|f__Ruminococcaceae|g__GGB9454","PrePostPost",0.882566458116056
"PrePostPost127",0.156906521743947,0.421051252800592,46,0.372654209434824,0.711117399666515,"k__Bacteria|p__Firmicutes|c__Clostridia|o__Clostridia_unclassified|f__Clostridia_unclassified|g__Candidatus_Aristotella","PrePostPost",0.882566458116056
"PrePostPost179",0.20102185342816,0.513569499205831,44,0.39142093473038,0.69737532896843,"k__Bacteria|p__Firmicutes|c__Clostridia|o__Clostridia_unclassified|f__Clostridia_unclassified|g__Candidatus_Allochristensenella","PrePostPost",0.882566458116056
"PrePostPost253",-0.270377644205411,0.721057993051655,13,-0.374973506723254,0.713726415710695,"k__Bacteria|p__Firmicutes|c__Clostridia|o__Clostridiales|f__Lachnospiraceae|g__Oribacterium","PrePostPost",0.882566458116056
"PrePostPost260",-0.835538322926906,2.16997881509816,6,-0.385044460855305,0.713483956884897,"k__Bacteria|p__Firmicutes|c__CFGB1424|o__OFGB1424|f__FGB1424|g__GGB3490","PrePostPost",0.882566458116056
"PrePostPost294",-0.374997538924846,0.960415795795359,25,-0.390453322994647,0.699508615432721,"k__Bacteria|p__Firmicutes|c__Clostridia|o__Clostridia_unclassified|f__Clostridia_unclassified|g__GGB9176","PrePostPost",0.882566458116056
"PrePostPost359",0.23467766007442,0.643155334005902,14,0.364884884982181,0.720650376251194,"k__Bacteria|p__Firmicutes|c__Clostridia|o__Clostridiales|f__Ruminococcaceae|g__GGB9620","PrePostPost",0.882566458116056
"PrePostPost388",-0.157314273317758,0.416986863760526,8,-0.377264338495093,0.715788547106712,"k__Bacteria|p__Firmicutes|c__CFGB1470|o__OFGB1470|f__FGB1470|g__GGB3717","PrePostPost",0.882566458116056
"PrePostPost169",-0.144499727491415,0.405409571069569,30,-0.356428998728839,0.7240139683559,"k__Bacteria|p__Firmicutes|c__Erysipelotrichia|o__Erysipelotrichales|f__Erysipelotrichaceae|g__Dielma","PrePostPost",0.883162549635371
"PrePostPost26",0.104418166164347,0.300334832380406,101,0.347672513829799,0.728809644766476,"k__Bacteria|p__Firmicutes|c__Clostridia|o__Clostridiales|f__Lachnospiraceae|g__Anaerostipes","PrePostPost",0.883541538578436
"PrePostPost152",0.0886773159451891,0.253449199540491,46,0.349882012276871,0.728024169916134,"k__Bacteria|p__Proteobacteria|c__Alphaproteobacteria|o__Rhizobiales|f__Phyllobacteriaceae|g__GGB38171","PrePostPost",0.883541538578436
"PrePostPost130",0.290929313379665,0.836213263399884,19,0.347912818551577,0.731730465393222,"k__Bacteria|p__Firmicutes|c__CFGB3035|o__OFGB3035|f__FGB3035|g__GGB9523","PrePostPost",0.884361360015121
"PrePostPost385",-0.339677764191399,0.97791243207827,12,-0.34734987821917,0.73434453200744,"k__Bacteria|p__Firmicutes|c__CFGB1798|o__OFGB1798|f__FGB1798|g__GGB4768","PrePostPost",0.884806561501319
"PrePostPost57",-0.253235174988575,0.781969918329969,23,-0.323842604494815,0.748983637529258,"k__Bacteria|p__Firmicutes|c__Clostridia|o__Clostridiales|f__Clostridiaceae|g__GGB9568","PrePostPost",0.892414472854959
"PrePostPost70",-0.25836052958061,0.818203837224959,23,-0.315765482666119,0.755028043520513,"k__Bacteria|p__Firmicutes|c__Clostridia|o__Clostridiales|f__Ruminococcaceae|g__Drancourtella","PrePostPost",0.892414472854959
"PrePostPost134",0.114021002292624,0.359946218757722,86,0.316772329727876,0.752184034917853,"k__Bacteria|p__Firmicutes|c__Clostridia|o__Clostridiales|f__Christensenellaceae|g__Christensenellaceae_unclassified","PrePostPost",0.892414472854959
"PrePostPost185",-0.181911147625878,0.577138435774117,28,-0.315194997161956,0.754950742203596,"k__Bacteria|p__Bacteroidetes|c__Bacteroidia|o__Bacteroidales|f__Bacteroidales_unclassified|g__GGB1495","PrePostPost",0.892414472854959
"PrePostPost228",0.160667156707548,0.510895629781061,40,0.314481368291211,0.754789984166395,"k__Bacteria|p__Firmicutes|c__Clostridia|o__Clostridiales|f__Clostridiales_unclassified|g__Lawsonibacter","PrePostPost",0.892414472854959
"PrePostPost244",-0.135830416497431,0.425773750205642,10,-0.319020175461327,0.756275158864928,"k__Bacteria|p__Verrucomicrobia|c__CFGB2164|o__OFGB2164|f__FGB2164|g__GGB6132","PrePostPost",0.892414472854959
"PrePostPost290",-0.151255237687206,0.489682449266472,44,-0.308884334968063,0.758867384496076,"k__Bacteria|p__Firmicutes|c__Clostridia|o__Clostridia_unclassified|f__Clostridia_unclassified|g__Candidatus_Parachristensenella","PrePostPost",0.892414472854959
"PrePostPost304",0.18574392837984,0.598424370660402,10,0.310388308843203,0.76263818649499,"k__Bacteria|p__Firmicutes|c__Clostridia|o__Clostridia_unclassified|f__Clostridia_unclassified|g__GGB4599","PrePostPost",0.892414472854959
"PrePostPost343",-0.243741431512303,0.794794726703089,15,-0.306672180027381,0.763308825766805,"k__Bacteria|p__Firmicutes|c__Clostridia|o__Clostridiales|f__Lachnospiraceae|g__Murimonas","PrePostPost",0.892414472854959
"PrePostPost390",-0.389303184766255,1.247178804115,15,-0.312147050191817,0.759225851965834,"k__Bacteria|p__Firmicutes|c__Clostridia|o__Clostridiales|f__Eubacteriaceae|g__Pseudoramibacter","PrePostPost",0.892414472854959
"PrePostPost6",0.0491060870034842,0.1747135490981,101,0.281066278242173,0.779234550153297,"k__Bacteria|p__Firmicutes|c__Clostridia|o__Clostridiales|f__Lachnospiraceae|g__Lachnospiraceae_unclassified","PrePostPost",0.892495385931393
"PrePostPost18",-0.0572490503063629,0.199046427054941,101,-0.287616568422807,0.774229576250048,"k__Bacteria|p__Firmicutes|c__Clostridia|o__Clostridiales|f__Lachnospiraceae|g__Mediterraneibacter","PrePostPost",0.892495385931393
"PrePostPost51",0.123474376128713,0.41277858275901,61,0.299129802964608,0.765857787932225,"k__Bacteria|p__Firmicutes|c__Clostridia|o__Clostridiales|f__Lachnospiraceae|g__GGB3571","PrePostPost",0.892495385931393
"PrePostPost230",0.192320879114343,0.654438634416869,7,0.29387152438778,0.777378417028734,"k__Bacteria|p__Proteobacteria|c__Betaproteobacteria|o__Burkholderiales|f__Oxalobacteraceae|g__Oxalobacter","PrePostPost",0.892495385931393
"PrePostPost231",0.148531554288818,0.504303017895643,6,0.294528386739803,0.778278617685947,"k__Bacteria|p__Actinobacteria|c__Coriobacteriia|o__Coriobacteriales|f__Coriobacteriales_unclassified|g__Coriobacteriales_unclassified","PrePostPost",0.892495385931393
"PrePostPost280",0.0893786385733888,0.316010099040567,54,0.282834753840937,0.778384892977709,"k__Bacteria|p__Firmicutes|c__Clostridia|o__Clostridiales|f__Ruminococcaceae|g__GGB9667","PrePostPost",0.892495385931393
"PrePostPost338",-0.290403290750119,0.987328859453209,17,-0.294130256570183,0.772219417669346,"k__Bacteria|p__Firmicutes|c__Clostridia|o__Clostridia_unclassified|f__Clostridia_unclassified|g__Candidatus_Avispirillum","PrePostPost",0.892495385931393
"PrePostPost44",0.0993123701971708,0.367185952295794,84,0.27046887163365,0.787463002626988,"k__Bacteria|p__Firmicutes|c__Clostridia|o__Clostridiales|f__Ruminococcaceae|g__GGB9632","PrePostPost",0.899305574014589
"PrePostPost234",0.119490970006062,0.45329382380253,39,0.263605996224904,0.79347140052441,"k__Bacteria|p__Firmicutes|c__Clostridia|o__Clostridiales|f__Ruminococcaceae|g__GGB9634","PrePostPost",0.900053537142319
"PrePostPost309",-0.252722864084139,0.937159293029011,17,-0.269669058359661,0.790660898822589,"k__Bacteria|p__Proteobacteria|c__Alphaproteobacteria|o__Rhodobacterales|f__Rhodobacteraceae|g__Rhodobacteraceae_unclassified","PrePostPost",0.900053537142319
"PrePostPost352",-0.178306885287199,0.680361600926076,18,-0.262076644308697,0.796238043438577,"k__Bacteria|p__Firmicutes|c__Clostridia|o__Clostridiales|f__Ruminococcaceae|g__Neglecta","PrePostPost",0.900053537142319
"PrePostPost358",0.252331415396681,0.963674159464271,14,0.261843085568423,0.797255544321495,"k__Bacteria|p__Firmicutes|c__Clostridia|o__Clostridia_unclassified|f__Clostridia_unclassified|g__GGB3817","PrePostPost",0.900053537142319
"PrePostPost145",-0.1442558413895,0.583663696359756,23,-0.24715575474234,0.806980546077244,"k__Bacteria|p__Firmicutes|c__Clostridia|o__Clostridiales|f__Clostridiales_unclassified|g__Monoglobus","PrePostPost",0.903956102941144
"PrePostPost200",-0.160710435792859,0.65545385432335,39,-0.245189550313601,0.80759530008955,"k__Bacteria|p__Firmicutes|c__Clostridia|o__Clostridiales|f__Lachnospiraceae|g__Faecalimonas","PrePostPost",0.903956102941144
"PrePostPost307",-0.254252168016736,1.0242816773069,19,-0.248224852254735,0.806623499246791,"k__Bacteria|p__Firmicutes|c__Tissierellia|o__Tissierellales|f__Peptoniphilaceae|g__Parvimonas","PrePostPost",0.903956102941144
"PrePostPost2",-0.0830590508444499,0.354246980162617,87,-0.234466503585498,0.815173753091593,"k__Bacteria|p__Verrucomicrobia|c__Verrucomicrobiae|o__Verrucomicrobiales|f__Akkermansiaceae|g__Akkermansia","PrePostPost",0.904832944089613
"PrePostPost17",0.0504001462919599,0.216221562682909,97,0.233094912767197,0.816178874169638,"k__Bacteria|p__Firmicutes|c__Clostridia|o__Clostridiales|f__Lachnospiraceae|g__Roseburia","PrePostPost",0.904832944089613
"PrePostPost47",0.0794031303456558,0.334090989862592,83,0.237669176227451,0.812723400462188,"k__Bacteria|p__Firmicutes|c__Clostridia|o__Clostridiales|f__Eubacteriaceae|g__Eubacteriaceae_unclassified","PrePostPost",0.904832944089613
"PrePostPost106",0.0921719444990645,0.408598426092298,73,0.225580762462956,0.822157852751476,"k__Bacteria|p__Firmicutes|c__Clostridia|o__Clostridiales|f__Ruminococcaceae|g__GGB9619","PrePostPost",0.904832944089613
"PrePostPost296",-0.155816279505535,0.677259624635179,20,-0.230068756260893,0.820375144894593,"k__Bacteria|p__Bacteroidetes|c__Bacteroidia|o__Bacteroidales|f__Porphyromonadaceae|g__Sanguibacteroides","PrePostPost",0.904832944089613
"PrePostPost318",0.153166516332929,0.666023387462515,23,0.229971678496875,0.820146796793722,"k__Bacteria|p__Firmicutes|c__Clostridia|o__Clostridia_unclassified|f__Clostridia_unclassified|g__Candidatus_Allobutyricicoccus","PrePostPost",0.904832944089613
"PrePostPost136",-0.0904802375035091,0.4190575571083,67,-0.215913628017751,0.829711063983387,"k__Bacteria|p__Actinobacteria|c__Coriobacteriia|o__Coriobacteriales|f__Atopobiaceae|g__Olsenella","PrePostPost",0.905557227727021
"PrePostPost153",-0.117431347202462,0.53808546986704,22,-0.218239208784953,0.829254418256287,"k__Bacteria|p__Bacteroidetes|c__Bacteroidia|o__Bacteroidales|f__Bacteroidaceae|g__Bacteroidaceae_unclassified","PrePostPost",0.905557227727021
"PrePostPost361",0.140976280409113,0.628527340509462,15,0.224296178261462,0.825553393123942,"k__Bacteria|p__Firmicutes|c__Clostridia|o__Clostridiales|f__Clostridiaceae|g__GGB4491","PrePostPost",0.905557227727021
"PrePostPost197",0.0654010808285282,0.307894254167319,42,0.212414099786959,0.832811548698025,"k__Bacteria|p__Firmicutes|c__Clostridia|o__Clostridiales|f__Ruminococcaceae|g__GGB9642","PrePostPost",0.905993410483165
"PrePostPost215",-0.167651067551979,0.787475993110705,13,-0.212896734654374,0.834709664988296,"k__Bacteria|p__Firmicutes|c__Clostridia|o__Clostridiales|f__Ruminococcaceae|g__GGB9637","PrePostPost",0.905993410483165
"PrePostPost3",-0.0779992476286885,0.435086487590697,95,-0.179272971819032,0.858105170402522,"k__Bacteria|p__Proteobacteria|c__Gammaproteobacteria|o__Enterobacterales|f__Enterobacteriaceae|g__Escherichia","PrePostPost",0.912564918055524
"PrePostPost4",0.034590380695394,0.180886011561284,101,0.191227505083635,0.848731246063692,"k__Bacteria|p__Firmicutes|c__Clostridia|o__Clostridiales|f__Lachnospiraceae|g__Blautia","PrePostPost",0.912564918055524
"PrePostPost173",-0.0820806790852444,0.415868392439751,39,-0.197371766110202,0.844561711304176,"k__Bacteria|p__Firmicutes|c__Clostridia|o__Clostridiales|f__Lachnospiraceae|g__Anaerosacchariphilus","PrePostPost",0.912564918055524
"PrePostPost198",0.165141873725966,0.867971794487903,15,0.190261797416353,0.851654953431655,"k__Bacteria|p__Firmicutes|c__Negativicutes|o__Veillonellales|f__Veillonellaceae|g__Allisonella","PrePostPost",0.912564918055524
"PrePostPost210",0.136355752173836,0.758412750478481,22,0.179790954315852,0.858962400638626,"k__Bacteria|p__Lentisphaerae|c__Lentisphaeria|o__Victivallales|f__Victivallaceae|g__Victivallis","PrePostPost",0.912564918055524
"PrePostPost281",0.0796896011021006,0.441289504580086,31,0.180583495131909,0.857869916373185,"k__Bacteria|p__Actinobacteria|c__Coriobacteriia|o__Eggerthellales|f__Eggerthellaceae|g__Raoultibacter","PrePostPost",0.912564918055524
"PrePostPost288",0.0389469438896768,0.218977217270496,47,0.177858429178808,0.859598523101752,"k__Bacteria|p__Firmicutes|c__Clostridia|o__Clostridia_unclassified|f__Clostridia_unclassified|g__Candidatus_Avimonas","PrePostPost",0.912564918055524
"PrePostPost325",0.0969170977372549,0.523100968444312,36,0.18527416996662,0.854053910751184,"k__Bacteria|p__Firmicutes|c__Clostridia|o__Clostridiales|f__Clostridiaceae|g__GGB3486","PrePostPost",0.912564918055524
"PrePostPost364",-0.0917171253670982,0.519390719851294,20,-0.17658599174309,0.861609516539733,"k__Bacteria|p__Firmicutes|c__CFGB9612|o__OFGB9612|f__FGB9612|g__GGB45540","PrePostPost",0.912564918055524
"PrePostPost225",0.102908900296885,0.600212568244743,16,0.171454091002844,0.86601640596988,"k__Bacteria|p__Firmicutes|c__Clostridia|o__Clostridiales|f__Eubacteriaceae|g__GGB9778","PrePostPost",0.914105452772247
"PrePostPost333",0.17327881915699,1.01988627441772,13,0.169900138381527,0.867704160753351,"k__Bacteria|p__Firmicutes|c__Clostridia|o__Clostridiales|f__Ruminococcaceae|g__Subdoligranulum","PrePostPost",0.914105452772247
"PrePostPost105",0.080521337139138,0.532939862949046,40,0.151088974079682,0.880664939121535,"k__Bacteria|p__Firmicutes|c__Clostridia|o__Clostridiales|f__Lachnospiraceae|g__GGB3677","PrePostPost",0.915688871223918
"PrePostPost112",-0.0478032496778043,0.317787337852912,76,-0.150425281261301,0.880827619781383,"k__Bacteria|p__Firmicutes|c__CFGB3608|o__OFGB3608|f__FGB3608|g__GGB58158","PrePostPost",0.915688871223918
"PrePostPost150",0.0893100740426108,0.565261738699749,39,0.157997734373544,0.875273835377724,"k__Bacteria|p__Firmicutes|c__CFGB3035|o__OFGB3035|f__FGB3035|g__GGB9524","PrePostPost",0.915688871223918
"PrePostPost239",-0.157109603837267,0.995680968402741,14,-0.157791108621168,0.876874662640767,"k__Bacteria|p__Firmicutes|c__Clostridia|o__Clostridia_unclassified|f__Clostridia_unclassified|g__GGB9059","PrePostPost",0.915688871223918
"PrePostPost243",-0.0593742330653086,0.380762161523773,26,-0.155935224308263,0.877288499972428,"k__Bacteria|p__Firmicutes|c__CFGB11737|o__OFGB11737|f__FGB11737|g__GGB34228","PrePostPost",0.915688871223918
"PrePostPost64",-0.0737700430806287,0.540804407315212,66,-0.136407991656087,0.891913990271827,"k__Bacteria|p__Bacteroidetes|c__Bacteroidia|o__Bacteroidales|f__Prevotellaceae|g__Prevotella","PrePostPost",0.924773979387105
"PrePostPost55",-0.0406626110415407,0.328587860459663,71,-0.123749584006718,0.901863217304015,"k__Bacteria|p__Actinobacteria|c__Coriobacteriia|o__Eggerthellales|f__Eggerthellaceae|g__Eggerthellaceae_unclassified","PrePostPost",0.930193998999429
"PrePostPost219",-0.245222449387523,1.87168720524358,6,-0.131016789931846,0.900044609258115,"k__Bacteria|p__Firmicutes|c__Clostridia|o__Clostridia_unclassified|f__Clostridia_unclassified|g__GGB9047","PrePostPost",0.930193998999429
"PrePostPost356",0.0856654470451802,0.694335583670432,9,0.123377584355293,0.904519469236872,"k__Bacteria|p__Synergistetes|c__Synergistia|o__Synergistales|f__Synergistaceae|g__Pyramidobacter","PrePostPost",0.930497835194067
"PrePostPost249",0.0606202592725262,0.67365189996394,11,0.0899875132479714,0.929914763322578,"k__Bacteria|p__Firmicutes|c__CFGB1798|o__OFGB1798|f__FGB1798|g__GGB4769","PrePostPost",0.954131293617437
"PrePostPost29",-0.0186786730150134,0.234731704216862,101,-0.0795745639786123,0.936733079637502,"k__Bacteria|p__Firmicutes|c__Clostridia|o__Clostridiales|f__Clostridiales_unclassified|g__Clostridiales_unclassified","PrePostPost",0.956147236728434
"PrePostPost33",0.0203379074198745,0.247114184010305,83,0.0823016594588774,0.934604989449205,"k__Bacteria|p__Bacteroidetes|c__Bacteroidia|o__Bacteroidales|f__Odoribacteraceae|g__Odoribacter","PrePostPost",0.956147236728434
"PrePostPost380",0.134740439651922,1.82213541997787,9,0.0739464466661637,0.942670442208296,"k__Bacteria|p__Proteobacteria|c__Gammaproteobacteria|o__Enterobacterales|f__Hafniaceae|g__Hafnia","PrePostPost",0.959721328759868
"PrePostPost90",-0.0275957555865564,0.481018640918029,64,-0.0573694099128666,0.954429671706511,"k__Bacteria|p__Firmicutes|c__Erysipelotrichia|o__Erysipelotrichales|f__Erysipelotrichaceae|g__Massilimicrobiota","PrePostPost",0.966697405276003
"PrePostPost374",0.0858570790081508,1.44834192238024,11,0.0592795649158943,0.953792675656643,"k__Archaea|p__Crenarchaeota|c__Thermoprotei|o__Thermoproteales|f__Thermofilaceae|g__GGB1567","PrePostPost",0.966697405276003
"PrePostPost298",-0.021830006838126,0.424745725747586,40,-0.0513954714899214,0.959266200667214,"k__Bacteria|p__Firmicutes|c__Clostridia|o__Clostridia_unclassified|f__Clostridia_unclassified|g__GGB3005","PrePostPost",0.969104828366365
"PrePostPost393",-0.0382927369047043,1.07916392506782,9,-0.0354837073545595,0.972468584955791,"k__Bacteria|p__Firmicutes|c__Bacilli|o__Bacilli_unclassified|f__Bacilli_unclassified|g__GGB4750","PrePostPost",0.979929980748291
"PrePostPost165",0.00417665346495179,0.42498377944135,35,0.00982779500535781,0.992214486215012,"k__Bacteria|p__Firmicutes|c__Clostridia|o__Clostridiales|f__Ruminococcaceae|g__Anaerofilum","PrePostPost",0.997276805022231
"PrePostPost269",-0.00294717958004364,0.450883013301734,27,-0.00653646177189507,0.994832752633236,"k__Bacteria|p__Candidatus_Saccharibacteria|c__Candidatus_Saccharimonia|o__Candidatus_Saccharimonales|f__Candidatus_Sacchiramonaceaea|g__Candidatus_Nanosynsacchari","PrePostPost",0.997364133683194
"PrePostPost141",0.00097956530105027,0.446956508349963,28,0.00219163449407314,0.998266870468966,"k__Bacteria|p__Firmicutes|c__Clostridia|o__Clostridiales|f__Lachnospiraceae|g__GGB3433","PrePostPost",0.998266870468966
