"","Value","Std.Error","DF","t-value","p-value","Taxa","Group","FDR"
"PrePostPost8",-0.86024606353693,0.400710105979761,57,-2.14680401292494,0.0360769456287907,"k__Archaea|p__Euryarchaeota","PrePostPost",0.54115418443186
"PrePostPost6",-1.10338837501625,0.630097258104518,41,-1.75113978171482,0.08740083527544,"k__Bacteria|p__Fusobacteria","PrePostPost",0.6555062645658
"PrePostPost",-0.196139234158963,0.18762229109572,101,-1.04539408944163,0.298336378397571,"k__Bacteria|p__Bacteroidetes","PrePostPost",0.86354698065726
"PrePostPost1",-0.111799236306673,0.1506142263588,101,-0.74228868686242,0.459635256176478,"k__Bacteria|p__Firmicutes","PrePostPost",0.86354698065726
"PrePostPost2",-0.156298856139417,0.344337389643799,89,-0.453911950430655,0.650997167790616,"k__Bacteria|p__Verrucomicrobia","PrePostPost",0.86354698065726
"PrePostPost4",-0.380685954280399,0.507397858519933,22,-0.750271109521137,0.461040800771733,"k__Bacteria|p__Planctomycetes","PrePostPost",0.86354698065726
"PrePostPost5",-0.149374014154695,0.170208732694144,101,-0.877593128098265,0.382247361055558,"k__Bacteria|p__Actinobacteria","PrePostPost",0.86354698065726
"PrePostPost7",0.249396905858281,0.422541917721205,36,0.590229975769726,0.55872353855637,"k__Bacteria|p__Candidatus_Melainabacteria","PrePostPost",0.86354698065726
"PrePostPost9",0.114076359533956,0.35353895020271,46,0.322669848593902,0.748407383236292,"k__Bacteria|p__Lentisphaerae","PrePostPost",0.86354698065726
"PrePostPost10",0.499127861277918,0.974612559135887,6,0.512129519160369,0.626858908599743,"k__Archaea|p__Candidatus_Thermoplasmatota","PrePostPost",0.86354698065726
"PrePostPost11",-0.467940577425184,0.452355470307191,47,-1.03445323012765,0.306217812336525,"k__Bacteria|p__Candidatus_Saccharibacteria","PrePostPost",0.86354698065726
"PrePostPost12",0.195096940982483,0.506435754546055,29,0.385235322015047,0.702874263438901,"k__Bacteria|p__Synergistetes","PrePostPost",0.86354698065726
"PrePostPost14",0.743863562940677,0.877263443746644,19,0.847936350526316,0.407029009566706,"k__Eukaryota|p__Ascomycota","PrePostPost",0.86354698065726
"PrePostPost3",-0.0407256731779143,0.175404883235513,101,-0.232180954296653,0.816867273198733,"k__Bacteria|p__Proteobacteria","PrePostPost",0.875214935570071
"PrePostPost13",0.142869903977395,1.26195491708211,11,0.113213160029313,0.911901335856507,"k__Archaea|p__Crenarchaeota","PrePostPost",0.911901335856507
