"Feature","ImportanceMean","ImportanceMedian","Decision"
"UNMAPPED",0.148126419576159,0,"Rejected"
"UNINTEGRATED",-0.125125187813048,0,"Rejected"
"PWY0-1586: peptidoglycan maturation (meso-diaminopimelate containing)",0.250250375626096,0,"Rejected"
"VALSYN-PWY: L-valine biosynthesis",0.0850404206725181,0,"Rejected"
"PWY-7238: sucrose biosynthesis II",-0.0379937019963958,0,"Rejected"
"PWY66-429: fatty acid biosynthesis initiation (mitochondria)",-0.164203648066703,0,"Rejected"
"ILEUSYN-PWY: L-isoleucine biosynthesis I (from threonine)",0.187546192746671,0,"Rejected"
"PWY-1042: glycolysis IV",0.125125187813048,0,"Rejected"
"PWY-6385: peptidoglycan biosynthesis III (mycobacteria)",1.38777878078145e-17,0,"Rejected"
"PWY-6122: 5-aminoimidazole ribonucleotide biosynthesis II",1.38777878078145e-17,0,"Rejected"
"PWY-6277: superpathway of 5-aminoimidazole ribonucleotide biosynthesis",0.084003892494546,0,"Rejected"
"PWY-7221: guanosine ribonucleotides de novo biosynthesis",-0.227232073353139,0,"Rejected"
"PWY-6387: UDP-N-acetylmuramoyl-pentapeptide biosynthesis I (meso-diaminopimelate containing)",0.0294789354012981,0,"Rejected"
"BRANCHED-CHAIN-AA-SYN-PWY: superpathway of branched chain amino acid biosynthesis",-0.0579169798260322,0,"Rejected"
"PWY-7953: UDP-N-acetylmuramoyl-pentapeptide biosynthesis III (meso-diaminopimelate containing)",0.062562593906524,0,"Rejected"
"PWY-5686: UMP biosynthesis I",0,0,"Rejected"
"PWY-7790: UMP biosynthesis II",-0.0368214458240505,0,"Rejected"
"PWY-7791: UMP biosynthesis III",-0.0696605368678527,0,"Rejected"
"PEPTIDOGLYCANSYN-PWY: peptidoglycan biosynthesis I (meso-diaminopimelate containing)",0,0,"Rejected"
"PWY-6386: UDP-N-acetylmuramoyl-pentapeptide biosynthesis II (lysine-containing)",0.125125187813048,0,"Rejected"
"PWY-6121: 5-aminoimidazole ribonucleotide biosynthesis I",0.0550140180259424,0,"Rejected"
"DTDPRHAMSYN-PWY: dTDP-&beta;-L-rhamnose biosynthesis",-0.238006679440963,0,"Rejected"
"PWY-5103: L-isoleucine biosynthesis III",0.228631971196576,0,"Rejected"
"PWY-7111: pyruvate fermentation to isobutanol (engineered)",-0.0625625939065239,0,"Rejected"
"PWY-7977: L-methionine biosynthesis IV",0.0885656564476774,0,"Rejected"
"CALVIN-PWY: Calvin-Benson-Bassham cycle",-0.250250375626096,0,"Rejected"
"PWY-5695: inosine 5'-phosphate degradation",0.0718287077331299,0,"Rejected"
"PWY-5941: glycogen degradation II",0.187687781719572,0,"Rejected"
"TRNA-CHARGING-PWY: tRNA charging",0.0625625939065239,0,"Rejected"
"NONMEVIPP-PWY: methylerythritol phosphate pathway I",-0.214128214623219,0,"Rejected"
"ANAGLYCOLYSIS-PWY: glycolysis III (from glucose)",0.0557834373444386,0,"Rejected"
"PWY-2942: L-lysine biosynthesis III",-0.0625625939065239,0,"Rejected"
"NONOXIPENT-PWY: pentose phosphate pathway (non-oxidative branch) I",0.31281296953262,0,"Rejected"
"PANTO-PWY: phosphopantothenate biosynthesis I",-0.0485607587496506,0,"Rejected"
"PWY-6163: chorismate biosynthesis from 3-dehydroquinate",0.250250375626096,0,"Rejected"
"1CMET2-PWY: folate transformations III (E. coli)",0.279151174746136,0,"Rejected"
"PWY-3841: folate transformations II (plants)",-0.14043038522462,0,"Rejected"
"PWY-5973: cis-vaccenate biosynthesis",0.41196348995021,0,"Rejected"
"ARO-PWY: chorismate biosynthesis I",0.0197448945874504,0,"Rejected"
"PWY-7229: superpathway of adenosine nucleotides de novo biosynthesis I",-1.38777878078145e-17,0,"Rejected"
"PWY-8178: pentose phosphate pathway (non-oxidative branch) II",0.187687781719572,0,"Rejected"
"THRESYN-PWY: superpathway of L-threonine biosynthesis",0.0625625939065239,0,"Rejected"
"PWY-5667: CDP-diacylglycerol biosynthesis I",0.0625625939065239,0,"Rejected"
"PWY0-1319: CDP-diacylglycerol biosynthesis II",0,0,"Rejected"
"COMPLETE-ARO-PWY: superpathway of aromatic amino acid biosynthesis",-0.0294239395272359,0,"Rejected"
"PWY-6123: inosine-5'-phosphate biosynthesis I",0.17068972529637,0,"Rejected"
"PWY-5097: L-lysine biosynthesis VI",0.0625625939065239,0,"Rejected"
"GLYCOGENSYNTH-PWY: glycogen biosynthesis I (from ADP-D-Glucose)",0.062562593906524,0,"Rejected"
"PWY-7663: gondoate biosynthesis (anaerobic)",0.138008548747264,0,"Rejected"
"PWY-6124: inosine-5'-phosphate biosynthesis II",0.125125187813048,0,"Rejected"
"HISTSYN-PWY: L-histidine biosynthesis",0.187687781719572,0,"Rejected"
"PWY-6609: adenine and adenosine salvage III",-0.125125187813048,0,"Rejected"
"PWY-3001: superpathway of L-isoleucine biosynthesis I",0.125125187813048,0,"Rejected"
"PWY-6700: queuosine biosynthesis I (de novo)",0.150727712585537,0,"Rejected"
"PWY-724: superpathway of L-lysine L-threonine and L-methionine biosynthesis II",-0.151328029034357,0,"Rejected"
"COA-PWY-1: superpathway of coenzyme A biosynthesis III (mammals)",0.11317337821514,0,"Rejected"
"PANTOSYN-PWY: superpathway of coenzyme A biosynthesis I (bacteria)",0.0625625939065239,0,"Rejected"
"PWY-6703: preQ0 biosynthesis",0.115364089616541,0,"Rejected"
"COA-PWY: coenzyme A biosynthesis I (prokaryotic)",0.125125187813048,0,"Rejected"
"PWY-841: superpathway of purine nucleotides de novo biosynthesis I",-0.125719786942056,0,"Rejected"
"PWY-6126: superpathway of adenosine nucleotides de novo biosynthesis II",0.0625625939065239,0,"Rejected"
"PWY-7851: coenzyme A biosynthesis II (eukaryotic)",0.174222276071166,0,"Rejected"
"PWY-6270: isoprene biosynthesis I",0.250250375626096,0,"Rejected"
"PYRIDNUCSYN-PWY: NAD de novo biosynthesis I (from aspartate)",-0.198655268092158,0,"Rejected"
"PWY-7560: methylerythritol phosphate pathway II",0.104268676642141,0,"Rejected"
"ASPASN-PWY: superpathway of L-aspartate and L-asparagine biosynthesis",-0.0042042239861579,0,"Rejected"
"PWY-6147: 6-hydroxymethyl-dihydropterin diphosphate biosynthesis I",0.112918719820956,0,"Rejected"
"PWY-6151: S-adenosyl-L-methionine salvage I",1.38777878078145e-17,0,"Rejected"
"PWY-7228: superpathway of guanosine nucleotides de novo biosynthesis I",-2.77555756156289e-17,0,"Rejected"
"PWY-6897: thiamine diphosphate salvage II",-0.185422155512418,0,"Rejected"
"SER-GLYSYN-PWY: superpathway of L-serine and glycine biosynthesis I",-0.110922603492442,0,"Rejected"
"PWY-7357: thiamine phosphate formation from pyrithiamine and oxythiamine (yeast)",0.0625625939065239,0,"Rejected"
"FASYN-ELONG-PWY: fatty acid elongation -- saturated",-0.215819468547254,0,"Rejected"
"RIBOSYN2-PWY: flavin biosynthesis I (bacteria and plants)",0,0,"Rejected"
"ARGSYN-PWY: L-arginine biosynthesis I (via L-ornithine)",0.0625625939065239,0,"Rejected"
"OANTIGEN-PWY: O-antigen building blocks biosynthesis (E. coli)",0.125125187813048,0,"Rejected"
"PWY-7400: L-arginine biosynthesis IV (archaebacteria)",-0.0625625939065239,0,"Rejected"
"PWY-7199: pyrimidine deoxyribonucleosides salvage",-0.151231374762239,0,"Rejected"
"GLYCOLYSIS: glycolysis I (from glucose 6-phosphate)",0,0,"Rejected"
"PWY-5971: palmitate biosynthesis (type II fatty acid synthase)",-0.199622153669988,0,"Rejected"
"PWY-5484: glycolysis II (from fructose 6-phosphate)",-0.0625625939065239,0,"Rejected"
"PWY-7664: oleate biosynthesis IV (anaerobic)",-0.0716582278084344,0,"Rejected"
"ARGSYNBSUB-PWY: L-arginine biosynthesis II (acetyl cycle)",0.125125187813048,0,"Rejected"
"PHOSLIPSYN-PWY: superpathway of phospholipid biosynthesis I (bacteria)",0.820833103631195,1.00100150250438,"Rejected"
"PWY-6125: superpathway of guanosine nucleotides de novo biosynthesis II",-0.125125187813048,0,"Rejected"
"PENTOSE-P-PWY: pentose phosphate pathway",-0.217794893177695,0,"Rejected"
"PWY-6608: guanosine nucleotides degradation III",-0.125103240087276,0,"Rejected"
"PWY-6895: superpathway of thiamine diphosphate biosynthesis II",-0.363770488260357,-0.0214176861424486,"Rejected"
"BIOTIN-BIOSYNTHESIS-PWY: biotin biosynthesis I",0.675270865894536,1.00100150250438,"Rejected"
"PWY0-862: (5Z)-dodecenoate biosynthesis I",-0.153361417664015,0,"Rejected"
"PWY-6282: palmitoleate biosynthesis I (from (5Z)-dodec-5-enoate)",-0.215630686711403,0,"Rejected"
"PWY-6519: 8-amino-7-oxononanoate biosynthesis I",0.0309260880142614,0,"Rejected"
"PWY-6901: superpathway of glucose and xylose degradation",-0.0956924970342683,0,"Rejected"
"PWY-6317: D-galactose degradation I (Leloir pathway)",0.125125187813048,0,"Rejected"
"ANAEROFRUCAT-PWY: homolactic fermentation",0.0178868138785328,0,"Rejected"
"PWY-5154: L-arginine biosynthesis III (via N-acetyl-L-citrulline)",0.0290416691479627,0,"Rejected"
"PWY-5989: stearate biosynthesis II (bacteria and plants)",-0.0977374310301882,0,"Rejected"
"SALVADEHYPOX-PWY: adenosine nucleotides degradation II",0.0037458115112773,0,"Rejected"
"PWY0-1296: purine ribonucleosides degradation",0.0625625939065239,0,"Rejected"
"PWY-6731: starch degradation III",-0.14601058901806,0,"Rejected"
"GLUCONEO-PWY: gluconeogenesis I",0.20412157951085,0,"Rejected"
"GLUTORN-PWY: L-ornithine biosynthesis I",-1.38777878078145e-17,0,"Rejected"
"UDPNAGSYN-PWY: UDP-N-acetyl-D-glucosamine biosynthesis I",-0.250250375626096,0,"Rejected"
"PWY-5345: superpathway of L-methionine biosynthesis (by sulfhydrylation)",-0.145182818012055,-0.0181250096572336,"Rejected"
"NAGLIPASYN-PWY: lipid IVA biosynthesis (E. coli)",-0.101824982439131,-0.532322793357503,"Rejected"
"PWY-8073: lipid IVA biosynthesis (P. putida)",0.317433512113843,0.119914394380403,"Rejected"
"PWY4FS-7: phosphatidylglycerol biosynthesis I (plastidic)",0.771632114251429,1.00100150250438,"Rejected"
"PWY4FS-8: phosphatidylglycerol biosynthesis II (non-plastidic)",0.722418279185528,0.74846575522726,"Rejected"
"SULFATE-CYS-PWY: superpathway of sulfate assimilation and cysteine biosynthesis",-0.226446276452541,0,"Rejected"
"PWY-7208: superpathway of pyrimidine nucleobases salvage",0.187687781719572,0,"Rejected"
"PWY-7220: adenosine deoxyribonucleotides de novo biosynthesis II",0,0,"Rejected"
"PWY-7222: guanosine deoxyribonucleotides de novo biosynthesis II",-0.0625625939065239,0,"Rejected"
"ARGININE-SYN4-PWY: L-ornithine biosynthesis II",0.167207356100604,0.310827467523663,"Rejected"
"PWY-7345: superpathway of anaerobic sucrose degradation",-0.00205498956292849,0,"Rejected"
"PWY0-162: superpathway of pyrimidine ribonucleotides de novo biosynthesis",0,0,"Rejected"
"HSERMETANA-PWY: L-methionine biosynthesis III",-0.0625625939065239,0,"Rejected"
"PWY-6353: purine nucleotides degradation II (aerobic)",-0.0625625939065239,0,"Rejected"
"PWY0-845: superpathway of pyridoxal 5'-phosphate biosynthesis and salvage",-0.0430161621437698,0,"Rejected"
"PWY-7282: 4-amino-2-methyl-5-diphosphomethylpyrimidine biosynthesis II",0.188403998031945,0,"Rejected"
"PYRIDOXSYN-PWY: pyridoxal 5'-phosphate biosynthesis I",-0.116581819126132,0,"Rejected"
"GLUCOSE1PMETAB-PWY: glucose and glucose-1-phosphate degradation",0.125125187813048,0,"Rejected"
"P461-PWY: hexitol fermentation to lactate formate ethanol and acetate",-0.338789594974164,0,"Rejected"
"PWY-6168: flavin biosynthesis III (fungi)",-0.139645007941836,-9.0280316374317e-16,"Rejected"
"PWY-5188: tetrapyrrole biosynthesis I (from glutamate)",-0.0395442916335675,0,"Rejected"
"THISYNARA-PWY: superpathway of thiamine diphosphate biosynthesis III (eukaryotes)",-0.377591975051144,0,"Rejected"
"HISDEG-PWY: L-histidine degradation I",0.332925845380944,0.142837042207415,"Rejected"
"PWY-6936: seleno-amino acid biosynthesis (plants)",0.187687781719572,0,"Rejected"
"CITRULBIO-PWY: L-citrulline biosynthesis",0.305998046081949,0.243986673161845,"Rejected"
"COBALSYN-PWY: superpathway of adenosylcobalamin salvage from cobinamide I",-0.0625625939065239,0,"Rejected"
"PWY-5121: superpathway of geranylgeranyl diphosphate biosynthesis II (via MEP)",0.125125187813048,0,"Rejected"
"SO4ASSIM-PWY: assimilatory sulfate reduction I",-0.0962133007394902,0,"Rejected"
"PWY66-409: superpathway of purine nucleotide salvage",-0.230560358750373,-0.229711131065328,"Rejected"
"P441-PWY: superpathway of N-acetylneuraminate degradation",-0.370500806234703,-0.962003444868859,"Rejected"
"RHAMCAT-PWY: L-rhamnose degradation I",-0.315337324874789,0,"Rejected"
"PWY-2941: L-lysine biosynthesis II",0.125125187813048,0,"Rejected"
"P41-PWY: pyruvate fermentation to acetate and (S)-lactate I",0.125125187813048,0,"Rejected"
"PWY-5100: pyruvate fermentation to acetate and lactate II",0.187687781719572,0,"Rejected"
"COLANSYN-PWY: colanic acid building blocks biosynthesis",0.0573722156198294,0,"Rejected"
"PWY-6803: phosphatidylcholine acyl editing",-0.18134111174199,0,"Rejected"
"PWY-6527: stachyose degradation",-0.082425317653294,0,"Rejected"
"PWY-5838: superpathway of menaquinol-8 biosynthesis I",-0.0838504025784012,0,"Rejected"
"PWY-5136: fatty acid &beta;-oxidation II (plant peroxisome)",0.42165867388565,0.597108820903237,"Rejected"
"PWY-7197: pyrimidine deoxyribonucleotide phosphorylation",0.187687781719572,0,"Rejected"
"PWY-4984: urea cycle",0.502139997109602,0.562953953645111,"Rejected"
"PWY-7237: myo- chiro- and scyllo-inositol degradation",0,0,"Rejected"
"PWY0-1477: ethanolamine utilization",0.229659742621215,0,"Rejected"
"PWY-5030: L-histidine degradation III",0.136520232939123,0,"Rejected"
"PWY-5897: superpathway of menaquinol-11 biosynthesis",-0.173189532383543,-0.01910404588666,"Rejected"
"PWY-5898: superpathway of menaquinol-12 biosynthesis",0.406531257879185,0,"Rejected"
"PWY-5899: superpathway of menaquinol-13 biosynthesis",-0.176442509465876,0,"Rejected"
"GLUDEG-I-PWY: GABA shunt",0.264134838561724,0.194174346402929,"Rejected"
"PWY-1269: CMP-3-deoxy-D-manno-octulosonate biosynthesis",0.232766111314497,0,"Rejected"
"PWY-7328: superpathway of UDP-glucose-derived O-antigen building blocks biosynthesis",-0.211384419200276,0,"Rejected"
"PWY-8187: L-arginine degradation XIII (reductive Stickland reaction)",0.261359702673628,0,"Rejected"
"PWY-7117: C4 photosynthetic carbon assimilation cycle PEPCK type",0.187687781719572,0,"Rejected"
"PWY-7392: taxadiene biosynthesis (engineered)",-0.0625625939065239,0,"Rejected"
"PWY-5659: GDP-mannose biosynthesis",0.142845194248607,0,"Rejected"
"FUC-RHAMCAT-PWY: superpathway of fucose and rhamnose degradation",-0.1985194788405,0,"Rejected"
"PWY-I9: L-cysteine biosynthesis VI (from L-methionine)",0.125125187813048,0,"Rejected"
"FERMENTATION-PWY: mixed acid fermentation",0.100483037466909,0,"Rejected"
"PWY-5022: 4-aminobutanoate degradation V",0.0329980471116627,0,"Rejected"
"PWY-6285: superpathway of fatty acids biosynthesis (E. coli)",0.0889934717648651,0.0740249435020562,"Rejected"
"PWY-5840: superpathway of menaquinol-7 biosynthesis",0.213249557726056,0.500500751252191,"Rejected"
"PWY-5845: superpathway of menaquinol-9 biosynthesis",-0.0625625939065239,0,"Rejected"
"PWY-5850: superpathway of menaquinol-6 biosynthesis",0.276056494057718,0,"Rejected"
"PWY-5896: superpathway of menaquinol-10 biosynthesis",-0.191701306389398,0,"Rejected"
"PWY-4041: &gamma;-glutamyl cycle",0.125125187813048,0,"Rejected"
"PWY66-399: gluconeogenesis III",-0.147059088778056,0,"Rejected"
"PWY-7234: inosine-5'-phosphate biosynthesis III",-0.131276922862759,0,"Rejected"
"PWY0-1297: superpathway of purine deoxyribonucleosides degradation",0.0566629806210093,0,"Rejected"
"PWY-5861: superpathway of demethylmenaquinol-8 biosynthesis I",-0.125125187813048,0,"Rejected"
"PWY-621: sucrose degradation III (sucrose invertase)",-0.125125187813048,0,"Rejected"
"GLCMANNANAUT-PWY: superpathway of N-acetylglucosamine N-acetylmannosamine and N-acetylneuraminate degradation",0.088350034307488,0,"Rejected"
"PWY-241: C4 photosynthetic carbon assimilation cycle NADP-ME type",-0.0625625939065239,0,"Rejected"
"DAPLYSINESYN-PWY: L-lysine biosynthesis I",0.104016692997089,0,"Rejected"
"POLYISOPRENSYN-PWY: polyisoprenoid biosynthesis (E. coli)",0.0884547135800676,0,"Rejected"
"PWY-5384: sucrose degradation IV (sucrose phosphorylase)",-0.0224323399428891,0,"Rejected"
"PWY-5675: nitrate reduction V (assimilatory)",0.231632848950365,0,"Rejected"
"PWY-5981: CDP-diacylglycerol biosynthesis III",-0.140239585113365,0,"Rejected"
"PWY-6305: superpathway of putrescine biosynthesis",0.110063570492334,0,"Rejected"
"ARG+POLYAMINE-SYN: superpathway of arginine and polyamine biosynthesis",0.275159830257561,0.500500751252191,"Rejected"
"PWY-5723: Rubisco shunt",0.481102492312272,0.624838397082359,"Rejected"
"GLYCOLYSIS-E-D: superpathway of glycolysis and the Entner-Doudoroff pathway",0.0518624840903054,0,"Rejected"
"PWY-5497: purine nucleobases degradation II (anaerobic)",-1.38777878078145e-17,0,"Rejected"
"PWY-6606: guanosine nucleotides degradation II",-0.0259766254415441,0,"Rejected"
"PWY4LZ-257: superpathway of fermentation (Chlamydomonas reinhardtii)",-0.327201880046483,0,"Rejected"
"PWY-5347: superpathway of L-methionine biosynthesis (transsulfuration)",-0.0745054628742852,0,"Rejected"
"PWY0-1241: ADP-L-glycero-&beta;-D-manno-heptose biosynthesis",-0.0625625939065239,0,"Rejected"
"PWY0-1479: tRNA processing",-0.0690176183774036,0,"Rejected"
"FUCCAT-PWY: fucose degradation",0.250250375626096,0,"Rejected"
"PWY-7323: superpathway of GDP-mannose-derived O-antigen building blocks biosynthesis",-0.125125187813048,0,"Rejected"
"MET-SAM-PWY: superpathway of S-adenosyl-L-methionine biosynthesis",-0.00226562620715428,0,"Rejected"
"PWY-6906: chitin derivatives degradation",0.155175467447078,0,"Rejected"
"PWY-5860: superpathway of demethylmenaquinol-6 biosynthesis I",-0.0395442916335675,0,"Rejected"
"PWY-5862: superpathway of demethylmenaquinol-9 biosynthesis",0.0827185332485019,0,"Rejected"
"GLUCUROCAT-PWY: superpathway of &beta;-D-glucuronosides degradation",-0.063118491289534,0,"Rejected"
"P161-PWY: acetylene degradation (anaerobic)",-0.259400231773153,0,"Rejected"
"PWY0-1298: superpathway of pyrimidine deoxyribonucleosides degradation",-0.0625625939065239,0,"Rejected"
"PWY0-166: superpathway of pyrimidine deoxyribonucleotides de novo biosynthesis (E. coli)",0.114599627977689,0,"Rejected"
"METSYN-PWY: superpathway of L-homoserine and L-methionine biosynthesis",0.125125187813048,0,"Rejected"
"PWY0-781: aspartate superpathway",0.268940703365791,0,"Rejected"
"P164-PWY: purine nucleobases degradation I (anaerobic)",-0.0906682907932015,0,"Rejected"
"PWY-8004: Entner-Doudoroff pathway I",0.171308882189043,0,"Rejected"
"PWY-7184: pyrimidine deoxyribonucleotides de novo biosynthesis I",-0.0815954671591079,0,"Rejected"
"P4-PWY: superpathway of L-lysine L-threonine and L-methionine biosynthesis I",0.125125187813048,0,"Rejected"
"PWY-7383: anaerobic energy metabolism (invertebrates cytosol)",-0.131523974975157,0,"Rejected"
"PWY-5913: partial TCA cycle (obligate autotrophs)",-0.373708154350774,0,"Rejected"
"PWY-6823: molybdopterin biosynthesis",-0.187687781719572,0,"Rejected"
"PWY0-1261: anhydromuropeptides recycling I",4.38898967489714,4.82548883543127,"Confirmed"
"PWY-7761: NAD salvage pathway II (PNC IV cycle)",0.110870172268631,0,"Rejected"
"PWY-561: superpathway of glyoxylate cycle and fatty acid degradation",0.0625625939065239,0,"Rejected"
"PWY-702: L-methionine biosynthesis II",-0.125125187813048,0,"Rejected"
"PWY-6507: 4-deoxy-L-threo-hex-4-enopyranuronate degradation",0.0600382385643543,0,"Rejected"
"PWY-821: superpathway of sulfur amino acid biosynthesis (Saccharomyces cerevisiae)",0.0378119092945577,0,"Rejected"
"GLYOXYLATE-BYPASS: glyoxylate cycle",0.276116531977503,0,"Rejected"
"PWY-6902: chitin degradation II (Vibrio)",0.0769807793581956,0,"Rejected"
"PWY-6628: superpathway of L-phenylalanine biosynthesis",0.0240737036332237,0,"Rejected"
"GALACTUROCAT-PWY: D-galacturonate degradation I",0.32380375464835,0,"Rejected"
"PWY-6969: TCA cycle V (2-oxoglutarate synthase)",0.0196171556104276,0,"Rejected"
"TCA: TCA cycle I (prokaryotic)",-0.0222451196637546,0,"Rejected"
"TCA-GLYOX-BYPASS: superpathway of glyoxylate bypass and TCA",0.0733173084234736,0,"Rejected"
"HEXITOLDEGSUPER-PWY: superpathway of hexitol degradation (bacteria)",0.144892323022967,0,"Rejected"
"PWY-6284: superpathway of unsaturated fatty acids biosynthesis (E. coli)",0.185120082416347,0,"Rejected"
"GALACTARDEG-PWY: D-galactarate degradation I",-0.258376122896515,0,"Rejected"
"GLUCARGALACTSUPER-PWY: superpathway of D-glucarate and D-galactarate degradation",-0.0625625939065239,0,"Rejected"
"PWY-6859: all-trans-farnesol biosynthesis",0.0433040235986146,0,"Rejected"
"PWY-7242: D-fructuronate degradation",-0.276224221420665,0,"Rejected"
"ORNDEG-PWY: superpathway of ornithine degradation",0.268598702279091,0,"Rejected"
"PRPP-PWY: superpathway of histidine purine and pyrimidine biosynthesis",0.0625625939065239,0,"Rejected"
"PWY-6545: pyrimidine deoxyribonucleotides de novo biosynthesis III",-0.150799161375318,0,"Rejected"
"PWY-6531: mannitol cycle",0.187687781719572,0,"Rejected"
"POLYAMSYN-PWY: superpathway of polyamine biosynthesis I",0.138260928279527,0.0709017351377106,"Rejected"
"PWY-7456: &beta;-(14)-mannan degradation",-0.185934542379158,0,"Rejected"
"PWY0-301: L-ascorbate degradation I (bacterial anaerobic)",0.194598864572506,0.493150216926411,"Rejected"
"DENOVOPURINE2-PWY: superpathway of purine nucleotides de novo biosynthesis II",-0.0625625939065239,0,"Rejected"
"PWY-5189: tetrapyrrole biosynthesis II (from glycine)",-0.361262616635936,-0.532518455934543,"Rejected"
"PWY-5918: superpathway of heme b biosynthesis from glutamate",0.0769493709767055,0,"Rejected"
"PWY-6630: superpathway of L-tyrosine biosynthesis",0.0352025877685185,0,"Rejected"
"PWY-6549: L-glutamine biosynthesis III",0.114425077996829,0,"Rejected"
"PYRIDNUCSAL-PWY: NAD salvage pathway I (PNC VI cycle)",-0.0258921196735437,0,"Rejected"
"GLYCOCAT-PWY: glycogen degradation I",0.299040904900912,0.248729089216798,"Rejected"
"P105-PWY: TCA cycle IV (2-oxoglutarate decarboxylase)",0.125358018572452,0,"Rejected"
"PWY3O-4107: NAD salvage pathway V (PNC V cycle)",-0.158570114594363,0,"Rejected"
"PWY-5505: L-glutamate and L-glutamine biosynthesis",-0.213690844260725,0,"Rejected"
"PWY-5837: 2-carboxy-14-naphthoquinol biosynthesis",-0.198322658855349,-0.0415230262935566,"Rejected"
"PWY-5104: L-isoleucine biosynthesis IV",-0.0537403857008902,0,"Rejected"
"GALACT-GLUCUROCAT-PWY: superpathway of hexuronide and hexuronate degradation",0.000940257522599711,0,"Rejected"
"HOMOSER-METSYN-PWY: L-methionine biosynthesis I",-0.0382271788638739,0,"Rejected"
"GLUCARDEG-PWY: D-glucarate degradation I",-0.215289114270733,0,"Rejected"
"FAO-PWY: fatty acid &beta;-oxidation I (generic)",0.125125187813048,0,"Rejected"
"PWY0-1277: 3-phenylpropanoate and 3-(3-hydroxyphenyl)propanoate degradation",-0.0875488750192198,0,"Rejected"
"HCAMHPDEG-PWY: 3-phenylpropanoate and 3-(3-hydroxyphenyl)propanoate degradation to 2-hydroxypentadienoate",0.0625625939065239,0,"Rejected"
"PWY-6690: cinnamate and 3-hydroxycinnamate degradation to 2-hydroxypentadienoate",0.00490293355044627,0,"Rejected"
"PWY-5656: mannosylglycerate biosynthesis I",-0.150409116293158,0,"Rejected"
"PWY-7858: (5Z)-dodecenoate biosynthesis II",1.23306094298262,1.00100150250438,"Rejected"
"LACTOSECAT-PWY: lactose and galactose degradation I",0.0625625939065239,0,"Rejected"
"PWY-7115: C4 photosynthetic carbon assimilation cycle NAD-ME type",-0.146464328837694,0,"Rejected"
"HEMESYN2-PWY: heme b biosynthesis II (oxygen-independent)",0.187687781719572,0,"Rejected"
"PWY-6961: L-ascorbate degradation II (bacterial aerobic)",0.355611422971329,0.444963427660194,"Rejected"
"PWY-7204: pyridoxal 5'-phosphate salvage II (plants)",0,0,"Rejected"
"METH-ACETATE-PWY: methanogenesis from acetate",1.38777878078145e-17,0,"Rejected"
"PWY-7312: dTDP-&beta;-D-fucofuranose biosynthesis",0.541175607234206,0.797454079132609,"Rejected"
"PWY-7118: chitin deacetylation",0.191125979536156,0,"Rejected"
"PWY-7013: (S)-propane-12-diol degradation",-0.366658774187249,-0.360715594814306,"Rejected"
"PWY-5920: superpathway of heme b biosynthesis from glycine",0.210845628169215,0,"Rejected"
"PWY-7198: pyrimidine deoxyribonucleotides de novo biosynthesis IV",0.0866362975397477,0,"Rejected"
"PWY1ZNC-1: assimilatory sulfate reduction IV",-0.212535603296819,0,"Rejected"
"PWY-7315: dTDP-N-acetylthomosamine biosynthesis",-0.0179897258472128,0,"Rejected"
"PWY0-1061: superpathway of L-alanine biosynthesis",-0.125125187813048,0,"Rejected"
"P42-PWY: incomplete reductive TCA cycle",-0.0554670299335783,0,"Rejected"
"PWY-5005: biotin biosynthesis II",0.105709430398603,0,"Rejected"
"HEME-BIOSYNTHESIS-II: heme b biosynthesis I (aerobic)",0.194752684077444,0,"Rejected"
"HEME-BIOSYNTHESIS-II-1: heme b biosynthesis V (aerobic)",0.125125187813048,0,"Rejected"
"PWY0-1415: superpathway of heme b biosynthesis from uroporphyrinogen-III",-0.250250375626096,0,"Rejected"
"PWY-7187: pyrimidine deoxyribonucleotides de novo biosynthesis II",0.0260030625411535,0,"Rejected"
"P108-PWY: pyruvate fermentation to propanoate I",0.150639683997021,0,"Rejected"
"PWY-7942: 5-oxo-L-proline metabolism",0.0366774288899768,0,"Rejected"
"FOLSYN-PWY: superpathway of tetrahydrofolate biosynthesis and salvage",0.0665761185763499,0,"Rejected"
"PWY-8131: 5'-deoxyadenosine degradation II",0.214289560043679,0.498196983883501,"Rejected"
"PWY-7688: dTDP-&alpha;-D-ravidosamine and dTDP-4-acetyl-&alpha;-D-ravidosamine biosynthesis",0.0625625939065239,0,"Rejected"
"GALACTITOLCAT-PWY: galactitol degradation",0.0790264622291309,0,"Rejected"
"THREOCAT-PWY: superpathway of L-threonine metabolism",0.0625625939065239,0,"Rejected"
"PWY-1861: formaldehyde assimilation II (assimilatory RuMP Cycle)",-0.0625625939065239,0,"Rejected"
"PWY-6588: pyruvate fermentation to acetone",-0.156661475926927,0,"Rejected"
"PWY0-42: 2-methylcitrate cycle I",-0.125125187813048,0,"Rejected"
"PWY-5367: petroselinate biosynthesis",0.291242031671134,0,"Rejected"
"PWY-6572: chondroitin sulfate degradation I (bacterial)",-0.206570639424612,0,"Rejected"
"AST-PWY: L-arginine degradation II (AST pathway)",-0.107138049466902,0,"Rejected"
"PWY-5676: acetyl-CoA fermentation to butanoate II",-0.0366601773916729,0,"Rejected"
"PWY-6749: CMP-legionaminate biosynthesis I",-0.294312084937969,0,"Rejected"
"PWY-6612: superpathway of tetrahydrofolate biosynthesis",-0.125125187813048,0,"Rejected"
"ARGDEG-PWY: superpathway of L-arginine putrescine and 4-aminobutanoate degradation",0.0625625939065239,0,"Rejected"
"ORNARGDEG-PWY: superpathway of L-arginine and L-ornithine degradation",0.125125187813048,0,"Rejected"
"PWY-7316: dTDP-N-acetylviosamine biosynthesis",-0.0293998934341749,0,"Rejected"
"ECASYN-PWY: enterobacterial common antigen biosynthesis",-0.185163426377402,0,"Rejected"
"P122-PWY: heterolactic fermentation",-0.481523586497575,-1.00100150250438,"Rejected"
"PWY-6293: superpathway of L-cysteine biosynthesis (fungi)",-0.187687781719572,0,"Rejected"
"PPGPPMET-PWY: ppGpp metabolism",0.292479247844969,0,"Rejected"
"3-HYDROXYPHENYLACETATE-DEGRADATION-PWY: 4-hydroxyphenylacetate degradation",-0.0602078692298387,0,"Rejected"
"PWY-5138: fatty acid &beta;-oxidation IV (unsaturated even number)",0.0738028012076402,0,"Rejected"
"P185-PWY: formaldehyde assimilation III (dihydroxyacetone cycle)",-0.125125187813048,0,"Rejected"
"PWY-6470: peptidoglycan biosynthesis V (&beta;-lactam resistance)",0.133505357508563,0,"Rejected"
"PWY0-1337: oleate &beta;-oxidation",-0.208623175490722,0,"Rejected"
"KDO-NAGLIPASYN-PWY: superpathway of (Kdo)2-lipid A biosynthesis",-0.125125187813048,0,"Rejected"
"PWY0-1338: polymyxin resistance",-0.125125187813048,0,"Rejected"
"PWY-7094: fatty acid salvage",0.250250375626096,0,"Rejected"
"PWY-5705: allantoin degradation to glyoxylate III",-0.250250375626096,0,"Rejected"
"GOLPDLCAT-PWY: superpathway of glycerol degradation to 13-propanediol",-0.125125187813048,0,"Rejected"
"PWY-801: homocysteine and cysteine interconversion",-0.190028241254962,0,"Rejected"
"PWY-7446: sulfoquinovose degradation I",-0.120711262351237,0,"Rejected"
"GLYCOL-GLYOXDEG-PWY: superpathway of glycol metabolism and degradation",0.21763985521322,0,"Rejected"
"POLYAMINSYN3-PWY: superpathway of polyamine biosynthesis II",-0.125125187813048,0,"Rejected"
"DARABCATK12-PWY: D-arabinose degradation I",-0.152664413405287,0,"Rejected"
"PWY-6292: superpathway of L-cysteine biosynthesis (mammalian)",0.250250375626096,0,"Rejected"
"PWY-5690: TCA cycle II (plants and fungi)",-0.234825555247038,0,"Rejected"
"NAD-BIOSYNTHESIS-II: NAD salvage pathway III (to nicotinamide riboside)",0.113712144055801,0,"Rejected"
"REDCITCYC: TCA cycle VI (Helicobacter)",0.198175307981065,0,"Rejected"
"PWY-7211: superpathway of pyrimidine deoxyribonucleotides de novo biosynthesis",0.0445991433401967,0,"Rejected"
"PWY-6953: dTDP-3-acetamido-&alpha;-D-fucose biosynthesis",-0.187687781719572,0,"Rejected"
"PWY-7385: 13-propanediol biosynthesis (engineered)",-0.0270550229990988,0,"Rejected"
"PWY0-1221: putrescine degradation II",0.404631858937335,0.104897156793638,"Rejected"
"PWY-5747: 2-methylcitrate cycle II",0.125125187813048,0,"Rejected"
"PWY-6807: xyloglucan degradation II (exoglucanase)",0.11054185466661,0,"Rejected"
"KETOGLUCONMET-PWY: ketogluconate metabolism",0.224129296930962,0,"Rejected"
"PWY-7883: anhydromuropeptides recycling II",0.0887016349829737,0,"Rejected"
"LPSSYN-PWY: superpathway of lipopolysaccharide biosynthesis",0,0,"Rejected"
"PWY-6071: superpathway of phenylethylamine degradation",0.250250375626096,0,"Rejected"
"METHGLYUT-PWY: superpathway of methylglyoxal degradation",0.423929882238472,0.628042585264704,"Rejected"
"PWY-7269: mitochondrial NADPH production (yeast)",-0.125125187813048,0,"Rejected"
"PWY-7874: L-threonate degradation",0.0625625939065239,0,"Rejected"
"PWY-6471: peptidoglycan biosynthesis IV (Enterococcus faecium)",0.125125187813048,0,"Rejected"
"PWY-5130: 2-oxobutanoate degradation I",-0.145281127155026,0,"Rejected"
"PWY0-321: phenylacetate degradation I (aerobic)",0.213567940813217,0,"Rejected"
"PWY66-389: phytol degradation",-0.262693110629253,-0.559223583179343,"Rejected"
"PWY0-461: L-lysine degradation I",-0.212163748540359,0,"Rejected"
"PWY-8086: (S)-lactate fermentation to propanoate acetate and hydrogen",-0.320919495334214,0,"Rejected"
"PWY0-41: allantoin degradation IV (anaerobic)",-0.189331678910565,0,"Rejected"
"PWY-6922: L-N&delta;-acetylornithine biosynthesis",0.0625625939065239,0,"Rejected"
"P221-PWY: octane oxidation",0.238755736407657,0,"Rejected"
"CARNMET-PWY: L-carnitine degradation I",-0.062562593906524,0,"Rejected"
"PWY-7356: thiamine diphosphate salvage IV (yeast)",-0.16624648313155,0,"Rejected"
"PWY66-388: ceramide degradation by &alpha;-oxidation",0.0206757780647125,0,"Rejected"
"P23-PWY: reductive TCA cycle I",0.0188009471234229,0,"Rejected"
"PWY-6992: 15-anhydrofructose degradation",0.125125187813048,0,"Rejected"
"PWY-6607: guanosine nucleotides degradation I",1.38777878078145e-17,0,"Rejected"
"PWY-6595: superpathway of guanosine nucleotides degradation (plants)",0.0920536235719552,0,"Rejected"
"PWY-5392: reductive TCA cycle II",-1.38777878078145e-17,0,"Rejected"
"PWY-7873: D-erythronate degradation II",-0.137068056780809,0,"Rejected"
"PWY-7409: phospholipid remodeling (phosphatidylethanolamine yeast)",0.0411227482805407,0,"Rejected"
"PROPFERM-PWY: superpathway of L-alanine fermentation (Stickland reaction)",0.0990190008638566,0,"Rejected"
"PWY-8188: L-alanine degradation VI (reductive Stickland reaction)",-0.269493019111572,0,"Rejected"
"PWY-8189: L-alanine degradation V (oxidative Stickland reaction)",0.279609319642109,0,"Rejected"
"PWY490-3: nitrate reduction VI (assimilatory)",0.125125187813048,0,"Rejected"
"GLYCOLYSIS-TCA-GLYOX-BYPASS: superpathway of glycolysis pyruvate dehydrogenase TCA and glyoxylate bypass",0.0625625939065239,0,"Rejected"
"PWY-7389: superpathway of anaerobic energy metabolism (invertebrates)",-0.125125187813048,0,"Rejected"
"PWY-6590: superpathway of Clostridium acetobutylicum acidogenic fermentation",-0.0430168709020991,0,"Rejected"
"PWY-7254: TCA cycle VII (acetate-producers)",-0.232611141178692,0,"Rejected"
"LIPA-CORESYN-PWY: lipid A-core biosynthesis (E. coli K-12)",-0.0625625939065239,0,"Rejected"
"PWY-7616: methanol oxidation to carbon dioxide",-0.125125187813048,0,"Rejected"
"CENTFERM-PWY: pyruvate fermentation to butanoate",0.164363189407956,0,"Rejected"
"PWY-5855: ubiquinol-7 biosynthesis (early decarboxylation)",0.125125187813048,0,"Rejected"
"PWY-7384: anaerobic energy metabolism (invertebrates mitochondrial)",0.102482059074054,0,"Rejected"
"PWY-5494: pyruvate fermentation to propanoate II (acrylate pathway)",0.0591155018005972,0,"Rejected"
"PWY-5692: allantoin degradation to glyoxylate II",0.0625625939065239,0,"Rejected"
"URDEGR-PWY: superpathway of allantoin degradation in plants",-0.152031814197525,0,"Rejected"
"PWY-622: starch biosynthesis",-0.213606917072239,0,"Rejected"
"P163-PWY: L-lysine fermentation to acetate and butanoate",-0.154248581167291,0,"Rejected"
"PWY-7992: superpathway of menaquinol-8 biosynthesis III",0.866002232338504,1.14807303328063,"Rejected"
"PWY66-391: fatty acid &beta;-oxidation VI (mammalian peroxisome)",-0.106557921577859,0,"Rejected"
"PWY-7371: 14-dihydroxy-6-naphthoate biosynthesis II",6.70206701107894,7.40062022848325,"Confirmed"
"P125-PWY: superpathway of (RR)-butanediol biosynthesis",-0.382322024398973,-0.455018845627464,"Rejected"
"PWY-5004: superpathway of L-citrulline metabolism",-0.0625625939065239,0,"Rejected"
"PWY-6876: isopropanol biosynthesis (engineered)",-0.157108305944505,0,"Rejected"
"RUMP-PWY: formaldehyde oxidation I",0.125125187813048,0,"Rejected"
"PWY-5994: palmitate biosynthesis (type I fatty acid synthase)",0.0625625939065239,0,"Rejected"
"PWY-7210: pyrimidine deoxyribonucleotides biosynthesis from CTP",0.0371033778880124,0,"Rejected"
"LIPASYN-PWY: phospholipases",0.31281296953262,0,"Rejected"
"PWY-7388: octanoyl-[acyl-carrier protein] biosynthesis (mitochondria yeast)",-0.118144374824329,0,"Rejected"
"PWY66-430: myristate biosynthesis (mitochondria)",0.0605988912692499,0,"Rejected"
"PROTOCATECHUATE-ORTHO-CLEAVAGE-PWY: protocatechuate degradation II (ortho-cleavage pathway)",0.308167355452128,0,"Rejected"
"PWY-7196: superpathway of pyrimidine ribonucleosides salvage",-0.301248735677353,0,"Rejected"
"PWY-7200: superpathway of pyrimidine deoxyribonucleoside salvage",0.251057393378,0,"Rejected"
"PWY-5910: superpathway of geranylgeranyldiphosphate biosynthesis I (via mevalonate)",-0.19021532970291,0,"Rejected"
"PWY-922: mevalonate pathway I (eukaryotes and bacteria)",-0.309858481036263,-1.00100150250438,"Rejected"
"PWY-7209: superpathway of pyrimidine ribonucleosides degradation",-0.31281296953262,0,"Rejected"
"PWY-5417: catechol degradation III (ortho-cleavage pathway)",0.250250375626096,0,"Rejected"
"PWY-5431: aromatic compounds degradation via &beta;-ketoadipate",-0.200534606975431,0,"Rejected"
"PWY-7340: 9-cis 11-trans-octadecadienoyl-CoA degradation (isomerase-dependent yeast)",-0.0625625939065239,0,"Rejected"
"PWY-6185: 4-methylcatechol degradation (ortho cleavage)",-0.125125187813048,0,"Rejected"
"CATECHOL-ORTHO-CLEAVAGE-PWY: catechol degradation to &beta;-ketoadipate",0,0,"Rejected"
"ALLANTOINDEG-PWY: superpathway of allantoin degradation in yeast",-0.53678235637168,-0.796359846907558,"Rejected"
"PWY-6562: norspermidine biosynthesis",0.0625625939065239,0,"Rejected"
"PWY-8190: L-glutamate degradation XI (reductive Stickland reaction)",-0.0543834140962497,0,"Rejected"
"PWY-5677: succinate fermentation to butanoate",0.262003407499479,0,"Rejected"
"PWY66-367: ketogenesis",-0.000771614887348285,0,"Rejected"
"PWY-5265: peptidoglycan biosynthesis II (staphylococci)",-0.488729192607079,-0.7613849145552,"Rejected"
"P124-PWY: Bifidobacterium shunt",0.187687781719572,0,"Rejected"
"UDPNACETYLGALSYN-PWY: UDP-N-acetyl-D-glucosamine biosynthesis II",0.0534960384421879,-0.00334483007927196,"Rejected"
"PWY-5972: stearate biosynthesis I (animals)",0.0818708932153684,0,"Rejected"
"PWY-822: fructan biosynthesis",-0.208555419023737,0,"Rejected"
"PWY-5088: L-glutamate degradation VIII (to propanoate)",-0.11324346675909,0,"Rejected"
"PWY-6215: 4-chlorobenzoate degradation",-0.0625625939065239,0,"Rejected"
"PWY-7783: plasmalogen degradation",0.153783165429601,0,"Rejected"
"PWY-6328: L-lysine degradation X",0.14743283557872,0,"Rejected"
"PWY-6318: L-phenylalanine degradation IV (mammalian via side chain)",-0.125125187813048,0,"Rejected"
"PWY-6349: CDP-archaeol biosynthesis",-0.0273370805819264,0,"Rejected"
"PWY-6350: archaetidylinositol biosynthesis",-0.250250375626096,0,"Rejected"
"PWY-8112: factor 420 biosynthesis I (archaea)",-0.149391394499793,0,"Rejected"
"PWY-5198: factor 420 biosynthesis II (mycobacteria)",0.0214412985880221,0,"Rejected"
"PWY-7434: terminal O-glycans residues modification (via type 2 precursor disaccharide)",-0.380221123844893,0,"Rejected"
"PWY-7807: glyphosate degradation III",0.180160895623213,0,"Rejected"
"PWY-7805: (aminomethyl)phosphonate degradation",-0.130231980782703,0,"Rejected"
"PWY-7165: L-ascorbate biosynthesis VIII (engineered pathway)",-0.109675494630199,0,"Rejected"
"PWY-6478: GDP-D-glycero-&alpha;-D-manno-heptose biosynthesis",-0.0929079743245994,0,"Rejected"
"PWY0-1533: methylphosphonate degradation I",-0.187687781719572,0,"Rejected"
"PWY-3801: sucrose degradation II (sucrose synthase)",-0.212875495400897,0,"Rejected"
"PWY-5464: superpathway of cytosolic glycolysis (plants) pyruvate dehydrogenase and TCA cycle",0.280965773308491,0,"Rejected"
"PWY-7723: bacterial bioluminescence",0.0319507023319894,0,"Rejected"
"PWY-6182: superpathway of salicylate degradation",-0.187687781719572,0,"Rejected"
"FASYN-INITIAL-PWY: superpathway of fatty acid biosynthesis initiation (E. coli)",0.125125187813048,0,"Rejected"
"PWY-7332: superpathway of UDP-N-acetylglucosamine-derived O-antigen building blocks biosynthesis",-0.405116620520136,-0.22476044644767,"Rejected"
"PWY-6396: superpathway of 23-butanediol biosynthesis",0.151128250354201,0,"Rejected"
"PWY-7396: butanol and isobutanol biosynthesis (engineered)",0.171278681388134,0.0740249435020562,"Rejected"
"UBISYN-PWY: superpathway of ubiquinol-8 biosynthesis (early decarboxylation)",1.38777878078145e-17,0,"Rejected"
"PWY-6708: ubiquinol-8 biosynthesis (early decarboxylation)",0.0625625939065239,0,"Rejected"
"PWY-5531: 38-divinyl-chlorophyllide a biosynthesis II (anaerobic)",0.316679856129701,0.300023735936141,"Rejected"
"PWY-7159: 38-divinyl-chlorophyllide a biosynthesis III (aerobic light independent)",0.0482994304942912,0,"Rejected"
"PWY-6210: 2-aminophenol degradation",0.125125187813048,0,"Rejected"
"PWY-6143: CMP-pseudaminate biosynthesis",-0.520263613177253,-0.0172413998114261,"Rejected"
"AEROBACTINSYN-PWY: aerobactin biosynthesis",-0.170886163830765,0,"Rejected"
"PWY-5654: 2-amino-3-carboxymuconate semialdehyde degradation to 2-hydroxypentadienoate",-0.250250375626096,0,"Rejected"
"PWY-7294: D-xylose degradation IV",2.77555756156289e-17,0,"Rejected"
"PWY-6518: bile acids epimerization",-0.250250375626096,0,"Rejected"
"PWY-7820: teichuronic acid biosynthesis (B. subtilis 168)",-0.15824508766757,0,"Rejected"
"PWY-7399: methylphosphonate degradation II",0.0855808961794803,0,"Rejected"
"P621-PWY: nylon-6 oligomer degradation",-0.113223322721632,0,"Rejected"
"PWY-6138: CMP-N-acetylneuraminate biosynthesis I (eukaryotes)",0.124830439785754,0,"Rejected"
"PWY-5415: catechol degradation I (meta-cleavage pathway)",0.466979179299676,0.88263143860296,"Rejected"
"PWY-6797: 6-hydroxymethyl-dihydropterin diphosphate biosynthesis II (Methanocaldococcus)",-0.124980885553107,0,"Rejected"
"DENITRIFICATION-PWY: nitrate reduction I (denitrification)",-0.0625625939065239,0,"Rejected"
"PWY1G-0: mycothiol biosynthesis",-0.12488522108014,0,"Rejected"
"CRNFORCAT-PWY: creatinine degradation I",1.38777878078145e-17,0,"Rejected"
"URSIN-PWY: ureide biosynthesis",0.0922080545951657,0,"Rejected"
"PWY-5514: UDP-N-acetyl-D-galactosamine biosynthesis II",-0.260358747409805,-0.0203684981189084,"Rejected"
"PWY-7039: phosphatidate metabolism as a signaling molecule",0.088852494560357,0,"Rejected"
"PWY-7391: isoprene biosynthesis II (engineered)",-0.101339880249596,0,"Rejected"
"PWY-8134: bile acid 7&beta;-dehydroxylation",-0.209051845577992,-0.226057120623907,"Rejected"
"PWY-7754: bile acid 7&alpha;-dehydroxylation",0.0730316174690349,0.0392234684035701,"Rejected"
"METHANOGENESIS-PWY: methanogenesis from H2 and CO2",0.172914814183615,0,"Rejected"
"PWY-5724: superpathway of atrazine degradation",-0.375375563439144,-0.500500751252191,"Rejected"
"PWY-6165: chorismate biosynthesis II (archaea)",0.0369600691340349,0,"Rejected"
"PWY-5209: methyl-coenzyme M oxidation to CO2",0.111937644669003,0,"Rejected"
"PWY-7286: 7-(3-amino-3-carboxypropyl)-wyosine biosynthesis",0.147103504294057,0,"Rejected"
"PWY-6160: 3-dehydroquinate biosynthesis II (archaea)",0.0727717963068429,0,"Rejected"
"PWY-8113: 3PG-factor 420 biosynthesis",0.125125187813048,0,"Rejected"
"PWY-6167: flavin biosynthesis II (archaea)",0.0541824242110087,0,"Rejected"
"PWY-7031: protein N-glycosylation (bacterial)",-0.0922050144651824,0,"Rejected"
"PWY-6174: mevalonate pathway II (haloarchaea)",-0.0721788977763143,0,"Rejected"
"PWY-8125: mevalonate pathway IV (archaea)",-0.125125187813048,0,"Rejected"
"P241-PWY: coenzyme B biosynthesis",0.189953407926726,0,"Rejected"
"PWY-5180: toluene degradation I (aerobic) (via o-cresol)",0.207234791932629,0.360127496400129,"Rejected"
"PWY-6113: superpathway of mycolate biosynthesis",0.187687781719572,0,"Rejected"
"PWY-6435: 4-hydroxybenzoate biosynthesis III (plants)",0.0625625939065239,0,"Rejected"
"PWY-6920: 6-gingerol analog biosynthesis (engineered)",0.0884650104213749,0,"Rejected"
"PWY-5055: nicotinate degradation III",0.15349542083466,0,"Rejected"
"CHLOROPHYLL-SYN: 38-divinyl-chlorophyllide a biosynthesis I (aerobic light-dependent)",-0.194669100482615,0,"Rejected"
"PWY-7245: superpathway of NAD/NADP - NADH/NADPH interconversion (yeast)",0.265811705932535,0.360907596290307,"Rejected"
"PWY-7268: cytosolic NADPH production (yeast)",-0.0958876089956923,0,"Rejected"
"12DICHLORETHDEG-PWY: 12-dichloroethane degradation",0.437938157345668,0,"Rejected"
"PWY-2221: Entner-Doudoroff pathway III (semi-phosphorylative)",0.0259747031618629,0,"Rejected"
"PWY-3781: aerobic respiration I (cytochrome c)",-0.181355379783612,0,"Rejected"
