"Feature","ImportanceMean","ImportanceMedian","Decision"
"UNMAPPED",0.178548166702147,0,"Rejected"
"UNINTEGRATED",0.535417181624051,0.390219641294956,"Rejected"
"PWY0-1586: peptidoglycan maturation (meso-diaminopimelate containing)",0.396781716067611,0.340897012922006,"Rejected"
"VALSYN-PWY: L-valine biosynthesis",0.675611100315066,1.00100150250438,"Rejected"
"PWY-7238: sucrose biosynthesis II",0.0417060827356173,0,"Rejected"
"PWY66-429: fatty acid biosynthesis initiation (mitochondria)",0.03183622955382,0,"Rejected"
"ILEUSYN-PWY: L-isoleucine biosynthesis I (from threonine)",0.0280645875041219,0,"Rejected"
"PWY-1042: glycolysis IV",0.234528718740278,0.481861816201124,"Rejected"
"PWY-6385: peptidoglycan biosynthesis III (mycobacteria)",0.362412668823128,0.897298345576254,"Rejected"
"PWY-6122: 5-aminoimidazole ribonucleotide biosynthesis II",0.459143556729309,0.0214176861424493,"Rejected"
"PWY-6277: superpathway of 5-aminoimidazole ribonucleotide biosynthesis",0.459542862017283,1.00100150250438,"Rejected"
"PWY-7221: guanosine ribonucleotides de novo biosynthesis",0.0958815532765918,0,"Rejected"
"PWY-6387: UDP-N-acetylmuramoyl-pentapeptide biosynthesis I (meso-diaminopimelate containing)",0.566952873102718,1.00100150250438,"Rejected"
"BRANCHED-CHAIN-AA-SYN-PWY: superpathway of branched chain amino acid biosynthesis",0.404049699602668,0.238675537661797,"Rejected"
"PWY-7953: UDP-N-acetylmuramoyl-pentapeptide biosynthesis III (meso-diaminopimelate containing)",0.284810004045901,0.431265166727588,"Rejected"
"PWY-5686: UMP biosynthesis I",0.309005273502933,0,"Rejected"
"PWY-7790: UMP biosynthesis II",0.752646221333862,1.00100150250438,"Rejected"
"PWY-7791: UMP biosynthesis III",0.752796886319616,1.00100150250438,"Rejected"
"PEPTIDOGLYCANSYN-PWY: peptidoglycan biosynthesis I (meso-diaminopimelate containing)",-0.0981079338981983,0,"Rejected"
"PWY-6386: UDP-N-acetylmuramoyl-pentapeptide biosynthesis II (lysine-containing)",-0.0345683132380565,0,"Rejected"
"PWY-6121: 5-aminoimidazole ribonucleotide biosynthesis I",0.369755369005802,0.449350595961796,"Rejected"
"DTDPRHAMSYN-PWY: dTDP-&beta;-L-rhamnose biosynthesis",0.0123986458242327,0,"Rejected"
"PWY-5103: L-isoleucine biosynthesis III",0.154922151625413,0,"Rejected"
"PWY-7111: pyruvate fermentation to isobutanol (engineered)",1.03722863018265,1.02992463823224,"Rejected"
"PWY-7977: L-methionine biosynthesis IV",0.125125187813048,0,"Rejected"
"CALVIN-PWY: Calvin-Benson-Bassham cycle",0.463820609000193,0.393980315016994,"Rejected"
"PWY-5695: inosine 5'-phosphate degradation",0.288018125439996,0.231068926278488,"Rejected"
"PWY-5941: glycogen degradation II",0.0383468956435692,0,"Rejected"
"TRNA-CHARGING-PWY: tRNA charging",0.369428105299339,0.00578083049233634,"Rejected"
"NONMEVIPP-PWY: methylerythritol phosphate pathway I",-0.272332123655038,0,"Rejected"
"ANAGLYCOLYSIS-PWY: glycolysis III (from glucose)",0.476880669066781,0.918864406896302,"Rejected"
"PWY-2942: L-lysine biosynthesis III",0.231472444418654,0,"Rejected"
"NONOXIPENT-PWY: pentose phosphate pathway (non-oxidative branch) I",0.0605651431057504,0,"Rejected"
"PANTO-PWY: phosphopantothenate biosynthesis I",0.295959521506202,0.316354333068541,"Rejected"
"PWY-6163: chorismate biosynthesis from 3-dehydroquinate",0.103742340977277,0,"Rejected"
"1CMET2-PWY: folate transformations III (E. coli)",0.124428925593383,0.0415230262935562,"Rejected"
"PWY-3841: folate transformations II (plants)",-0.0529296531078704,0,"Rejected"
"PWY-5973: cis-vaccenate biosynthesis",0.2677092889558,0.500500751252191,"Rejected"
"ARO-PWY: chorismate biosynthesis I",0.232971775556562,0,"Rejected"
"PWY-7229: superpathway of adenosine nucleotides de novo biosynthesis I",0.0766591810720448,0,"Rejected"
"PWY-8178: pentose phosphate pathway (non-oxidative branch) II",0.328314808790498,0.500500751252191,"Rejected"
"THRESYN-PWY: superpathway of L-threonine biosynthesis",-0.0128430335160566,0,"Rejected"
"PWY-5667: CDP-diacylglycerol biosynthesis I",0.649699642698463,1.00100150250438,"Rejected"
"PWY0-1319: CDP-diacylglycerol biosynthesis II",0.336555250978192,0,"Rejected"
"COMPLETE-ARO-PWY: superpathway of aromatic amino acid biosynthesis",0.0536231588427566,0,"Rejected"
"PWY-6123: inosine-5'-phosphate biosynthesis I",-0.244683467458272,0,"Rejected"
"PWY-5097: L-lysine biosynthesis VI",0.233035136840495,0,"Rejected"
"GLYCOGENSYNTH-PWY: glycogen biosynthesis I (from ADP-D-Glucose)",-0.073464694059574,0,"Rejected"
"PWY-7663: gondoate biosynthesis (anaerobic)",0.563991188734073,1.00100150250438,"Rejected"
"PWY-6124: inosine-5'-phosphate biosynthesis II",0.060166373027275,-0.0227980850266932,"Rejected"
"HISTSYN-PWY: L-histidine biosynthesis",0.157097143730786,0,"Rejected"
"PWY-6609: adenine and adenosine salvage III",-0.0554193194935455,0,"Rejected"
"PWY-3001: superpathway of L-isoleucine biosynthesis I",0.0772254320840961,0,"Rejected"
"PWY-6700: queuosine biosynthesis I (de novo)",0.604310945183976,1.00100150250438,"Rejected"
"PWY-724: superpathway of L-lysine L-threonine and L-methionine biosynthesis II",0.552725852116209,1.00100150250438,"Rejected"
"COA-PWY-1: superpathway of coenzyme A biosynthesis III (mammals)",0.344230382241142,0.500500751252191,"Rejected"
"PANTOSYN-PWY: superpathway of coenzyme A biosynthesis I (bacteria)",0.0238095670476747,0,"Rejected"
"PWY-6703: preQ0 biosynthesis",-0.0266677336763944,0,"Rejected"
"COA-PWY: coenzyme A biosynthesis I (prokaryotic)",0.375743375093544,0.267668811031127,"Rejected"
"PWY-841: superpathway of purine nucleotides de novo biosynthesis I",0.10596283466436,0,"Rejected"
"PWY-6126: superpathway of adenosine nucleotides de novo biosynthesis II",0.164764475896187,0,"Rejected"
"PWY-7851: coenzyme A biosynthesis II (eukaryotic)",0.0679967630792242,0,"Rejected"
"PWY-6270: isoprene biosynthesis I",0.381433747459633,0.493043668145627,"Rejected"
"PYRIDNUCSYN-PWY: NAD de novo biosynthesis I (from aspartate)",0.245795581878565,0.0227980850266936,"Rejected"
"PWY-7560: methylerythritol phosphate pathway II",0.326325164346759,0.471767327908745,"Rejected"
"ASPASN-PWY: superpathway of L-aspartate and L-asparagine biosynthesis",0.230784439100769,0,"Rejected"
"PWY-6147: 6-hydroxymethyl-dihydropterin diphosphate biosynthesis I",0.318878182438822,0.588831645455857,"Rejected"
"PWY-6151: S-adenosyl-L-methionine salvage I",0.323952465945441,0.614808319724675,"Rejected"
"PWY-7228: superpathway of guanosine nucleotides de novo biosynthesis I",0.109624666621574,0.397468987213979,"Rejected"
"PWY-6897: thiamine diphosphate salvage II",6.54371174836474,6.66311544455912,"Confirmed"
"SER-GLYSYN-PWY: superpathway of L-serine and glycine biosynthesis I",1.29871157617136,1.37216510608469,"Rejected"
"PWY-7357: thiamine phosphate formation from pyrithiamine and oxythiamine (yeast)",0.79798756533476,1.00786568638787,"Rejected"
"FASYN-ELONG-PWY: fatty acid elongation -- saturated",-0.336577387040162,0,"Rejected"
"RIBOSYN2-PWY: flavin biosynthesis I (bacteria and plants)",1.11837695968642,1.23915677113873,"Rejected"
"ARGSYN-PWY: L-arginine biosynthesis I (via L-ornithine)",-0.0625625939065239,0,"Rejected"
"OANTIGEN-PWY: O-antigen building blocks biosynthesis (E. coli)",0.125125187813048,0,"Rejected"
"PWY-7400: L-arginine biosynthesis IV (archaebacteria)",0.108175567410183,0,"Rejected"
"PWY-7199: pyrimidine deoxyribonucleosides salvage",0.54054340947219,0.521844430832732,"Rejected"
"GLYCOLYSIS: glycolysis I (from glucose 6-phosphate)",0.479051427607805,0.500500751252191,"Rejected"
"PWY-5971: palmitate biosynthesis (type II fatty acid synthase)",-0.56582769895474,-0.500500751252192,"Rejected"
"PWY-5484: glycolysis II (from fructose 6-phosphate)",0.332593125155252,0.311245937139948,"Rejected"
"PWY-7664: oleate biosynthesis IV (anaerobic)",-0.0409299310559682,0,"Rejected"
"ARGSYNBSUB-PWY: L-arginine biosynthesis II (acetyl cycle)",0.0221365281008608,0,"Rejected"
"PHOSLIPSYN-PWY: superpathway of phospholipid biosynthesis I (bacteria)",1.96612592770115,1.95353004908501,"Rejected"
"PWY-6125: superpathway of guanosine nucleotides de novo biosynthesis II",0.503976258689621,1.00100150250438,"Rejected"
"PENTOSE-P-PWY: pentose phosphate pathway",0.358540523421728,0,"Rejected"
"PWY-6608: guanosine nucleotides degradation III",-0.125125187813048,0,"Rejected"
"PWY-6895: superpathway of thiamine diphosphate biosynthesis II",0.0322229911641737,0,"Rejected"
"BIOTIN-BIOSYNTHESIS-PWY: biotin biosynthesis I",-0.0435363935484897,0,"Rejected"
"PWY0-862: (5Z)-dodecenoate biosynthesis I",0.0502165738653024,0,"Rejected"
"PWY-6282: palmitoleate biosynthesis I (from (5Z)-dodec-5-enoate)",-0.31281296953262,0,"Rejected"
"PWY-6519: 8-amino-7-oxononanoate biosynthesis I",-0.317715903083066,-0.0392234684035701,"Rejected"
"PWY-6901: superpathway of glucose and xylose degradation",1.74534614122754,1.90666552460121,"Rejected"
"PWY-6317: D-galactose degradation I (Leloir pathway)",0.134082829829558,0,"Rejected"
"ANAEROFRUCAT-PWY: homolactic fermentation",-0.0802058485989606,0,"Rejected"
"PWY-5154: L-arginine biosynthesis III (via N-acetyl-L-citrulline)",-0.196201876136789,0,"Rejected"
"PWY-5989: stearate biosynthesis II (bacteria and plants)",-0.0230183022729564,0,"Rejected"
"SALVADEHYPOX-PWY: adenosine nucleotides degradation II",0.0139999915902376,0,"Rejected"
"PWY0-1296: purine ribonucleosides degradation",-0.167674856251919,0,"Rejected"
"PWY-6731: starch degradation III",0.165636366635453,0.112529221162133,"Rejected"
"GLUCONEO-PWY: gluconeogenesis I",2.8433026593291,2.81945861877579,"Tentative"
"GLUTORN-PWY: L-ornithine biosynthesis I",0.0306447834968255,0,"Rejected"
"UDPNAGSYN-PWY: UDP-N-acetyl-D-glucosamine biosynthesis I",-0.0159516446804217,0,"Rejected"
"PWY-5345: superpathway of L-methionine biosynthesis (by sulfhydrylation)",0.408613840320792,0.632634848983135,"Rejected"
"NAGLIPASYN-PWY: lipid IVA biosynthesis (E. coli)",-0.0417105274551356,0,"Rejected"
"PWY-8073: lipid IVA biosynthesis (P. putida)",-0.117410720347752,0,"Rejected"
"PWY4FS-7: phosphatidylglycerol biosynthesis I (plastidic)",0.442958667432821,0.403885761201986,"Rejected"
"PWY4FS-8: phosphatidylglycerol biosynthesis II (non-plastidic)",0.247096541656684,0.0620215534302625,"Rejected"
"SULFATE-CYS-PWY: superpathway of sulfate assimilation and cysteine biosynthesis",0.117360922273621,-0.0371649126439352,"Rejected"
"PWY-7208: superpathway of pyrimidine nucleobases salvage",0.137191916756469,0.0083137291183967,"Rejected"
"PWY-7220: adenosine deoxyribonucleotides de novo biosynthesis II",0.71898114539883,1.00100150250438,"Rejected"
"PWY-7222: guanosine deoxyribonucleotides de novo biosynthesis II",0.594941477260385,1.00100150250438,"Rejected"
"ARGININE-SYN4-PWY: L-ornithine biosynthesis II",0.104922609600644,0.0214176861424486,"Rejected"
"PWY-7345: superpathway of anaerobic sucrose degradation",2.63078664465755,2.726071787541,"Tentative"
"PWY0-162: superpathway of pyrimidine ribonucleotides de novo biosynthesis",0.160661304745036,0,"Rejected"
"HSERMETANA-PWY: L-methionine biosynthesis III",0.305798465322279,0,"Rejected"
"PWY-6353: purine nucleotides degradation II (aerobic)",0.211531814090478,0,"Rejected"
"PWY0-845: superpathway of pyridoxal 5'-phosphate biosynthesis and salvage",0.515696957452134,0.562104794914142,"Rejected"
"PWY-7282: 4-amino-2-methyl-5-diphosphomethylpyrimidine biosynthesis II",3.92362185306973,4.00648007270486,"Confirmed"
"PYRIDOXSYN-PWY: pyridoxal 5'-phosphate biosynthesis I",0.578082640279281,0.816855084320732,"Rejected"
"GLUCOSE1PMETAB-PWY: glucose and glucose-1-phosphate degradation",0.283444567831703,0.07903697201756,"Rejected"
"P461-PWY: hexitol fermentation to lactate formate ethanol and acetate",-0.0254324492473409,0,"Rejected"
"PWY-6168: flavin biosynthesis III (fungi)",-0.139272824637876,0,"Rejected"
"PWY-5188: tetrapyrrole biosynthesis I (from glutamate)",-0.236528488789774,0,"Rejected"
"THISYNARA-PWY: superpathway of thiamine diphosphate biosynthesis III (eukaryotes)",3.82964960048787,3.92458903203244,"Confirmed"
"HISDEG-PWY: L-histidine degradation I",-0.0626126617291413,0.00651332394144155,"Rejected"
"PWY-6936: seleno-amino acid biosynthesis (plants)",0.0579169798260321,0,"Rejected"
"CITRULBIO-PWY: L-citrulline biosynthesis",0.179413915603279,0,"Rejected"
"COBALSYN-PWY: superpathway of adenosylcobalamin salvage from cobinamide I",-0.268248574794526,0,"Rejected"
"PWY-5121: superpathway of geranylgeranyl diphosphate biosynthesis II (via MEP)",1.15551517205551,1.48539537637721,"Rejected"
"SO4ASSIM-PWY: assimilatory sulfate reduction I",0.214489404715299,0,"Rejected"
"PWY66-409: superpathway of purine nucleotide salvage",-0.0787753415045858,0,"Rejected"
"P441-PWY: superpathway of N-acetylneuraminate degradation",-0.0397564525259209,0,"Rejected"
"RHAMCAT-PWY: L-rhamnose degradation I",0.0260030625411535,0,"Rejected"
"PWY-2941: L-lysine biosynthesis II",0.221256828888813,0.0249844520164247,"Rejected"
"P41-PWY: pyruvate fermentation to acetate and (S)-lactate I",0.141415253449269,0,"Rejected"
"PWY-5100: pyruvate fermentation to acetate and lactate II",-0.166701932790889,0,"Rejected"
"COLANSYN-PWY: colanic acid building blocks biosynthesis",-0.00293021675603339,0,"Rejected"
"PWY-6803: phosphatidylcholine acyl editing",0.428735708509199,0.626516655732255,"Rejected"
"PWY-6527: stachyose degradation",0.374678920668885,0.559568302401568,"Rejected"
"PWY-5838: superpathway of menaquinol-8 biosynthesis I",0.715951001688577,0.897753439989471,"Rejected"
"PWY-5136: fatty acid &beta;-oxidation II (plant peroxisome)",0.347094013310626,0.129022871136733,"Rejected"
"PWY-7197: pyrimidine deoxyribonucleotide phosphorylation",0.430878705522075,0.477390439151409,"Rejected"
"PWY-4984: urea cycle",0.208241786958647,0,"Rejected"
"PWY-7237: myo- chiro- and scyllo-inositol degradation",0.325453919691264,0.288144040541383,"Rejected"
"PWY0-1477: ethanolamine utilization",0.537343863395903,0.658388500903979,"Rejected"
"PWY-5030: L-histidine degradation III",0.999124153675553,1.01607168809772,"Rejected"
"PWY-5897: superpathway of menaquinol-11 biosynthesis",0.491724325486743,0.755750457293048,"Rejected"
"PWY-5898: superpathway of menaquinol-12 biosynthesis",0.159883486578109,0.387310907773879,"Rejected"
"PWY-5899: superpathway of menaquinol-13 biosynthesis",0.180301564824802,0.126729946781878,"Rejected"
"GLUDEG-I-PWY: GABA shunt",-0.117623304884475,0,"Rejected"
"PWY-1269: CMP-3-deoxy-D-manno-octulosonate biosynthesis",0.222645887038136,0,"Rejected"
"PWY-7328: superpathway of UDP-glucose-derived O-antigen building blocks biosynthesis",0.0332660293622985,0,"Rejected"
"PWY-8187: L-arginine degradation XIII (reductive Stickland reaction)",-0.344846966963941,0,"Rejected"
"PWY-7117: C4 photosynthetic carbon assimilation cycle PEPCK type",-0.265257217684903,-0.0201948427373558,"Rejected"
"PWY-7392: taxadiene biosynthesis (engineered)",4.91706254431949,4.99698575055132,"Confirmed"
"PWY-5659: GDP-mannose biosynthesis",0.645139471055929,0.922188205926543,"Rejected"
"FUC-RHAMCAT-PWY: superpathway of fucose and rhamnose degradation",0.317731635624245,0.0934571276380522,"Rejected"
"PWY-I9: L-cysteine biosynthesis VI (from L-methionine)",0.256529595965082,0,"Rejected"
"FERMENTATION-PWY: mixed acid fermentation",-0.151062137422251,0,"Rejected"
"PWY-5022: 4-aminobutanoate degradation V",-0.00551355654961218,0,"Rejected"
"PWY-6285: superpathway of fatty acids biosynthesis (E. coli)",0.36576301803213,0,"Rejected"
"PWY-5840: superpathway of menaquinol-7 biosynthesis",0.026157348639666,0,"Rejected"
"PWY-5845: superpathway of menaquinol-9 biosynthesis",-0.0564235720747927,0,"Rejected"
"PWY-5850: superpathway of menaquinol-6 biosynthesis",0.45720926736174,0.679286373440784,"Rejected"
"PWY-5896: superpathway of menaquinol-10 biosynthesis",-0.181108730421622,0,"Rejected"
"PWY-4041: &gamma;-glutamyl cycle",0.176301936519366,0.22832131507567,"Rejected"
"PWY66-399: gluconeogenesis III",0.337474314852418,0,"Rejected"
"PWY-7234: inosine-5'-phosphate biosynthesis III",0.620222774660877,0.848606381917346,"Rejected"
"PWY0-1297: superpathway of purine deoxyribonucleosides degradation",-0.3036164121671,-0.523298836278884,"Rejected"
"PWY-5861: superpathway of demethylmenaquinol-8 biosynthesis I",0.431077184583324,0.569805541257238,"Rejected"
"PWY-621: sucrose degradation III (sucrose invertase)",0.789698394037785,1.00100150250438,"Rejected"
"GLCMANNANAUT-PWY: superpathway of N-acetylglucosamine N-acetylmannosamine and N-acetylneuraminate degradation",-0.038172611311548,0,"Rejected"
"PWY-241: C4 photosynthetic carbon assimilation cycle NADP-ME type",0.0593126798624724,0,"Rejected"
"DAPLYSINESYN-PWY: L-lysine biosynthesis I",0.50212566807334,0.691023685093714,"Rejected"
"POLYISOPRENSYN-PWY: polyisoprenoid biosynthesis (E. coli)",5.25471466787817,5.33638874141533,"Confirmed"
"PWY-5384: sucrose degradation IV (sucrose phosphorylase)",0.290472370690028,0.583842952610468,"Rejected"
"PWY-5675: nitrate reduction V (assimilatory)",0.927821504246361,0.936801303172376,"Rejected"
"PWY-5981: CDP-diacylglycerol biosynthesis III",0.120588589382603,0,"Rejected"
"PWY-6305: superpathway of putrescine biosynthesis",-0.00884980813344272,0,"Rejected"
"ARG+POLYAMINE-SYN: superpathway of arginine and polyamine biosynthesis",-0.0902876844074755,0,"Rejected"
"PWY-5723: Rubisco shunt",0.235285504523695,0,"Rejected"
"GLYCOLYSIS-E-D: superpathway of glycolysis and the Entner-Doudoroff pathway",0.501165287137933,0.513739038351298,"Rejected"
"PWY-5497: purine nucleobases degradation II (anaerobic)",0.51837459730634,0.871637126949575,"Rejected"
"PWY-6606: guanosine nucleotides degradation II",-0.138081999166974,0,"Rejected"
"PWY4LZ-257: superpathway of fermentation (Chlamydomonas reinhardtii)",-0.136415912817896,0,"Rejected"
"PWY-5347: superpathway of L-methionine biosynthesis (transsulfuration)",0.0884122129891042,0,"Rejected"
"PWY0-1241: ADP-L-glycero-&beta;-D-manno-heptose biosynthesis",-0.0333581470555349,0,"Rejected"
"PWY0-1479: tRNA processing",-0.037460202114399,0,"Rejected"
"FUCCAT-PWY: fucose degradation",-0.076533976339669,0,"Rejected"
"PWY-7323: superpathway of GDP-mannose-derived O-antigen building blocks biosynthesis",1.10084520142153,1.07438199652686,"Rejected"
"MET-SAM-PWY: superpathway of S-adenosyl-L-methionine biosynthesis",-0.509620460485482,-1.00100150250438,"Rejected"
"PWY-6906: chitin derivatives degradation",-0.0822292051006272,0,"Rejected"
"PWY-5860: superpathway of demethylmenaquinol-6 biosynthesis I",0.186206911389831,0.0371649126439352,"Rejected"
"PWY-5862: superpathway of demethylmenaquinol-9 biosynthesis",0.193398985651686,0,"Rejected"
"GLUCUROCAT-PWY: superpathway of &beta;-D-glucuronosides degradation",0.434808721290841,0.0625320629323656,"Rejected"
"P161-PWY: acetylene degradation (anaerobic)",-0.4560130107672,-1.00100150250438,"Rejected"
"PWY0-1298: superpathway of pyrimidine deoxyribonucleosides degradation",-0.23054315364949,0,"Rejected"
"PWY0-166: superpathway of pyrimidine deoxyribonucleotides de novo biosynthesis (E. coli)",0.479610224925726,0.58795521523497,"Rejected"
"METSYN-PWY: superpathway of L-homoserine and L-methionine biosynthesis",-0.397081327246319,-1.00100150250438,"Rejected"
"PWY0-781: aspartate superpathway",-0.0328672112058428,0,"Rejected"
"P164-PWY: purine nucleobases degradation I (anaerobic)",-0.0340988552757399,0,"Rejected"
"PWY-8004: Entner-Doudoroff pathway I",2.68456563807423,2.72293205063085,"Tentative"
"PWY-7184: pyrimidine deoxyribonucleotides de novo biosynthesis I",0.615019129551172,0.808758958652994,"Rejected"
"P4-PWY: superpathway of L-lysine L-threonine and L-methionine biosynthesis I",-0.0607320812819196,0,"Rejected"
"PWY-7383: anaerobic energy metabolism (invertebrates cytosol)",-0.104054386360946,0,"Rejected"
"PWY-5913: partial TCA cycle (obligate autotrophs)",0.18970812104181,0.287671022005288,"Rejected"
"PWY-6823: molybdopterin biosynthesis",0.23863390387927,0,"Rejected"
"PWY0-1261: anhydromuropeptides recycling I",0.985099429463005,1.12461782042902,"Rejected"
"PWY-7761: NAD salvage pathway II (PNC IV cycle)",0.0884122129891042,0,"Rejected"
"PWY-561: superpathway of glyoxylate cycle and fatty acid degradation",-0.259503366831951,-0.321187006253194,"Rejected"
"PWY-702: L-methionine biosynthesis II",0.0991921407591919,0,"Rejected"
"PWY-6507: 4-deoxy-L-threo-hex-4-enopyranuronate degradation",-0.348292237820489,-0.586929322625708,"Rejected"
"PWY-821: superpathway of sulfur amino acid biosynthesis (Saccharomyces cerevisiae)",0.695045532642586,1.00100150250438,"Rejected"
"GLYOXYLATE-BYPASS: glyoxylate cycle",-0.121466231431128,0,"Rejected"
"PWY-6902: chitin degradation II (Vibrio)",0.0188040794402144,0,"Rejected"
"PWY-6628: superpathway of L-phenylalanine biosynthesis",0.446995968498426,0.862223706241573,"Rejected"
"GALACTUROCAT-PWY: D-galacturonate degradation I",1.65566514978805,1.5503883551506,"Rejected"
"PWY-6969: TCA cycle V (2-oxoglutarate synthase)",0.457481947751573,0.760138125318967,"Rejected"
"TCA: TCA cycle I (prokaryotic)",3.81947088993443,3.9314092405133,"Confirmed"
"TCA-GLYOX-BYPASS: superpathway of glyoxylate bypass and TCA",0.113633202510306,0,"Rejected"
"HEXITOLDEGSUPER-PWY: superpathway of hexitol degradation (bacteria)",0.45603246842324,0.393751434418664,"Rejected"
"PWY-6284: superpathway of unsaturated fatty acids biosynthesis (E. coli)",-0.226611808624835,0,"Rejected"
"GALACTARDEG-PWY: D-galactarate degradation I",-0.273036167326747,0,"Rejected"
"GLUCARGALACTSUPER-PWY: superpathway of D-glucarate and D-galactarate degradation",-0.223448650992604,0,"Rejected"
"PWY-6859: all-trans-farnesol biosynthesis",4.21154245189967,4.27265537956067,"Confirmed"
"PWY-7242: D-fructuronate degradation",0.0134328472682628,0,"Rejected"
"ORNDEG-PWY: superpathway of ornithine degradation",1.04056150842888,1.24115801856658,"Rejected"
"PRPP-PWY: superpathway of histidine purine and pyrimidine biosynthesis",0.305705168000403,0,"Rejected"
"PWY-6545: pyrimidine deoxyribonucleotides de novo biosynthesis III",0.539616028783853,0.855328995061583,"Rejected"
"PWY-6531: mannitol cycle",-0.149931226732897,0,"Rejected"
"POLYAMSYN-PWY: superpathway of polyamine biosynthesis I",-0.321891076628645,-0.500500751252191,"Rejected"
"PWY-7456: &beta;-(14)-mannan degradation",0.67606163751271,0.853052596926635,"Rejected"
"PWY0-301: L-ascorbate degradation I (bacterial anaerobic)",0.779016412271379,1.00100150250438,"Rejected"
"DENOVOPURINE2-PWY: superpathway of purine nucleotides de novo biosynthesis II",0.193448166506861,0,"Rejected"
"PWY-5189: tetrapyrrole biosynthesis II (from glycine)",-0.0314013654467528,0,"Rejected"
"PWY-5918: superpathway of heme b biosynthesis from glutamate",-0.122079116960038,0,"Rejected"
"PWY-6630: superpathway of L-tyrosine biosynthesis",-0.0163048560216866,0,"Rejected"
"PWY-6549: L-glutamine biosynthesis III",0.107971548216872,0.0740249435020562,"Rejected"
"PYRIDNUCSAL-PWY: NAD salvage pathway I (PNC VI cycle)",-0.104729110281332,0,"Rejected"
"GLYCOCAT-PWY: glycogen degradation I",3.04473423717001,3.111756789113,"Tentative"
"P105-PWY: TCA cycle IV (2-oxoglutarate decarboxylase)",0.250699250393217,0.0392234684035691,"Rejected"
"PWY3O-4107: NAD salvage pathway V (PNC V cycle)",0.110345357546166,0,"Rejected"
"PWY-5505: L-glutamate and L-glutamine biosynthesis",-0.27867219328982,0,"Rejected"
"PWY-5837: 2-carboxy-14-naphthoquinol biosynthesis",-0.234016941335357,0,"Rejected"
"PWY-5104: L-isoleucine biosynthesis IV",-0.232809029916746,0,"Rejected"
"GALACT-GLUCUROCAT-PWY: superpathway of hexuronide and hexuronate degradation",-0.172628977502984,0,"Rejected"
"HOMOSER-METSYN-PWY: L-methionine biosynthesis I",0.0368229352552642,0,"Rejected"
"GLUCARDEG-PWY: D-glucarate degradation I",0.119122638956311,0.143265756840452,"Rejected"
"FAO-PWY: fatty acid &beta;-oxidation I (generic)",0.0623220163730731,0,"Rejected"
"PWY0-1277: 3-phenylpropanoate and 3-(3-hydroxyphenyl)propanoate degradation",0.0909713919723578,0.494207454097057,"Rejected"
"HCAMHPDEG-PWY: 3-phenylpropanoate and 3-(3-hydroxyphenyl)propanoate degradation to 2-hydroxypentadienoate",-0.29348986051873,0,"Rejected"
"PWY-6690: cinnamate and 3-hydroxycinnamate degradation to 2-hydroxypentadienoate",0.337203027946888,0.160710279957038,"Rejected"
"PWY-5656: mannosylglycerate biosynthesis I",-0.27371994048932,0,"Rejected"
"PWY-7858: (5Z)-dodecenoate biosynthesis II",-0.0798557188661885,0,"Rejected"
"LACTOSECAT-PWY: lactose and galactose degradation I",0.352812126020736,0.433495416991622,"Rejected"
"PWY-7115: C4 photosynthetic carbon assimilation cycle NAD-ME type",1.15712518880032,1.35280552828942,"Rejected"
"HEMESYN2-PWY: heme b biosynthesis II (oxygen-independent)",-0.00939643330350907,0,"Rejected"
"PWY-6961: L-ascorbate degradation II (bacterial aerobic)",0.361260445651447,0.337508571634534,"Rejected"
"PWY-7204: pyridoxal 5'-phosphate salvage II (plants)",-0.254773717869166,0,"Rejected"
"METH-ACETATE-PWY: methanogenesis from acetate",-0.217307804873786,0,"Rejected"
"PWY-7312: dTDP-&beta;-D-fucofuranose biosynthesis",-0.402602412613214,0,"Rejected"
"PWY-7118: chitin deacetylation",-0.170942749935312,0,"Rejected"
"PWY-7013: (S)-propane-12-diol degradation",-0.0829060861071361,0,"Rejected"
"PWY-5920: superpathway of heme b biosynthesis from glycine",0.0625625939065239,0,"Rejected"
"PWY-7198: pyrimidine deoxyribonucleotides de novo biosynthesis IV",0.147670815270298,0,"Rejected"
"PWY1ZNC-1: assimilatory sulfate reduction IV",-0.174503342501824,0,"Rejected"
"PWY-7315: dTDP-N-acetylthomosamine biosynthesis",-0.192559146832347,0,"Rejected"
"PWY0-1061: superpathway of L-alanine biosynthesis",0.232966765127846,0.107641410691463,"Rejected"
"P42-PWY: incomplete reductive TCA cycle",0.18230055209169,0.087708500695321,"Rejected"
"PWY-5005: biotin biosynthesis II",-0.0621335153883836,0,"Rejected"
"HEME-BIOSYNTHESIS-II: heme b biosynthesis I (aerobic)",-0.417932165074521,0,"Rejected"
"HEME-BIOSYNTHESIS-II-1: heme b biosynthesis V (aerobic)",-0.0250193335146067,0,"Rejected"
"PWY0-1415: superpathway of heme b biosynthesis from uroporphyrinogen-III",-0.20804598843643,0,"Rejected"
"PWY-7187: pyrimidine deoxyribonucleotides de novo biosynthesis II",0.140742236406184,0,"Rejected"
"P108-PWY: pyruvate fermentation to propanoate I",0.0739616166522189,0.0805834497820071,"Rejected"
"PWY-7942: 5-oxo-L-proline metabolism",0.188171051882305,0.872429837271199,"Rejected"
"FOLSYN-PWY: superpathway of tetrahydrofolate biosynthesis and salvage",-0.282752117688721,0,"Rejected"
"PWY-8131: 5'-deoxyadenosine degradation II",0.279858053633724,0.316890151121273,"Rejected"
"PWY-7688: dTDP-&alpha;-D-ravidosamine and dTDP-4-acetyl-&alpha;-D-ravidosamine biosynthesis",-0.308856728404232,-0.701877393952981,"Rejected"
"GALACTITOLCAT-PWY: galactitol degradation",-0.098677521222718,-0.500500751252191,"Rejected"
"THREOCAT-PWY: superpathway of L-threonine metabolism",-0.206080463517159,0,"Rejected"
"PWY-1861: formaldehyde assimilation II (assimilatory RuMP Cycle)",0.878229405990112,1.10377835279781,"Rejected"
"PWY-6588: pyruvate fermentation to acetone",-0.356307594589323,-0.393314230924279,"Rejected"
"PWY0-42: 2-methylcitrate cycle I",-0.416762319474148,-0.69630848581849,"Rejected"
"PWY-5367: petroselinate biosynthesis",-0.0200780258686096,0,"Rejected"
"PWY-6572: chondroitin sulfate degradation I (bacterial)",-0.118491484429038,0,"Rejected"
"AST-PWY: L-arginine degradation II (AST pathway)",-0.0195328683105978,0,"Rejected"
"PWY-5676: acetyl-CoA fermentation to butanoate II",0.22607551393368,0.176120455887358,"Rejected"
"PWY-6749: CMP-legionaminate biosynthesis I",0.284487821638116,0,"Rejected"
"PWY-6612: superpathway of tetrahydrofolate biosynthesis",-0.103467059051771,0,"Rejected"
"ARGDEG-PWY: superpathway of L-arginine putrescine and 4-aminobutanoate degradation",-0.241730466302998,0,"Rejected"
"ORNARGDEG-PWY: superpathway of L-arginine and L-ornithine degradation",-0.375375563439144,0,"Rejected"
"PWY-7316: dTDP-N-acetylviosamine biosynthesis",0.0898967466974081,0,"Rejected"
"ECASYN-PWY: enterobacterial common antigen biosynthesis",0.257759262311832,0.658916926313761,"Rejected"
"P122-PWY: heterolactic fermentation",0.0786182535199558,0,"Rejected"
"PWY-6293: superpathway of L-cysteine biosynthesis (fungi)",-0.348664647818976,0,"Rejected"
"PPGPPMET-PWY: ppGpp metabolism",0.181903045650484,0.022798085026693,"Rejected"
"3-HYDROXYPHENYLACETATE-DEGRADATION-PWY: 4-hydroxyphenylacetate degradation",-0.140977818138889,0,"Rejected"
"PWY-5138: fatty acid &beta;-oxidation IV (unsaturated even number)",0.0232744353680789,0,"Rejected"
"P185-PWY: formaldehyde assimilation III (dihydroxyacetone cycle)",-0.0243279659487918,0,"Rejected"
"PWY-6470: peptidoglycan biosynthesis V (&beta;-lactam resistance)",-0.167272377497667,0,"Rejected"
"PWY0-1337: oleate &beta;-oxidation",0.36378733834822,0.0191040458866607,"Rejected"
"KDO-NAGLIPASYN-PWY: superpathway of (Kdo)2-lipid A biosynthesis",-0.309384762587766,0,"Rejected"
"PWY0-1338: polymyxin resistance",0.115874353838427,0,"Rejected"
"PWY-7094: fatty acid salvage",0.273408222075739,0,"Rejected"
"PWY-5705: allantoin degradation to glyoxylate III",-0.0625625939065239,0,"Rejected"
"GOLPDLCAT-PWY: superpathway of glycerol degradation to 13-propanediol",-0.122931707696216,0,"Rejected"
"PWY-801: homocysteine and cysteine interconversion",0.022098000253115,0,"Rejected"
"PWY-7446: sulfoquinovose degradation I",-0.139202731133343,0,"Rejected"
"GLYCOL-GLYOXDEG-PWY: superpathway of glycol metabolism and degradation",0.0851450968856836,0,"Rejected"
"POLYAMINSYN3-PWY: superpathway of polyamine biosynthesis II",-0.0544279418075463,0,"Rejected"
"DARABCATK12-PWY: D-arabinose degradation I",-0.139171033086956,0,"Rejected"
"PWY-6292: superpathway of L-cysteine biosynthesis (mammalian)",-0.125125187813048,0,"Rejected"
"PWY-5690: TCA cycle II (plants and fungi)",0.747445237524302,1.00100150250438,"Rejected"
"NAD-BIOSYNTHESIS-II: NAD salvage pathway III (to nicotinamide riboside)",0,0,"Rejected"
"REDCITCYC: TCA cycle VI (Helicobacter)",0.747963730353208,0.919604346611896,"Rejected"
"PWY-7211: superpathway of pyrimidine deoxyribonucleotides de novo biosynthesis",0.680735015002204,1.15025611779967,"Rejected"
"PWY-6953: dTDP-3-acetamido-&alpha;-D-fucose biosynthesis",0.0442712038293673,0,"Rejected"
"PWY-7385: 13-propanediol biosynthesis (engineered)",-0.533286526532237,-1.00100150250438,"Rejected"
"PWY0-1221: putrescine degradation II",0.187687781719572,0,"Rejected"
"PWY-5747: 2-methylcitrate cycle II",-0.15566021293561,0,"Rejected"
"PWY-6807: xyloglucan degradation II (exoglucanase)",4.35566613615392,4.3971493049669,"Confirmed"
"KETOGLUCONMET-PWY: ketogluconate metabolism",-0.261991467479941,0,"Rejected"
"PWY-7883: anhydromuropeptides recycling II",-0.421062877873755,-0.776848263121253,"Rejected"
"LPSSYN-PWY: superpathway of lipopolysaccharide biosynthesis",0.0103276867981227,0,"Rejected"
"PWY-6071: superpathway of phenylethylamine degradation",0.262195124156234,0,"Rejected"
"METHGLYUT-PWY: superpathway of methylglyoxal degradation",-0.372987557703311,0,"Rejected"
"PWY-7269: mitochondrial NADPH production (yeast)",-0.050517082593426,0,"Rejected"
"PWY-7874: L-threonate degradation",-0.201042111647542,0,"Rejected"
"PWY-6471: peptidoglycan biosynthesis IV (Enterococcus faecium)",-0.0889104673765853,0,"Rejected"
"PWY-5130: 2-oxobutanoate degradation I",-0.0859571299047693,0,"Rejected"
"PWY0-321: phenylacetate degradation I (aerobic)",0,0,"Rejected"
"PWY66-389: phytol degradation",0.0638653441502406,0,"Rejected"
"PWY0-461: L-lysine degradation I",-0.502163000044611,-0.807370242032481,"Rejected"
"PWY-8086: (S)-lactate fermentation to propanoate acetate and hydrogen",-0.220876748058655,0,"Rejected"
"PWY0-41: allantoin degradation IV (anaerobic)",-0.0122879658596705,0,"Rejected"
"PWY-6922: L-N&delta;-acetylornithine biosynthesis",0.959403435373513,1.23287865809989,"Rejected"
"P221-PWY: octane oxidation",-0.151993866147303,0,"Rejected"
"CARNMET-PWY: L-carnitine degradation I",-0.0880218099250354,0,"Rejected"
"PWY-7356: thiamine diphosphate salvage IV (yeast)",0.540174204350625,0.840291295179062,"Rejected"
"PWY66-388: ceramide degradation by &alpha;-oxidation",-0.170623839140167,0,"Rejected"
"P23-PWY: reductive TCA cycle I",-0.12174017103549,0,"Rejected"
"PWY-6992: 15-anhydrofructose degradation",0.0267091216344693,0.00642877585377381,"Rejected"
"PWY-6607: guanosine nucleotides degradation I",-0.185467125898316,-0.102610026275828,"Rejected"
"PWY-6595: superpathway of guanosine nucleotides degradation (plants)",0.222867654499954,0.231955412965906,"Rejected"
"PWY-5392: reductive TCA cycle II",0.417484044343576,0.631993185678837,"Rejected"
"PWY-7873: D-erythronate degradation II",-0.062562593906524,0,"Rejected"
"PWY-7409: phospholipid remodeling (phosphatidylethanolamine yeast)",-0.025866156351407,0,"Rejected"
"PROPFERM-PWY: superpathway of L-alanine fermentation (Stickland reaction)",-0.165217895980211,-0.00718423581226298,"Rejected"
"PWY-8188: L-alanine degradation VI (reductive Stickland reaction)",0.56352522720759,0.724152283782602,"Rejected"
"PWY-8189: L-alanine degradation V (oxidative Stickland reaction)",-0.0656971738872613,0,"Rejected"
"PWY490-3: nitrate reduction VI (assimilatory)",-0.397926314733648,-0.161330191908049,"Rejected"
"GLYCOLYSIS-TCA-GLYOX-BYPASS: superpathway of glycolysis pyruvate dehydrogenase TCA and glyoxylate bypass",-0.0775282461264428,0,"Rejected"
"PWY-7389: superpathway of anaerobic energy metabolism (invertebrates)",0.0606786287541353,0,"Rejected"
"PWY-6590: superpathway of Clostridium acetobutylicum acidogenic fermentation",0,0,"Rejected"
"PWY-7254: TCA cycle VII (acetate-producers)",0.0377711047869782,-0.183318070097015,"Rejected"
"LIPA-CORESYN-PWY: lipid A-core biosynthesis (E. coli K-12)",0.0625625939065239,0,"Rejected"
"PWY-7616: methanol oxidation to carbon dioxide",-0.120389496171323,0,"Rejected"
"CENTFERM-PWY: pyruvate fermentation to butanoate",-0.190212137061741,0,"Rejected"
"PWY-5855: ubiquinol-7 biosynthesis (early decarboxylation)",0.184641710866562,0,"Rejected"
"PWY-7384: anaerobic energy metabolism (invertebrates mitochondrial)",0.364056618774175,0,"Rejected"
"PWY-5494: pyruvate fermentation to propanoate II (acrylate pathway)",0.0108068331522875,-0.0121232232513392,"Rejected"
"PWY-5692: allantoin degradation to glyoxylate II",-0.264782115989783,0,"Rejected"
"URDEGR-PWY: superpathway of allantoin degradation in plants",-0.306029846934501,-0.179370594022962,"Rejected"
"PWY-622: starch biosynthesis",0.602039179936442,0.804470822069036,"Rejected"
"P163-PWY: L-lysine fermentation to acetate and butanoate",0.616574889924077,0.848662021321154,"Rejected"
"PWY-7992: superpathway of menaquinol-8 biosynthesis III",-0.0189363701031799,0,"Rejected"
"PWY66-391: fatty acid &beta;-oxidation VI (mammalian peroxisome)",-0.0282025641546967,0,"Rejected"
"PWY-7371: 14-dihydroxy-6-naphthoate biosynthesis II",-0.0625625939065239,0,"Rejected"
"P125-PWY: superpathway of (RR)-butanediol biosynthesis",-0.1769315065865,0,"Rejected"
"PWY-5004: superpathway of L-citrulline metabolism",0.683783119937202,0.83240202589255,"Rejected"
"PWY-6876: isopropanol biosynthesis (engineered)",-0.203049308134763,0,"Rejected"
"RUMP-PWY: formaldehyde oxidation I",-0.159163365564329,0,"Rejected"
"PWY-5994: palmitate biosynthesis (type I fatty acid synthase)",-0.0861102160709989,0,"Rejected"
"PWY-7210: pyrimidine deoxyribonucleotides biosynthesis from CTP",0.243610598146156,0.355837083553333,"Rejected"
"LIPASYN-PWY: phospholipases",0.0517844915902988,0,"Rejected"
"PWY-7388: octanoyl-[acyl-carrier protein] biosynthesis (mitochondria yeast)",-0.156385273322336,0,"Rejected"
"PWY66-430: myristate biosynthesis (mitochondria)",-0.187687781719572,0,"Rejected"
"PROTOCATECHUATE-ORTHO-CLEAVAGE-PWY: protocatechuate degradation II (ortho-cleavage pathway)",-0.130315566099742,0,"Rejected"
"PWY-7196: superpathway of pyrimidine ribonucleosides salvage",-0.139784400022996,0,"Rejected"
"PWY-7200: superpathway of pyrimidine deoxyribonucleoside salvage",0.278477828793209,0.255705648915783,"Rejected"
"PWY-5910: superpathway of geranylgeranyldiphosphate biosynthesis I (via mevalonate)",-0.103433950635373,0,"Rejected"
"PWY-922: mevalonate pathway I (eukaryotes and bacteria)",-0.59009992626381,-1.00100150250438,"Rejected"
"PWY-7209: superpathway of pyrimidine ribonucleosides degradation",0.388159329605736,0.290362753439559,"Rejected"
"PWY-5417: catechol degradation III (ortho-cleavage pathway)",0.137998559326326,0,"Rejected"
"PWY-5431: aromatic compounds degradation via &beta;-ketoadipate",-0.0736889888328384,0,"Rejected"
"PWY-7340: 9-cis 11-trans-octadecadienoyl-CoA degradation (isomerase-dependent yeast)",0.494129601077197,0.500500751252191,"Rejected"
"PWY-6185: 4-methylcatechol degradation (ortho cleavage)",-0.31281296953262,0,"Rejected"
"CATECHOL-ORTHO-CLEAVAGE-PWY: catechol degradation to &beta;-ketoadipate",0.12523936943678,0,"Rejected"
"ALLANTOINDEG-PWY: superpathway of allantoin degradation in yeast",-0.113738839003852,0,"Rejected"
"PWY-6562: norspermidine biosynthesis",0.423099414949548,0.500500751252191,"Rejected"
"PWY-8190: L-glutamate degradation XI (reductive Stickland reaction)",0.352939163698039,0,"Rejected"
"PWY-5677: succinate fermentation to butanoate",-0.246763360490933,-0.105933154388375,"Rejected"
"PWY66-367: ketogenesis",-0.25945044531055,0,"Rejected"
"PWY-5265: peptidoglycan biosynthesis II (staphylococci)",-0.254797020974726,0,"Rejected"
"P124-PWY: Bifidobacterium shunt",0.0844012008594214,-0.0415230262935566,"Rejected"
"UDPNACETYLGALSYN-PWY: UDP-N-acetyl-D-glucosamine biosynthesis II",-0.276217166037109,0,"Rejected"
"PWY-5972: stearate biosynthesis I (animals)",0.140418398947157,0.122268759624909,"Rejected"
"PWY-822: fructan biosynthesis",-0.060332521883936,0,"Rejected"
"PWY-5088: L-glutamate degradation VIII (to propanoate)",-0.0881521849777544,0,"Rejected"
"PWY-6215: 4-chlorobenzoate degradation",-0.0961421187739935,0,"Rejected"
"PWY-7783: plasmalogen degradation",-0.100310353827691,0,"Rejected"
"PWY-6328: L-lysine degradation X",-0.180544507306593,0,"Rejected"
"PWY-6318: L-phenylalanine degradation IV (mammalian via side chain)",-0.0541066731450623,0,"Rejected"
"PWY-6349: CDP-archaeol biosynthesis",-0.0582201738360155,0,"Rejected"
"PWY-6350: archaetidylinositol biosynthesis",-0.0885331975503364,0,"Rejected"
"PWY-8112: factor 420 biosynthesis I (archaea)",-0.492081257301679,-0.33885732678876,"Rejected"
"PWY-5198: factor 420 biosynthesis II (mycobacteria)",0.334254268120642,0,"Rejected"
"PWY-7434: terminal O-glycans residues modification (via type 2 precursor disaccharide)",-0.0799099584449138,0,"Rejected"
"PWY-7807: glyphosate degradation III",0.238616708781895,0.00937420488386535,"Rejected"
"PWY-7805: (aminomethyl)phosphonate degradation",-0.39932947682848,-0.537665663896127,"Rejected"
"PWY-7165: L-ascorbate biosynthesis VIII (engineered pathway)",-0.116848280886132,0,"Rejected"
"PWY-6478: GDP-D-glycero-&alpha;-D-manno-heptose biosynthesis",-0.0580008299533925,0,"Rejected"
"PWY0-1533: methylphosphonate degradation I",0.0293582646580938,0,"Rejected"
"PWY-3801: sucrose degradation II (sucrose synthase)",-0.0338667856064478,0,"Rejected"
"PWY-5464: superpathway of cytosolic glycolysis (plants) pyruvate dehydrogenase and TCA cycle",-0.345484844502342,-0.261374999757778,"Rejected"
"PWY-7723: bacterial bioluminescence",-0.0342884489497061,0,"Rejected"
"PWY-6182: superpathway of salicylate degradation",-0.0925107458757851,0,"Rejected"
"FASYN-INITIAL-PWY: superpathway of fatty acid biosynthesis initiation (E. coli)",0.910923475846608,0.814372976906178,"Rejected"
"PWY-7332: superpathway of UDP-N-acetylglucosamine-derived O-antigen building blocks biosynthesis",0.410028350453106,0.323452372592591,"Rejected"
"PWY-6396: superpathway of 23-butanediol biosynthesis",-0.0879566240654989,0,"Rejected"
"PWY-7396: butanol and isobutanol biosynthesis (engineered)",0.102728037389188,0,"Rejected"
"UBISYN-PWY: superpathway of ubiquinol-8 biosynthesis (early decarboxylation)",-0.210330910458566,0,"Rejected"
"PWY-6708: ubiquinol-8 biosynthesis (early decarboxylation)",-0.296469675848651,0,"Rejected"
"PWY-5531: 38-divinyl-chlorophyllide a biosynthesis II (anaerobic)",-0.187687781719572,0,"Rejected"
"PWY-7159: 38-divinyl-chlorophyllide a biosynthesis III (aerobic light independent)",0.234991282197909,0,"Rejected"
"PWY-6210: 2-aminophenol degradation",0.0339032374990173,0,"Rejected"
"PWY-6143: CMP-pseudaminate biosynthesis",0.250590386308192,0.380611996518709,"Rejected"
"AEROBACTINSYN-PWY: aerobactin biosynthesis",-0.240474361482987,-0.161473712899952,"Rejected"
"PWY-5654: 2-amino-3-carboxymuconate semialdehyde degradation to 2-hydroxypentadienoate",-0.0328593751167475,0,"Rejected"
"PWY-7294: D-xylose degradation IV",-0.125125187813048,0,"Rejected"
"PWY-6518: bile acids epimerization",-0.233448681807757,0,"Rejected"
"PWY-7820: teichuronic acid biosynthesis (B. subtilis 168)",-0.21507857917381,0,"Rejected"
"PWY-7399: methylphosphonate degradation II",0.0780141679864586,0,"Rejected"
"P621-PWY: nylon-6 oligomer degradation",-0.0326455471512154,0,"Rejected"
"PWY-6138: CMP-N-acetylneuraminate biosynthesis I (eukaryotes)",-0.0573114812128605,0,"Rejected"
"PWY-5415: catechol degradation I (meta-cleavage pathway)",-0.00413771892178295,0,"Rejected"
"PWY-6797: 6-hydroxymethyl-dihydropterin diphosphate biosynthesis II (Methanocaldococcus)",-0.0853098291597684,0,"Rejected"
"PWY1G-0: mycothiol biosynthesis",0.156556905689899,0,"Rejected"
"CRNFORCAT-PWY: creatinine degradation I",0.025866156351407,0,"Rejected"
"PWY-5514: UDP-N-acetyl-D-galactosamine biosynthesis II",0.0593779719094458,0,"Rejected"
"PWY-7039: phosphatidate metabolism as a signaling molecule",-0.171016618878575,0,"Rejected"
"PWY-7391: isoprene biosynthesis II (engineered)",0,0,"Rejected"
"PWY-8134: bile acid 7&beta;-dehydroxylation",0.00238381644594448,0,"Rejected"
"PWY-7754: bile acid 7&alpha;-dehydroxylation",0,0,"Rejected"
"METHANOGENESIS-PWY: methanogenesis from H2 and CO2",-0.0506362314652846,0,"Rejected"
"PWY-5724: superpathway of atrazine degradation",0.062562593906524,0,"Rejected"
"PWY-6165: chorismate biosynthesis II (archaea)",0.0602191290734118,0,"Rejected"
"PWY-5209: methyl-coenzyme M oxidation to CO2",-0.125638652214289,0,"Rejected"
"PWY-7286: 7-(3-amino-3-carboxypropyl)-wyosine biosynthesis",0.212889922415567,0,"Rejected"
"PWY-6160: 3-dehydroquinate biosynthesis II (archaea)",0.00610164025031282,0,"Rejected"
"PWY-8113: 3PG-factor 420 biosynthesis",-0.0030460708530099,0,"Rejected"
"PWY-6167: flavin biosynthesis II (archaea)",-0.182865998901101,0,"Rejected"
"PWY-7031: protein N-glycosylation (bacterial)",0.293800990386539,0,"Rejected"
"PWY-6174: mevalonate pathway II (haloarchaea)",-0.219224069833451,0,"Rejected"
"PWY-8125: mevalonate pathway IV (archaea)",0.0956462524117498,0,"Rejected"
"PWY-5180: toluene degradation I (aerobic) (via o-cresol)",0.114308909351576,0,"Rejected"
"PWY-6435: 4-hydroxybenzoate biosynthesis III (plants)",-0.157361778519406,0,"Rejected"
"PWY-6920: 6-gingerol analog biosynthesis (engineered)",0.0249996979856544,0,"Rejected"
"PWY-5055: nicotinate degradation III",0.158402952657989,0,"Rejected"
"PWY-7245: superpathway of NAD/NADP - NADH/NADPH interconversion (yeast)",0.0081798796113181,0,"Rejected"
"PWY-7268: cytosolic NADPH production (yeast)",0.0910438322558167,0.0243685668240786,"Rejected"
"PWY-2221: Entner-Doudoroff pathway III (semi-phosphorylative)",-0.31281296953262,0,"Rejected"
"PWY-3781: aerobic respiration I (cytochrome c)",0.125855068400674,0,"Rejected"
