"","Estimate","Std. Error","t value","Pr(>|t|)","Gene","Group","FDR","log2FC"
"ToxYes71",-0.405556532978463,0.248170671232631,-1.63418397091049,0.109046652908256,"PWY-7357: thiamine phosphate formation from pyrithiamine and oxythiamine (yeast)","ToxYes",0.465260444360561,-1.34722964096627
"ToxYes79",-0.837439458094238,0.494477299512224,-1.69358524429803,0.0971063321102123,"PWY-5971: palmitate biosynthesis (type II fatty acid synthase)","ToxYes",0.465260444360561,-2.7819136636105
"ToxYes83",-0.53280071205195,0.297848443480796,-1.78883161458019,0.0802281353789747,"PHOSLIPSYN-PWY: superpathway of phospholipid biosynthesis I (bacteria)","ToxYes",0.465260444360561,-1.76992565434136
"ToxYes87",-0.487098956781967,0.255082336238217,-1.90957540990637,0.0624358916704132,"PWY-6895: superpathway of thiamine diphosphate biosynthesis II","ToxYes",0.465260444360561,-1.61810770952434
"ToxYes88",-0.576230942507506,0.367924717068164,-1.56616534789847,0.124164108708274,"BIOTIN-BIOSYNTHESIS-PWY: biotin biosynthesis I","ToxYes",0.465260444360561,-1.91419775705911
"ToxYes100",-0.381456056784961,0.240042528934957,-1.58911863859059,0.118884013768146,"GLUCONEO-PWY: gluconeogenesis I","ToxYes",0.465260444360561,-1.26716959199891
"ToxYes103",-0.62870594068106,0.371159745978423,-1.69389581573215,0.0970468597557969,"PWY-5345: superpathway of L-methionine biosynthesis (by sulfhydrylation)","ToxYes",0.465260444360561,-2.088515927771
"ToxYes106",-0.545628195841001,0.292258667909123,-1.86693588848719,0.0682913391234557,"PWY4FS-7: phosphatidylglycerol biosynthesis I (plastidic)","ToxYes",0.465260444360561,-1.81253763312693
"ToxYes107",-0.545649718339661,0.292258134432097,-1.86701293840783,0.068280351347576,"PWY4FS-8: phosphatidylglycerol biosynthesis II (non-plastidic)","ToxYes",0.465260444360561,-1.8126091293199
"ToxYes108",-0.626487219036886,0.37128019814847,-1.68737040693553,0.0983027720218153,"SULFATE-CYS-PWY: superpathway of sulfate assimilation and cysteine biosynthesis","ToxYes",0.465260444360561,-2.08114549400648
"ToxYes113",-0.42636725420865,0.242497533807743,-1.75823336226868,0.0853599274329879,"PWY-7345: superpathway of anaerobic sucrose degradation","ToxYes",0.465260444360561,-1.4163613604957
"ToxYes116",-0.444753129889493,0.247973286811635,-1.79355258628054,0.0794598803743991,"PWY-6353: purine nucleotides degradation II (aerobic)","ToxYes",0.465260444360561,-1.477437917469
"ToxYes118",-0.486605564675105,0.253055615239926,-1.92291945078455,0.0606938449921894,"PWY-7282: 4-amino-2-methyl-5-diphosphomethylpyrimidine biosynthesis II","ToxYes",0.465260444360561,-1.61646869642276
"ToxYes122",-0.882427374212417,0.43765662206303,-2.01625504957019,0.0496344675122704,"PWY-6168: flavin biosynthesis III (fungi)","ToxYes",0.465260444360561,-2.93136028609391
"ToxYes124",-0.39837143155622,0.243209522920768,-1.63797628798441,0.108250061978846,"THISYNARA-PWY: superpathway of thiamine diphosphate biosynthesis III (eukaryotes)","ToxYes",0.465260444360561,-1.3233612506871
"ToxYes125",-0.387120542639972,0.248863193398105,-1.55555563421826,0.126667801538751,"HISDEG-PWY: L-histidine degradation I","ToxYes",0.465260444360561,-1.28598660670376
"ToxYes129",-0.653878486091046,0.28700811138774,-2.27825786152669,0.0274027464829711,"PWY-5121: superpathway of geranylgeranyl diphosphate biosynthesis II (via MEP)","ToxYes",0.465260444360561,-2.17213731358826
"ToxYes130",-0.590030765637348,0.368836834134147,-1.59970672946062,0.116510385719005,"SO4ASSIM-PWY: assimilatory sulfate reduction I","ToxYes",0.465260444360561,-1.96003977721861
"ToxYes132",-0.50162396161103,0.295458792850199,-1.69777977081684,0.0963056454580441,"P441-PWY: superpathway of N-acetylneuraminate degradation","ToxYes",0.465260444360561,-1.66635873114438
"ToxYes140",-1.16034743642788,0.458824818894199,-2.52895525404316,0.0149332861868711,"PWY-5838: superpathway of menaquinol-8 biosynthesis I","ToxYes",0.465260444360561,-3.85459074890032
"ToxYes147",-1.16758266934055,0.454631723544347,-2.56819445030798,0.0135355721234088,"PWY-5897: superpathway of menaquinol-11 biosynthesis","ToxYes",0.465260444360561,-3.87862567238594
"ToxYes148",-1.16758266934055,0.454631723544347,-2.56819445030798,0.0135355721234088,"PWY-5898: superpathway of menaquinol-12 biosynthesis","ToxYes",0.465260444360561,-3.87862567238594
"ToxYes149",-1.16758266934055,0.454631723544347,-2.56819445030798,0.0135355721234088,"PWY-5899: superpathway of menaquinol-13 biosynthesis","ToxYes",0.465260444360561,-3.87862567238594
"ToxYes150",-0.403620576833752,0.258980906651584,-1.55849549703198,0.125970016760475,"GLUDEG-I-PWY: GABA shunt","ToxYes",0.465260444360561,-1.34079853385869
"ToxYes157",-0.968762264336843,0.358107369748508,-2.70522850456048,0.00954007852224568,"FUC-RHAMCAT-PWY: superpathway of fucose and rhamnose degradation","ToxYes",0.465260444360561,-3.21815858316726
"ToxYes159",-0.393517547053425,0.250959017414089,-1.56805501993224,0.123722393102373,"FERMENTATION-PWY: mixed acid fermentation","ToxYes",0.465260444360561,-1.30723699538793
"ToxYes162",-1.05189548244512,0.467413402108878,-2.25046067934547,0.029243914095662,"PWY-5840: superpathway of menaquinol-7 biosynthesis","ToxYes",0.465260444360561,-3.49432115601955
"ToxYes163",-0.999897692783909,0.487334359782701,-2.05176932984934,0.0459097427263954,"PWY-5845: superpathway of menaquinol-9 biosynthesis","ToxYes",0.465260444360561,-3.32158823767192
"ToxYes167",-0.471863700196731,0.235454992949286,-2.004050516348,0.0509735749264275,"PWY66-399: gluconeogenesis III","ToxYes",0.465260444360561,-1.56749728264103
"ToxYes170",-1.11684413845176,0.447878574700168,-2.49363153662671,0.0163025227497682,"PWY-5861: superpathway of demethylmenaquinol-8 biosynthesis I","ToxYes",0.465260444360561,-3.71007592113317
"ToxYes174",-0.391271240089945,0.250307693137604,-1.56316106462956,0.124868982787527,"DAPLYSINESYN-PWY: L-lysine biosynthesis I","ToxYes",0.465260444360561,-1.29977492517621
"ToxYes175",-0.499385213259348,0.298421481872678,-1.67342246987571,0.101032235471526,"POLYISOPRENSYN-PWY: polyisoprenoid biosynthesis (E. coli)","ToxYes",0.465260444360561,-1.65892177009754
"ToxYes177",-0.729046200308613,0.436937391011144,-1.66853699250019,0.102002897259221,"PWY-5675: nitrate reduction V (assimilatory)","ToxYes",0.465260444360561,-2.42183905527606
"ToxYes180",-0.43040827633606,0.248288107481262,-1.73350339129128,0.0897052491082781,"ARG+POLYAMINE-SYN: superpathway of arginine and polyamine biosynthesis","ToxYes",0.465260444360561,-1.4297853454328
"ToxYes182",-0.451749568499395,0.241764963500719,-1.8685485355617,0.0680616789648855,"GLYCOLYSIS-E-D: superpathway of glycolysis and the Entner-Doudoroff pathway","ToxYes",0.465260444360561,-1.50067958345138
"ToxYes183",-0.796922119715938,0.325454104580725,-2.44864670163738,0.0182108218535461,"PWY-5497: purine nucleobases degradation II (anaerobic)","ToxYes",0.465260444360561,-2.64731797892157
"ToxYes184",-0.414765573333865,0.246757474339872,-1.68086326237311,0.0995684891844142,"PWY-6606: guanosine nucleotides degradation II","ToxYes",0.465260444360561,-1.37782141084983
"ToxYes186",-0.702756419992973,0.371119054261679,-1.89361449357826,0.0645754981875247,"PWY-5347: superpathway of L-methionine biosynthesis (transsulfuration)","ToxYes",0.465260444360561,-2.33450629543712
"ToxYes187",-0.626982602994996,0.316214622611736,-1.98277548905395,0.0533826869519373,"PWY0-1241: ADP-L-glycero-&beta;-D-manno-heptose biosynthesis","ToxYes",0.465260444360561,-2.08279112389469
"ToxYes191",-0.704775224934744,0.370808773877979,-1.90064333581994,0.0636256785684567,"MET-SAM-PWY: superpathway of S-adenosyl-L-methionine biosynthesis","ToxYes",0.465260444360561,-2.34121262029129
"ToxYes194",-0.950610531323424,0.472532387087477,-2.01173624771553,0.0501266856348903,"PWY-5862: superpathway of demethylmenaquinol-9 biosynthesis","ToxYes",0.465260444360561,-3.15785983129908
"ToxYes195",-0.610766369608173,0.279137054351902,-2.18805192677212,0.0337831055312638,"GLUCUROCAT-PWY: superpathway of &beta;-D-glucuronosides degradation","ToxYes",0.465260444360561,-2.02892196261375
"ToxYes199",-0.689502804944739,0.369358470380186,-1.86675779828475,0.0683167415885313,"METSYN-PWY: superpathway of L-homoserine and L-methionine biosynthesis","ToxYes",0.465260444360561,-2.29047873924957
"ToxYes200",-0.723493184531708,0.388871492008915,-1.86049427484162,0.0692152755886745,"PWY0-781: aspartate superpathway","ToxYes",0.465260444360561,-2.40339233615541
"ToxYes202",-0.388231325245474,0.237785029011715,-1.63269877358993,0.109359926344228,"PWY-8004: Entner-Doudoroff pathway I","ToxYes",0.465260444360561,-1.28967654664829
"ToxYes203",-0.759278165540749,0.410799120108425,-1.84829550107203,0.0709940433295188,"PWY-7184: pyrimidine deoxyribonucleotides de novo biosynthesis I","ToxYes",0.465260444360561,-2.52226746994435
"ToxYes204",-0.717613706552301,0.387735887093608,-1.85077969421761,0.070628703359807,"P4-PWY: superpathway of L-lysine L-threonine and L-methionine biosynthesis I","ToxYes",0.465260444360561,-2.38386113307234
"ToxYes205",-0.502257269791277,0.239780309227026,-2.09465602663702,0.0417379176474297,"PWY-7383: anaerobic energy metabolism (invertebrates cytosol)","ToxYes",0.465260444360561,-1.66846253538106
"ToxYes206",-0.539015229560523,0.281554659558034,-1.91442482396361,0.0617979277375463,"PWY-5913: partial TCA cycle (obligate autotrophs)","ToxYes",0.465260444360561,-1.79056983464926
"ToxYes213",-0.922847694454097,0.428456551241533,-2.15388863066739,0.0365227371871485,"PWY-821: superpathway of sulfur amino acid biosynthesis (Saccharomyces cerevisiae)","ToxYes",0.465260444360561,-3.06563368350909
"ToxYes215",-0.525118314730579,0.279837420379382,-1.87651213343328,0.0669371631153904,"PWY-6902: chitin degradation II (Vibrio)","ToxYes",0.465260444360561,-1.74440528284342
"ToxYes216",-0.384219280168191,0.244000777677766,-1.57466416224133,0.122187444467925,"PWY-6628: superpathway of L-phenylalanine biosynthesis","ToxYes",0.465260444360561,-1.27634882138811
"ToxYes217",-0.594257590868331,0.280824726609181,-2.11611562145434,0.0397776775830161,"GALACTUROCAT-PWY: D-galacturonate degradation I","ToxYes",0.465260444360561,-1.97408098670559
"ToxYes221",-1.19852340641143,0.469749467714789,-2.55140982328717,0.0141181616113062,"HEXITOLDEGSUPER-PWY: superpathway of hexitol degradation (bacteria)","ToxYes",0.465260444360561,-3.98140857613825
"ToxYes222",-0.791953865428895,0.461773993373375,-1.71502483204711,0.0930708923429761,"PWY-6284: superpathway of unsaturated fatty acids biosynthesis (E. coli)","ToxYes",0.465260444360561,-2.63081379542289
"ToxYes223",-0.654262178742752,0.411848083317527,-1.58860076140825,0.119001108102842,"GALACTARDEG-PWY: D-galactarate degradation I","ToxYes",0.465260444360561,-2.17341191298777
"ToxYes224",-0.654262178742752,0.411848083317527,-1.58860076140825,0.119001108102842,"GLUCARGALACTSUPER-PWY: superpathway of D-glucarate and D-galactarate degradation","ToxYes",0.465260444360561,-2.17341191298777
"ToxYes226",-0.620719352129931,0.275734402155281,-2.25114946585581,0.0291969948824569,"PWY-7242: D-fructuronate degradation","ToxYes",0.465260444360561,-2.0619850548807
"ToxYes229",-0.761350482222897,0.406108391841521,-1.87474698262331,0.0671850428582419,"PWY-6545: pyrimidine deoxyribonucleotides de novo biosynthesis III","ToxYes",0.465260444360561,-2.52915155695228
"ToxYes231",-0.420514971723124,0.246052024272084,-1.70904902313715,0.0941814626445331,"POLYAMSYN-PWY: superpathway of polyamine biosynthesis I","ToxYes",0.465260444360561,-1.39692049888781
"ToxYes233",-0.650437853674248,0.393018685597066,-1.65497946410898,0.104736760866438,"PWY0-301: L-ascorbate degradation I (bacterial anaerobic)","ToxYes",0.465260444360561,-2.16070778009872
"ToxYes235",-0.53494966638176,0.315327516834858,-1.69648900848042,0.0965514539264332,"PWY-5189: tetrapyrrole biosynthesis II (from glycine)","ToxYes",0.465260444360561,-1.77706432610419
"ToxYes236",-0.791874582980678,0.399848636343753,-1.98043587248825,0.0536535184799507,"PWY-5918: superpathway of heme b biosynthesis from glutamate","ToxYes",0.465260444360561,-2.63055042483073
"ToxYes237",-0.424623010197797,0.239398124479601,-1.77371068015188,0.0827308641069629,"PWY-6630: superpathway of L-tyrosine biosynthesis","ToxYes",0.465260444360561,-1.41056710731171
"ToxYes238",-0.59938300319489,0.283555729096016,-2.1138102379583,0.0399843247185959,"PWY-6549: L-glutamine biosynthesis III","ToxYes",0.465260444360561,-1.99110723791107
"ToxYes241",-0.775743387490541,0.472697640092583,-1.64109849869063,0.107597805123969,"P105-PWY: TCA cycle IV (2-oxoglutarate decarboxylase)","ToxYes",0.465260444360561,-2.57696375332792
"ToxYes243",-0.434833909551922,0.238135681666337,-1.82599225159877,0.0743463214042488,"PWY-5505: L-glutamate and L-glutamine biosynthesis","ToxYes",0.465260444360561,-1.44448698075024
"ToxYes244",-1.04697449475245,0.42405347461276,-2.46896808405717,0.0173250472819296,"PWY-5837: 2-carboxy-14-naphthoquinol biosynthesis","ToxYes",0.465260444360561,-3.47797398874868
"ToxYes246",-0.687126335157365,0.308987296534794,-2.22380124640494,0.0311121615350313,"GALACT-GLUCUROCAT-PWY: superpathway of hexuronide and hexuronate degradation","ToxYes",0.465260444360561,-2.28258427749624
"ToxYes247",-0.623946094769761,0.35856853823023,-1.74010273698117,0.0885280482910731,"HOMOSER-METSYN-PWY: L-methionine biosynthesis I","ToxYes",0.465260444360561,-2.07270406191092
"ToxYes248",-0.763962232482865,0.406815944424263,-1.87790631845574,0.0667419280531366,"GLUCARDEG-PWY: D-glucarate degradation I","ToxYes",0.465260444360561,-2.5378276035177
"ToxYes250",-0.815189678602784,0.491288926341888,-1.65928771216694,0.103861565652774,"PWY0-1277: 3-phenylpropanoate and 3-(3-hydroxyphenyl)propanoate degradation","ToxYes",0.465260444360561,-2.70800149601279
"ToxYes251",-0.77388990483041,0.471965021520971,-1.63971877054881,0.107885644854302,"HCAMHPDEG-PWY: 3-phenylpropanoate and 3-(3-hydroxyphenyl)propanoate degradation to 2-hydroxypentadienoate","ToxYes",0.465260444360561,-2.57080661720585
"ToxYes252",-0.77388990483041,0.471965021520971,-1.63971877054881,0.107885644854302,"PWY-6690: cinnamate and 3-hydroxycinnamate degradation to 2-hydroxypentadienoate","ToxYes",0.465260444360561,-2.57080661720585
"ToxYes257",-0.716004987146296,0.327001460969539,-2.18960791497196,0.0336627651906725,"HEMESYN2-PWY: heme b biosynthesis II (oxygen-independent)","ToxYes",0.465260444360561,-2.37851708288075
"ToxYes262",-0.717750236024954,0.439923802319086,-1.63153307968628,0.109606321191427,"PWY-7118: chitin deacetylation","ToxYes",0.465260444360561,-2.38431467416333
"ToxYes267",-0.60816044062922,0.354757764974138,-1.71429775659331,0.0932054325547267,"PWY-7315: dTDP-N-acetylthomosamine biosynthesis","ToxYes",0.465260444360561,-2.02026525392528
"ToxYes270",-0.623952172894996,0.397879213910093,-1.56819494731381,0.123689735160012,"PWY-5005: biotin biosynthesis II","ToxYes",0.465260444360561,-2.07272425300591
"ToxYes275",-0.809381374167277,0.425953201401843,-1.90016502165859,0.0636899339364412,"P108-PWY: pyruvate fermentation to propanoate I","ToxYes",0.465260444360561,-2.68870672632482
"ToxYes277",-0.631322082954762,0.350964749341302,-1.79881906698504,0.0786101524167807,"FOLSYN-PWY: superpathway of tetrahydrofolate biosynthesis and salvage","ToxYes",0.465260444360561,-2.09720656429023
"ToxYes280",-1.14067918893125,0.442957942130372,-2.57514106970347,0.0133009400819245,"GALACTITOLCAT-PWY: galactitol degradation","ToxYes",0.465260444360561,-3.78925424496406
"ToxYes281",-0.751097384436626,0.48336900418348,-1.5538799094191,0.127066928081666,"THREOCAT-PWY: superpathway of L-threonine metabolism","ToxYes",0.465260444360561,-2.49509150335644
"ToxYes285",-0.827133273663103,0.439215129420244,-1.88320760888839,0.0660039763250683,"PWY-5367: petroselinate biosynthesis","ToxYes",0.465260444360561,-2.74767725999762
"ToxYes290",-0.613009867026046,0.342013146660769,-1.79235761259806,0.0796537550535718,"PWY-6612: superpathway of tetrahydrofolate biosynthesis","ToxYes",0.465260444360561,-2.03637469971699
"ToxYes291",-0.798188376743441,0.45685495075225,-1.74713741293414,0.0872873816904607,"ARGDEG-PWY: superpathway of L-arginine putrescine and 4-aminobutanoate degradation","ToxYes",0.465260444360561,-2.65152439371657
"ToxYes292",-0.798188376743441,0.45685495075225,-1.74713741293414,0.0872873816904607,"ORNARGDEG-PWY: superpathway of L-arginine and L-ornithine degradation","ToxYes",0.465260444360561,-2.65152439371657
"ToxYes293",-1.04134060368501,0.396596602055224,-2.62569219778642,0.0117022816209562,"PWY-7316: dTDP-N-acetylviosamine biosynthesis","ToxYes",0.465260444360561,-3.45925860772819
"ToxYes301",-0.67523532396793,0.286909095915613,-2.35348175983425,0.0229277146813636,"PWY-6470: peptidoglycan biosynthesis V (&beta;-lactam resistance)","ToxYes",0.465260444360561,-2.24308319334944
"ToxYes311",-0.600042424131226,0.375565599885894,-1.59770336876842,0.11695652444433,"POLYAMINSYN3-PWY: superpathway of polyamine biosynthesis II","ToxYes",0.465260444360561,-1.99329778684584
"ToxYes314",-0.851279504694319,0.318833748138346,-2.66997929066448,0.0104484734288099,"PWY-5690: TCA cycle II (plants and fungi)","ToxYes",0.465260444360561,-2.82788930324586
"ToxYes316",-0.794391325311672,0.37386667545814,-2.12479843071923,0.0390077564347264,"REDCITCYC: TCA cycle VI (Helicobacter)","ToxYes",0.465260444360561,-2.63891086188765
"ToxYes317",-0.74549039038662,0.40651699906888,-1.83384801150789,0.0731506291260761,"PWY-7211: superpathway of pyrimidine deoxyribonucleotides de novo biosynthesis","ToxYes",0.465260444360561,-2.47646547229386
"ToxYes320",-0.686767018252361,0.389498148946835,-1.76320996674647,0.0845070655741339,"PWY0-1221: putrescine degradation II","ToxYes",0.465260444360561,-2.28139065257454
"ToxYes326",-0.559019152647732,0.332168332753959,-1.68293933384013,0.0991632178336665,"PWY-6071: superpathway of phenylethylamine degradation","ToxYes",0.465260444360561,-1.85702142876063
"ToxYes327",-0.725872621738554,0.368477997189141,-1.96992120907008,0.0548853599205358,"METHGLYUT-PWY: superpathway of methylglyoxal degradation","ToxYes",0.465260444360561,-2.41129665546285
"ToxYes332",-0.552769729393566,0.326553080390293,-1.69274082098047,0.097268185706141,"PWY0-321: phenylacetate degradation I (aerobic)","ToxYes",0.465260444360561,-1.83626129407577
"ToxYes333",-0.734956767767308,0.406873767493177,-1.80635083037058,0.0774082096106492,"PWY66-389: phytol degradation","ToxYes",0.465260444360561,-2.44147353537383
"ToxYes335",-0.846480130473855,0.35449301915318,-2.38786121231934,0.0211099699855647,"PWY-8086: (S)-lactate fermentation to propanoate acetate and hydrogen","ToxYes",0.465260444360561,-2.81194612718502
"ToxYes338",-0.728697639987785,0.389884290158156,-1.86901000728239,0.0679960807204642,"P221-PWY: octane oxidation","ToxYes",0.465260444360561,-2.42068116295354
"ToxYes340",-0.377302800596372,0.233904396662705,-1.61306416629889,0.113570936160491,"PWY-7356: thiamine diphosphate salvage IV (yeast)","ToxYes",0.465260444360561,-1.25337277358077
"ToxYes342",-0.991867420223064,0.400037836374577,-2.479434018572,0.016884244050066,"P23-PWY: reductive TCA cycle I","ToxYes",0.465260444360561,-3.29491224964245
"ToxYes346",-1.00609009975055,0.413864195789935,-2.43096675185985,0.0190145537793314,"PWY-5392: reductive TCA cycle II","ToxYes",0.465260444360561,-3.34215896834937
"ToxYes347",-0.594764043528835,0.342520497364784,-1.73643343421697,0.0891809866745037,"PWY-7873: D-erythronate degradation II","ToxYes",0.465260444360561,-1.97576338602725
"ToxYes352",-0.767644638602605,0.338708424735533,-2.26638779121597,0.028175953012184,"PWY490-3: nitrate reduction VI (assimilatory)","ToxYes",0.465260444360561,-2.55006029186365
"ToxYes354",-0.668300116560315,0.333034009328925,-2.00670231219617,0.0506799859957097,"PWY-7389: superpathway of anaerobic energy metabolism (invertebrates)","ToxYes",0.465260444360561,-2.22004493301821
"ToxYes355",-0.444864973447128,0.230670597379042,-1.92857251206628,0.0599684840418902,"PWY-6590: superpathway of Clostridium acetobutylicum acidogenic fermentation","ToxYes",0.465260444360561,-1.47780945372533
"ToxYes356",-0.742786757686314,0.386439061234124,-1.92213166886951,0.0607955213225642,"PWY-7254: TCA cycle VII (acetate-producers)","ToxYes",0.465260444360561,-2.46748419886846
"ToxYes358",-0.536722179706812,0.344930590550504,-1.556029515533,0.126555114817715,"PWY-7616: methanol oxidation to carbon dioxide","ToxYes",0.465260444360561,-1.78295248791724
"ToxYes359",-0.44178484307515,0.228581114759803,-1.93272678514752,0.0594401811572852,"CENTFERM-PWY: pyruvate fermentation to butanoate","ToxYes",0.465260444360561,-1.46757748210674
"ToxYes361",-0.606681346654225,0.309177669420072,-1.9622418002962,0.0558003580893205,"PWY-7384: anaerobic energy metabolism (invertebrates mitochondrial)","ToxYes",0.465260444360561,-2.01535181009477
"ToxYes366",-0.628348108626476,0.390119967925057,-1.61065354323822,0.114096914017276,"P163-PWY: L-lysine fermentation to acetate and butanoate","ToxYes",0.465260444360561,-2.08732723541563
"ToxYes368",-0.692999898963361,0.423094542471791,-1.63793154814699,0.108259431955225,"PWY66-391: fatty acid &beta;-oxidation VI (mammalian peroxisome)","ToxYes",0.465260444360561,-2.30209583412049
"ToxYes372",-0.667035098344263,0.419458616849936,-1.59022862220255,0.118633355761797,"PWY-6876: isopropanol biosynthesis (engineered)","ToxYes",0.465260444360561,-2.21584263346576
"ToxYes375",-0.801816059155174,0.466444778652811,-1.71899460740237,0.0923391493240115,"PWY-7210: pyrimidine deoxyribonucleotides biosynthesis from CTP","ToxYes",0.465260444360561,-2.66357529383944
"ToxYes377",-0.678785353443362,0.422438959017712,-1.60682469964827,0.114936405450003,"PWY-7388: octanoyl-[acyl-carrier protein] biosynthesis (mitochondria yeast)","ToxYes",0.465260444360561,-2.25487613600155
"ToxYes378",-0.644900128055672,0.403354573015247,-1.59884174173301,0.116702844637146,"PWY66-430: myristate biosynthesis (mitochondria)","ToxYes",0.465260444360561,-2.14231185378459
"ToxYes383",-0.787588079970328,0.412850819488451,-1.90768200713808,0.062686500735794,"PWY-5910: superpathway of geranylgeranyldiphosphate biosynthesis I (via mevalonate)","ToxYes",0.465260444360561,-2.61631097005183
"ToxYes384",-0.63771744521049,0.400762250302736,-1.59126126457459,0.118400547499364,"PWY-922: mevalonate pathway I (eukaryotes and bacteria)","ToxYes",0.465260444360561,-2.11845149784452
"ToxYes395",-0.64918317271952,0.381925012503987,-1.69976605738212,0.0959283940986179,"PWY66-367: ketogenesis","ToxYes",0.465260444360561,-2.15653982018509
"ToxYes410",-0.943051088926537,0.319746073558538,-2.9493750413604,0.00499194946726012,"PWY-7434: terminal O-glycans residues modification (via type 2 precursor disaccharide)","ToxYes",0.465260444360561,-3.13274790721918
"ToxYes417",-1.30996398006528,0.405701598161336,-3.22888543205674,0.00229505492853609,"PWY-5464: superpathway of cytosolic glycolysis (plants) pyruvate dehydrogenase and TCA cycle","ToxYes",0.465260444360561,-4.35160614866931
"ToxYes422",-0.663233100686552,0.361039976776104,-1.83700737688074,0.0726743572858443,"PWY-6396: superpathway of 23-butanediol biosynthesis","ToxYes",0.465260444360561,-2.20321267062992
"ToxYes426",-0.45557442525532,0.271167251110484,-1.68004957600762,0.0997277012622873,"PWY-5531: 38-divinyl-chlorophyllide a biosynthesis II (anaerobic)","ToxYes",0.465260444360561,-1.51338548256781
"ToxYes438",-0.487421025781498,0.28122050271978,-1.73323431637268,0.0897535219676645,"PWY-5415: catechol degradation I (meta-cleavage pathway)","ToxYes",0.465260444360561,-1.61917759958237
"ToxYes447",-0.489012266326262,0.302810670905935,-1.61491094373675,0.113169320478418,"PWY-8134: bile acid 7&beta;-dehydroxylation","ToxYes",0.465260444360561,-1.62446358625375
"ToxYes459",-0.397833466388852,0.217983385124467,-1.82506325498933,0.074488804735859,"PWY-7031: protein N-glycosylation (bacterial)","ToxYes",0.465260444360561,-1.32157416908355
"ToxYes463",-0.577343648010012,0.321560594723925,-1.79544277962818,0.0791540211918297,"PWY-5180: toluene degradation I (aerobic) (via o-cresol)","ToxYes",0.465260444360561,-1.91789408472922
"ToxYes465",-0.750688369328191,0.343401527248541,-2.18603678132413,0.0339395216768659,"PWY-6435: 4-hydroxybenzoate biosynthesis III (plants)","ToxYes",0.465260444360561,-2.4937327845765
"ToxYes468",-0.338370999380122,0.185376410754187,-1.82531853974026,0.0744496279149224,"PWY-5055: nicotinate degradation III","ToxYes",0.465260444360561,-1.12404412933594
"ToxYes469",-0.267052606811784,0.164539178313527,-1.62303355072626,0.111416610506189,"CHLOROPHYLL-SYN: 38-divinyl-chlorophyllide a biosynthesis I (aerobic light-dependent)","ToxYes",0.465260444360561,-0.887129557380974
"ToxYes155",-0.55801814758618,0.360719748934478,-1.54695757366903,0.12872642315658,"PWY-7392: taxadiene biosynthesis (engineered)","ToxYes",0.467738758950626,-1.85369616192353
"ToxYes462",-0.294947937188902,0.191721428888975,-1.53841925181824,0.130797228343717,"P241-PWY: coenzyme B biosynthesis","ToxYes",0.471662732512192,-0.979795839076885
"ToxYes460",-0.456015762210766,0.298246482159158,-1.52898957570073,0.133115134920478,"PWY-6174: mevalonate pathway II (haloarchaea)","ToxYes",0.472856747926475,-1.51485157219942
"ToxYes461",-0.456015762210766,0.298246482159158,-1.52898957570073,0.133115134920478,"PWY-8125: mevalonate pathway IV (archaea)","ToxYes",0.472856747926475,-1.51485157219942
"ToxYes178",-0.390901423504948,0.257258276916698,-1.51949017225022,0.135483268654958,"PWY-5981: CDP-diacylglycerol biosynthesis III","ToxYes",0.477703969479704,-1.29854642107255
"ToxYes475",0.285641883707852,0.188777444795592,1.51311447200244,0.137091450195984,"PWY-7279: aerobic respiration II (cytochrome c) (yeast)","ToxYes",0.479820075685945,0.948881798565661
"ToxYes288",-0.363239901553749,0.240881276523404,-1.50796237381471,0.138402074376836,"PWY-5676: acetyl-CoA fermentation to butanoate II","ToxYes",0.480871440900539,-1.20665683415552
"ToxYes69",-0.370791166398622,0.248218532746046,-1.49380935539564,0.142053759806541,"PWY-6897: thiamine diphosphate salvage II","ToxYes",0.482982783342241,-1.23174159299564
"ToxYes208",-0.396831954541218,0.265200284049673,-1.49634815046763,0.141393145422101,"PWY0-1261: anhydromuropeptides recycling I","ToxYes",0.482982783342241,-1.31824721873954
"ToxYes344",-0.445289939134622,0.296566375746458,-1.501484913837,0.140063978600414,"PWY-6607: guanosine nucleotides degradation I","ToxYes",0.482982783342241,-1.47922115918198
"ToxYes239",-0.419109289257326,0.284144057772099,-1.4749887523373,0.147027652375804,"PYRIDNUCSAL-PWY: NAD salvage pathway I (PNC VI cycle)","ToxYes",0.486008073131131,-1.39225092281219
"ToxYes258",-0.573127490817747,0.388422011110094,-1.47552783937185,0.146883293480778,"PWY-6961: L-ascorbate degradation II (bacterial aerobic)","ToxYes",0.486008073131131,-1.90388831369977
"ToxYes271",-0.567518191939819,0.382584143896357,-1.48338137111495,0.144792916132961,"HEME-BIOSYNTHESIS-II: heme b biosynthesis I (aerobic)","ToxYes",0.486008073131131,-1.88525462616456
"ToxYes345",-0.438406423588174,0.296470381164149,-1.47875285843627,0.146022021927972,"PWY-6595: superpathway of guanosine nucleotides degradation (plants)","ToxYes",0.486008073131131,-1.45635461549665
"ToxYes227",-0.58253942147678,0.401779485958643,-1.44989836921824,0.153871230687338,"ORNDEG-PWY: superpathway of ornithine degradation","ToxYes",0.488346341153067,-1.93515407058315
"ToxYes232",-0.336834430644733,0.232327098872179,-1.44982841984375,0.153890653724706,"PWY-7456: &beta;-(14)-mannan degradation","ToxYes",0.488346341153067,-1.11893975848413
"ToxYes295",-0.674065490145438,0.463835496817696,-1.45324257149377,0.152944880384132,"P122-PWY: heterolactic fermentation","ToxYes",0.488346341153067,-2.23919708950815
"ToxYes391",-0.540473637162203,0.371043089280096,-1.4566330778747,0.152010182778754,"ALLANTOINDEG-PWY: superpathway of allantoin degradation in yeast","ToxYes",0.488346341153067,-1.79541455983508
"ToxYes436",-0.550591050792531,0.379543245316986,-1.45066749991214,0.153657790932575,"P621-PWY: nylon-6 oligomer degradation","ToxYes",0.488346341153067,-1.82902388042126
"ToxYes448",-0.437495949396863,0.301163915861308,-1.45268382550298,0.15309934846482,"PWY-7754: bile acid 7&alpha;-dehydroxylation","ToxYes",0.488346341153067,-1.45333008570086
"ToxYes218",-0.363627683307554,0.253780871344886,-1.43284118058444,0.15866479059864,"PWY-6969: TCA cycle V (2-oxoglutarate synthase)","ToxYes",0.50016185645664,-1.20794501725817
"ToxYes225",-0.492460960414477,0.345188651280221,-1.42664296345798,0.160435314534642,"PWY-6859: all-trans-farnesol biosynthesis","ToxYes",0.500244285274318,-1.63591990003606
"ToxYes433",-0.417143536707627,0.292650579558052,-1.4253979518427,0.160792805981031,"PWY-6518: bile acids epimerization","ToxYes",0.500244285274318,-1.38572083418974
"ToxYes120",-0.816576158252735,0.575200936896695,-1.4196363494439,0.162455287034414,"GLUCOSE1PMETAB-PWY: glucose and glucose-1-phosphate degradation","ToxYes",0.500724445969508,-2.71260728171495
"ToxYes141",-0.374065538589713,0.268536099237815,-1.39298045831239,0.170321539169949,"PWY-5136: fatty acid &beta;-oxidation II (plant peroxisome)","ToxYes",0.500724445969508,-1.24261882197034
"ToxYes160",-0.550821647333733,0.402489236212074,-1.36853758504861,0.177790890426009,"PWY-5022: 4-aminobutanoate degradation V","ToxYes",0.500724445969508,-1.82978990555007
"ToxYes173",-0.331635073335756,0.241175062777013,-1.37508028200404,0.175767276011108,"PWY-241: C4 photosynthetic carbon assimilation cycle NADP-ME type","ToxYes",0.500724445969508,-1.10166786736408
"ToxYes185",-0.408292282884734,0.299810120591419,-1.36183622513916,0.179882101388206,"PWY4LZ-257: superpathway of fermentation (Chlamydomonas reinhardtii)","ToxYes",0.500724445969508,-1.3563176054405
"ToxYes189",-0.349012006429883,0.248392952313887,-1.40508014892809,0.166715064715823,"FUCCAT-PWY: fucose degradation","ToxYes",0.500724445969508,-1.15939278961244
"ToxYes212",-0.256364862545277,0.185974222976183,-1.37849675316621,0.17471765794451,"PWY-6507: 4-deoxy-L-threo-hex-4-enopyranuronate degradation","ToxYes",0.500724445969508,-0.851625639431094
"ToxYes214",-0.626028971842961,0.447769973245014,-1.3981039579454,0.168787106550905,"GLYOXYLATE-BYPASS: glyoxylate cycle","ToxYes",0.500724445969508,-2.07962322977858
"ToxYes242",-0.397584994988601,0.287705967590335,-1.38191431452935,0.173672546433846,"PWY3O-4107: NAD salvage pathway V (PNC V cycle)","ToxYes",0.500724445969508,-1.32074876495828
"ToxYes256",-0.315250468245654,0.227580947576961,-1.38522346269363,0.172665191932035,"PWY-7115: C4 photosynthetic carbon assimilation cycle NAD-ME type","ToxYes",0.500724445969508,-1.04723938739163
"ToxYes298",-0.604243895650165,0.429337953009048,-1.40738523444125,0.166034774464931,"3-HYDROXYPHENYLACETATE-DEGRADATION-PWY: 4-hydroxyphenylacetate degradation","ToxYes",0.500724445969508,-2.00725477312447
"ToxYes374",-0.620258866107373,0.445271924320656,-1.39298894053042,0.170318989944663,"PWY-5994: palmitate biosynthesis (type I fatty acid synthase)","ToxYes",0.500724445969508,-2.06045535342506
"ToxYes381",-0.243819253610343,0.178610661400977,-1.36508790515575,0.178865043301561,"PWY-5028: L-histidine degradation II","ToxYes",0.500724445969508,-0.809950028642664
"ToxYes385",-0.517463836429161,0.366415474241357,-1.41223248690723,0.164611262421467,"PWY-7209: superpathway of pyrimidine ribonucleosides degradation","ToxYes",0.500724445969508,-1.71897765632223
"ToxYes404",-0.538826420969184,0.387170295794213,-1.39170392672784,0.170705521613452,"PWY-6328: L-lysine degradation X","ToxYes",0.500724445969508,-1.78994262608514
"ToxYes427",-0.339902238118979,0.244144583431326,-1.39221699429833,0.170551109764052,"PWY-7159: 38-divinyl-chlorophyllide a biosynthesis III (aerobic light independent)","ToxYes",0.500724445969508,-1.12913079432253
"ToxYes467",-0.454665628544568,0.333150822331056,-1.36474412808971,0.17897236036416,"PWY-6920: 6-gingerol analog biosynthesis (engineered)","ToxYes",0.500724445969508,-1.51036652524182
"ToxYes471",0.353189316563972,0.25850447777242,1.366279298554,0.178493507927944,"PWY-7268: cytosolic NADPH production (yeast)","ToxYes",0.500724445969508,1.17326951350792
"ToxYes154",-0.32857640170744,0.242428103067104,-1.35535607279198,0.181922188038738,"PWY-7117: C4 photosynthetic carbon assimilation cycle PEPCK type","ToxYes",0.503459078525809,-1.09150718014894
"ToxYes470",0.33259356201214,0.247906457134931,1.34160911279174,0.186308646099675,"PWY-7245: superpathway of NAD/NADP - NADH/NADPH interconversion (yeast)","ToxYes",0.512618008921649,1.10485189782679
"ToxYes201",-0.334418314201378,0.250072149715799,-1.337287317206,0.187704220950896,"P164-PWY: purine nucleobases degradation I (anaerobic)","ToxYes",0.513489707888657,-1.11091359339043
"ToxYes284",-0.569561420004797,0.427423947758574,-1.33254447485125,0.189244914653972,"PWY0-42: 2-methylcitrate cycle I","ToxYes",0.514746167858803,-1.89204208287788
"ToxYes102",-0.221128757100072,0.167539076362452,-1.31986377089536,0.193411458030816,"UDPNAGSYN-PWY: UDP-N-acetyl-D-glucosamine biosynthesis I","ToxYes",0.520726504743943,-0.734573830798254
"ToxYes348",0.489411908938177,0.371919631684191,1.31590770490371,0.194725457656348,"PWY-7409: phospholipid remodeling (phosphatidylethanolamine yeast)","ToxYes",0.520726504743943,1.62579117027418
"ToxYes370",-0.503230033278339,0.381786127876956,-1.31809407554096,0.19399842516656,"P125-PWY: superpathway of (RR)-butanediol biosynthesis","ToxYes",0.520726504743943,-1.67169398573842
"ToxYes197",-0.339074719013824,0.259838389614046,-1.30494466009227,0.198402146396381,"PWY0-1298: superpathway of pyrimidine deoxyribonucleosides degradation","ToxYes",0.527594534551271,-1.12638183535806
"ToxYes97",-0.257335738762929,0.201206075352035,-1.27896604668964,0.207323582823955,"SALVADEHYPOX-PWY: adenosine nucleotides degradation II","ToxYes",0.548255696801125,-0.854850820415169
"ToxYes144",-0.309901476626542,0.245522165659063,-1.26221384450021,0.213233944323985,"PWY-7237: myo- chiro- and scyllo-inositol degradation","ToxYes",0.554345693971,-1.02947042185279
"ToxYes371",-0.514529420843538,0.406896140392753,-1.26452273631029,0.212411956081424,"PWY-5004: superpathway of L-citrulline metabolism","ToxYes",0.554345693971,-1.70922973874627
"ToxYes380",-0.611818891568897,0.485851465087737,-1.25927147602285,0.214284890106437,"PWY-7196: superpathway of pyrimidine ribonucleosides salvage","ToxYes",0.554345693971,-2.03241836488556
"ToxYes405",-0.389022937460907,0.307708277651601,-1.26425892871616,0.212505754395051,"PWY-6318: L-phenylalanine degradation IV (mammalian via side chain)","ToxYes",0.554345693971,-1.292306225507
"ToxYes98",-0.207374650883159,0.165184827176785,-1.25540980020653,0.215670039019871,"PWY0-1296: purine ribonucleosides degradation","ToxYes",0.554913181478154,-0.688883678936225
"ToxYes112",-0.319487798020156,0.259486561095907,-1.23123061429787,0.224494566152655,"ARGININE-SYN4-PWY: L-ornithine biosynthesis II","ToxYes",0.568465092047584,-1.06131549221686
"ToxYes131",-0.36935893076042,0.29861621953965,-1.23690177087442,0.222401235493715,"PWY66-409: superpathway of purine nucleotide salvage","ToxYes",0.568465092047584,-1.22698380919059
"ToxYes139",-0.201564689735773,0.163719007755264,-1.23116241968118,0.224519826270895,"PWY-6527: stachyose degradation","ToxYes",0.568465092047584,-0.669583405770518
"ToxYes123",-0.203242155200594,0.1705251981774,-1.19185995602338,0.239428974177505,"PWY-5188: tetrapyrrole biosynthesis I (from glutamate)","ToxYes",0.572704480947199,-0.675155825426312
"ToxYes134",-0.220520422575318,0.180558147734021,-1.22132634468629,0.228185234147346,"PWY-2941: L-lysine biosynthesis II","ToxYes",0.572704480947199,-0.732552987249383
"ToxYes164",-0.649647337286861,0.538536633592598,-1.20631967588359,0.233861983633012,"PWY-5850: superpathway of menaquinol-6 biosynthesis","ToxYes",0.572704480947199,-2.15808174150199
"ToxYes165",-0.649647337286861,0.538536633592598,-1.20631967588359,0.233861983633012,"PWY-5896: superpathway of menaquinol-10 biosynthesis","ToxYes",0.572704480947199,-2.15808174150199
"ToxYes169",-0.242205382566196,0.202023727085393,-1.19889572408402,0.236708258629104,"PWY0-1297: superpathway of purine deoxyribonucleosides degradation","ToxYes",0.572704480947199,-0.804588865079587
"ToxYes219",-0.522776649712408,0.435769511936291,-1.19966320587577,0.236412846029243,"TCA: TCA cycle I (prokaryotic)","ToxYes",0.572704480947199,-1.73662644003074
"ToxYes240",-0.311080686055026,0.257290789211159,-1.20906266022497,0.232816711545529,"GLYCOCAT-PWY: glycogen degradation I","ToxYes",0.572704480947199,-1.03338767078303
"ToxYes269",-0.355300772729229,0.29739039975622,-1.19472845465247,0.238316994198694,"P42-PWY: incomplete reductive TCA cycle","ToxYes",0.572704480947199,-1.18028361906442
"ToxYes297",-0.366528039226734,0.300536346039038,-1.21957974154355,0.228840682567521,"PPGPPMET-PWY: ppGpp metabolism","ToxYes",0.572704480947199,-1.21757979107127
"ToxYes337",-0.502180086499847,0.413634132212607,-1.21406829705661,0.230918038967483,"PWY-6922: L-N&delta;-acetylornithine biosynthesis","ToxYes",0.572704480947199,-1.66820613803681
"ToxYes357",-0.324642495019342,0.271930279976246,-1.1938445951944,0.238659222253836,"LIPA-CORESYN-PWY: lipid A-core biosynthesis (E. coli K-12)","ToxYes",0.572704480947199,-1.07843902499908
"ToxYes193",-0.617931795500415,0.521310969279412,-1.18534201640637,0.241969706744307,"PWY-5860: superpathway of demethylmenaquinol-6 biosynthesis I","ToxYes",0.575887902051451,-2.05272499219702
"ToxYes396",-0.518333176781717,0.440692184876048,-1.1761796432299,0.245574300628971,"PWY-5265: peptidoglycan biosynthesis II (staphylococci)","ToxYes",0.581559040295472,-1.7218655424634
"ToxYes121",-0.316426036670386,0.270688131355574,-1.16896900904285,0.248438287841193,"P461-PWY: hexitol fermentation to lactate formate ethanol and acetate","ToxYes",0.582942567941506,-1.05114454116921
"ToxYes209",-0.193334223462975,0.166319341050022,-1.16242778646428,0.25105719837817,"PWY-7761: NAD salvage pathway II (PNC IV cycle)","ToxYes",0.582942567941506,-0.642242388624887
"ToxYes283",-0.273724421022,0.235362610618886,-1.1629902485456,0.25083122629691,"PWY-6588: pyruvate fermentation to acetone","ToxYes",0.582942567941506,-0.909292844449759
"ToxYes474",0.275471898411071,0.23678963484302,1.163361304196,0.250682233045487,"PWY-3781: aerobic respiration I (cytochrome c)","ToxYes",0.582942567941506,0.915097838683694
"ToxYes4",-0.181978662723115,0.1585805069363,-1.1475474901604,0.257088798004214,"PWY-7238: sucrose biosynthesis II","ToxYes",0.58472250121189,-0.604520032369947
"ToxYes127",-0.298259996036481,0.25845781214839,-1.15399876504889,0.254461189110712,"CITRULBIO-PWY: L-citrulline biosynthesis","ToxYes",0.58472250121189,-0.990798260414579
"ToxYes259",-0.531202654924251,0.459456954590009,-1.1561532579222,0.253587975518304,"PWY-7204: pyridoxal 5'-phosphate salvage II (plants)","ToxYes",0.58472250121189,-1.76461702347163
"ToxYes336",-0.431006627884135,0.375434168050168,-1.1480218492701,0.256894931112724,"PWY0-41: allantoin degradation IV (anaerobic)","ToxYes",0.58472250121189,-1.43177302625097
"ToxYes457",0.224154019945722,0.195698517891126,1.14540479080392,0.257965809358187,"PWY-7784: reductive acetyl coenzyme A pathway II (autotrophic methanogens)","ToxYes",0.58472250121189,0.744623536439637
"ToxYes47",-0.18201377753876,0.159988648837276,-1.13766682112482,0.261150812472744,"GLYCOGENSYNTH-PWY: glycogen biosynthesis I (from ADP-D-Glucose)","ToxYes",0.589136430033299,-0.604636681262584
"ToxYes325",-0.350669148581636,0.30987303768321,-1.13165427751779,0.263644935848619,"LPSSYN-PWY: superpathway of lipopolysaccharide biosynthesis","ToxYes",0.589178354290811,-1.16489769668357
"ToxYes414",-0.450533308426545,0.397282490643142,-1.13403766598724,0.262654235266602,"PWY-6478: GDP-D-glycero-&alpha;-D-manno-heptose biosynthesis","ToxYes",0.589178354290811,-1.49663925494469
"ToxYes161",-0.624319306004222,0.554507941697781,-1.12589786197235,0.266048672271837,"PWY-6285: superpathway of fatty acids biosynthesis (E. coli)","ToxYes",0.591771813090629,-2.07394384279601
"ToxYes328",-0.480280870348832,0.429634220083124,-1.11788318504031,0.269421289618972,"PWY-7269: mitochondrial NADPH production (yeast)","ToxYes",0.59648620399363,-1.59545851664874
"ToxYes75",-0.179407565033464,0.161995309615322,-1.10748617018289,0.273841402938432,"OANTIGEN-PWY: O-antigen building blocks biosynthesis (E. coli)","ToxYes",0.599735042745249,-0.595979030719995
"ToxYes126",-0.190306648453776,0.171500175927596,-1.10965861944141,0.272913617476534,"PWY-6936: seleno-amino acid biosynthesis (plants)","ToxYes",0.599735042745249,-0.632185002142452
"ToxYes373",-0.387477493110559,0.350482742841011,-1.10555369993304,0.274668569996774,"RUMP-PWY: formaldehyde oxidation I","ToxYes",0.599735042745249,-1.28717237050049
"ToxYes403",0.279643642231271,0.253641252933244,1.10251640455691,0.275972200918916,"PWY-7783: plasmalogen degradation","ToxYes",0.599829989211892,0.92895607168469
"ToxYes273",-0.501156249823284,0.457107657278237,-1.0963637161699,0.278626325606835,"PWY0-1415: superpathway of heme b biosynthesis from uroporphyrinogen-III","ToxYes",0.601629479627963,-1.66480502621636
"ToxYes282",-0.272612390077888,0.249019287479763,-1.09474407720342,0.279327972684412,"PWY-1861: formaldehyde assimilation II (assimilatory RuMP Cycle)","ToxYes",0.601629479627963,-0.905598757614128
"ToxYes172",-0.184241889381024,0.170597542426269,-1.07997973921958,0.285781285891972,"GLCMANNANAUT-PWY: superpathway of N-acetylglucosamine N-acetylmannosamine and N-acetylneuraminate degradation","ToxYes",0.612756270651255,-0.612038308589952
"ToxYes2",-0.165053683736126,0.182953522236812,-0.902161826228651,0.371670695376957,"PWY0-1586: peptidoglycan maturation (meso-diaminopimelate containing)","ToxYes",0.612982812105144,-0.54829646916769
"ToxYes3",-0.143131839869977,0.159853822851942,-0.895392035776001,0.375239195426707,"VALSYN-PWY: L-valine biosynthesis","ToxYes",0.612982812105144,-0.475473680136995
"ToxYes5",-0.146260207516264,0.162749078683966,-0.898685317907567,0.3735005133958,"PWY66-429: fatty acid biosynthesis initiation (mitochondria)","ToxYes",0.612982812105144,-0.485865892512333
"ToxYes6",-0.143671028980308,0.16120178652429,-0.891249607575904,0.377433504146797,"ILEUSYN-PWY: L-isoleucine biosynthesis I (from threonine)","ToxYes",0.612982812105144,-0.477264827591063
"ToxYes8",-0.15114722948918,0.163159622285433,-0.926376436596318,0.359085374192844,"PWY-6385: peptidoglycan biosynthesis III (mycobacteria)","ToxYes",0.612982812105144,-0.502100228104496
"ToxYes12",-0.149762460570601,0.161148709955191,-0.929343217282001,0.357562656016095,"PWY-6387: UDP-N-acetylmuramoyl-pentapeptide biosynthesis I (meso-diaminopimelate containing)","ToxYes",0.612982812105144,-0.497500125328941
"ToxYes13",-0.141843206629822,0.161616920856283,-0.877650717996014,0.384694319655417,"BRANCHED-CHAIN-AA-SYN-PWY: superpathway of branched chain amino acid biosynthesis","ToxYes",0.612982812105144,-0.471192933172518
"ToxYes14",-0.151903182901784,0.163585680679531,-0.928584838665471,0.357951498449965,"PWY-7953: UDP-N-acetylmuramoyl-pentapeptide biosynthesis III (meso-diaminopimelate containing)","ToxYes",0.612982812105144,-0.50461145098425
"ToxYes15",-0.145405381588979,0.161062689619408,-0.902787491830495,0.371341994597201,"PWY-5686: UMP biosynthesis I","ToxYes",0.612982812105144,-0.483026222248248
"ToxYes16",-0.145405381588979,0.161062689619408,-0.902787491830495,0.371341994597201,"PWY-7790: UMP biosynthesis II","ToxYes",0.612982812105144,-0.483026222248248
"ToxYes17",-0.145405381588979,0.161062689619408,-0.902787491830495,0.371341994597201,"PWY-7791: UMP biosynthesis III","ToxYes",0.612982812105144,-0.483026222248248
"ToxYes18",-0.147283620760263,0.161623576055799,-0.911275597004572,0.366901088859194,"PEPTIDOGLYCANSYN-PWY: peptidoglycan biosynthesis I (meso-diaminopimelate containing)","ToxYes",0.612982812105144,-0.489265597720252
"ToxYes19",-0.149974840735631,0.160829755699433,-0.932506799400425,0.355943560744854,"PWY-6386: UDP-N-acetylmuramoyl-pentapeptide biosynthesis II (lysine-containing)","ToxYes",0.612982812105144,-0.49820563696595
"ToxYes20",-0.14153128000457,0.160845679573586,-0.879919686868685,0.383476759521161,"PWY-6121: 5-aminoimidazole ribonucleotide biosynthesis I","ToxYes",0.612982812105144,-0.470156735352552
"ToxYes22",-0.142709153347039,0.162065210709551,-0.880566240726386,0.383130256447463,"PWY-5103: L-isoleucine biosynthesis III","ToxYes",0.612982812105144,-0.474069545901117
"ToxYes23",-0.177412411409547,0.166182629175926,-1.06757494624624,0.291283155791551,"PWY-7111: pyruvate fermentation to isobutanol (engineered)","ToxYes",0.612982812105144,-0.589351273843091
"ToxYes27",-0.15952131871959,0.159221137630688,-1.00188530928348,0.321640349258181,"PWY-5941: glycogen degradation II","ToxYes",0.612982812105144,-0.529918350388088
"ToxYes28",-0.141206124560239,0.16116293465754,-0.876169975809218,0.38549022170957,"TRNA-CHARGING-PWY: tRNA charging","ToxYes",0.612982812105144,-0.469076592346823
"ToxYes29",-0.146020914238912,0.161640491361504,-0.903368413501918,0.371036967399089,"NONMEVIPP-PWY: methylerythritol phosphate pathway I","ToxYes",0.612982812105144,-0.485070977451381
"ToxYes30",-0.141115511797083,0.161789949913924,-0.872214324018022,0.387621484125312,"ANAGLYCOLYSIS-PWY: glycolysis III (from glucose)","ToxYes",0.612982812105144,-0.468775583263139
"ToxYes34",-0.152604859207332,0.159657350585187,-0.955827330517476,0.344155961130226,"PWY-6163: chorismate biosynthesis from 3-dehydroquinate","ToxYes",0.612982812105144,-0.506942369217168
"ToxYes36",-0.144825461691506,0.163964274758186,-0.883274493209542,0.381680995515849,"PWY-3841: folate transformations II (plants)","ToxYes",0.612982812105144,-0.481099770048048
"ToxYes38",-0.155701119707149,0.160365243426764,-0.970915619744344,0.336668106620591,"ARO-PWY: chorismate biosynthesis I","ToxYes",0.612982812105144,-0.5172279239606
"ToxYes42",-0.153779911407832,0.162124061867053,-0.948532313074767,0.347815338941902,"PWY-5667: CDP-diacylglycerol biosynthesis I","ToxYes",0.612982812105144,-0.510845808134967
"ToxYes43",-0.153684670308864,0.162112374167183,-0.948013198242177,0.348076711568245,"PWY0-1319: CDP-diacylglycerol biosynthesis II","ToxYes",0.612982812105144,-0.510529424052516
"ToxYes44",-0.154194609769112,0.160439147437712,-0.961078466394716,0.341537616985552,"COMPLETE-ARO-PWY: superpathway of aromatic amino acid biosynthesis","ToxYes",0.612982812105144,-0.512223406272205
"ToxYes46",-0.153720508476714,0.161302171544395,-0.952997141978372,0.345572636311993,"PWY-5097: L-lysine biosynthesis VI","ToxYes",0.612982812105144,-0.510648475869166
"ToxYes54",-0.144893958507484,0.161221433805406,-0.89872639814363,0.373478857737247,"PWY-724: superpathway of L-lysine L-threonine and L-methionine biosynthesis II","ToxYes",0.612982812105144,-0.481327311545455
"ToxYes55",-0.152445429954379,0.160396598550998,-0.950428072238136,0.346861925672263,"COA-PWY-1: superpathway of coenzyme A biosynthesis III (mammals)","ToxYes",0.612982812105144,-0.506412756702635
"ToxYes61",-0.149808835808754,0.160282442177301,-0.93465531079841,0.354846697205102,"PWY-7851: coenzyme A biosynthesis II (eukaryotic)","ToxYes",0.612982812105144,-0.497654180535466
"ToxYes66",-0.188946472478609,0.191086815970585,-0.988799104317561,0.32793427330083,"PWY-6147: 6-hydroxymethyl-dihydropterin diphosphate biosynthesis I","ToxYes",0.612982812105144,-0.627666595356553
"ToxYes67",-0.136227342853973,0.155288189191931,-0.877255015741092,0.384906908765316,"PWY-6151: S-adenosyl-L-methionine salvage I","ToxYes",0.612982812105144,-0.452537437518466
"ToxYes73",-0.154891894663425,0.159109099445453,-0.973494886233877,0.335399006621338,"RIBOSYN2-PWY: flavin biosynthesis I (bacteria and plants)","ToxYes",0.612982812105144,-0.514539736552767
"ToxYes74",-0.168387702872882,0.159858700375731,-1.05335338318843,0.297680798034427,"ARGSYN-PWY: L-arginine biosynthesis I (via L-ornithine)","ToxYes",0.612982812105144,-0.559371841006973
"ToxYes76",-0.179056291512617,0.175732486044528,-1.01891400698245,0.313572976668173,"PWY-7400: L-arginine biosynthesis IV (archaebacteria)","ToxYes",0.612982812105144,-0.594812125342105
"ToxYes82",-0.17189651961816,0.160430754992034,-1.0714686197587,0.289548336745949,"ARGSYNBSUB-PWY: L-arginine biosynthesis II (acetyl cycle)","ToxYes",0.612982812105144,-0.571027877932922
"ToxYes86",-0.188816864766011,0.193158198056613,-0.977524467849252,0.333422672030369,"PWY-6608: guanosine nucleotides degradation III","ToxYes",0.612982812105144,-0.627236047854759
"ToxYes91",-0.341918537364735,0.340530630488426,-1.00407571816467,0.320594863159097,"PWY-6519: 8-amino-7-oxononanoate biosynthesis I","ToxYes",0.612982812105144,-1.13582879543471
"ToxYes93",-0.162988797270484,0.162688298890707,-1.00184708047122,0.321658616330037,"PWY-6317: D-galactose degradation I (Leloir pathway)","ToxYes",0.612982812105144,-0.541437064804722
"ToxYes99",-0.173013077765727,0.180384041092845,-0.959137386642069,0.342503948615435,"PWY-6731: starch degradation III","ToxYes",0.612982812105144,-0.574737003812899
"ToxYes101",-0.159012282752853,0.157257548537306,-1.01115834649508,0.317230028370166,"GLUTORN-PWY: L-ornithine biosynthesis I","ToxYes",0.612982812105144,-0.528227369508874
"ToxYes114",-0.161976366459686,0.181358561615151,-0.893127763129294,0.376437605383942,"PWY0-162: superpathway of pyrimidine ribonucleotides de novo biosynthesis","ToxYes",0.612982812105144,-0.538073842450203
"ToxYes115",-0.155045543748818,0.165728508116747,-0.935539368034353,0.354396006724132,"HSERMETANA-PWY: L-methionine biosynthesis III","ToxYes",0.612982812105144,-0.515050147766285
"ToxYes117",-0.210962002122942,0.213907510135468,-0.986229992529667,0.329179539710754,"PWY0-845: superpathway of pyridoxal 5'-phosphate biosynthesis and salvage","ToxYes",0.612982812105144,-0.70080060180589
"ToxYes119",-0.202146285618833,0.219341041491598,-0.921607211510284,0.361542017108981,"PYRIDOXSYN-PWY: pyridoxal 5'-phosphate biosynthesis I","ToxYes",0.612982812105144,-0.671515425474325
"ToxYes128",-0.161444507230988,0.173500592264535,-0.930512715396582,0.356963559393389,"COBALSYN-PWY: superpathway of adenosylcobalamin salvage from cobinamide I","ToxYes",0.612982812105144,-0.536307044335865
"ToxYes135",-0.146118930862901,0.160646396336893,-0.909568681244945,0.367791375736994,"P41-PWY: pyruvate fermentation to acetate and (S)-lactate I","ToxYes",0.612982812105144,-0.485396581628375
"ToxYes136",-0.140842546920345,0.159979239569198,-0.880380149947045,0.383229966464687,"PWY-5100: pyruvate fermentation to acetate and lactate II","ToxYes",0.612982812105144,-0.467868813570186
"ToxYes138",-0.438562636607041,0.502749579062709,-0.872328202491319,0.38756002409919,"PWY-6803: phosphatidylcholine acyl editing","ToxYes",0.612982812105144,-1.45687354391281
"ToxYes143",-0.257474412719549,0.254879292390498,-1.01018176213811,0.317692560060507,"PWY-4984: urea cycle","ToxYes",0.612982812105144,-0.855311485327693
"ToxYes146",-0.26385904695852,0.255219141636281,-1.03385288919493,0.306609837305307,"PWY-5030: L-histidine degradation III","ToxYes",0.612982812105144,-0.876520781181713
"ToxYes171",-0.175087881414862,0.162878642173322,-1.07495911728284,0.287999272344525,"PWY-621: sucrose degradation III (sucrose invertase)","ToxYes",0.612982812105144,-0.581629352346338
"ToxYes176",-0.168003933293239,0.162086750669834,-1.03650626963001,0.305384223450256,"PWY-5384: sucrose degradation IV (sucrose phosphorylase)","ToxYes",0.612982812105144,-0.558096986058394
"ToxYes179",-0.178235408395593,0.194571983835496,-0.916038398140017,0.364424269241899,"PWY-6305: superpathway of putrescine biosynthesis","ToxYes",0.612982812105144,-0.592085210653045
"ToxYes181",-0.52500770194354,0.505678783268042,-1.03822370903241,0.304592718639509,"PWY-5723: Rubisco shunt","ToxYes",0.612982812105144,-1.7440378351185
"ToxYes207",-0.164997913460847,0.166180552402632,-0.992883409492349,0.325961088911076,"PWY-6823: molybdopterin biosynthesis","ToxYes",0.612982812105144,-0.548111204323381
"ToxYes210",-0.472460287334286,0.496916174290378,-0.950784683169114,0.346682771446804,"PWY-561: superpathway of glyoxylate cycle and fatty acid degradation","ToxYes",0.612982812105144,-1.56947910221432
"ToxYes220",-0.46953285975062,0.492065203709445,-0.954208621562824,0.344965750481505,"TCA-GLYOX-BYPASS: superpathway of glyoxylate bypass and TCA","ToxYes",0.612982812105144,-1.55975439827839
"ToxYes230",-0.370792351208738,0.376996731109623,-0.983542616184963,0.330485512410973,"PWY-6531: mannitol cycle","ToxYes",0.612982812105144,-1.23174552884965
"ToxYes245",-0.446438340170222,0.462466356355276,-0.965342308765177,0.339421273527568,"PWY-5104: L-isoleucine biosynthesis IV","ToxYes",0.612982812105144,-1.48303606484634
"ToxYes253",-0.500403789746446,0.474893967674059,-1.05371687957489,0.297516078559141,"PWY-5656: mannosylglycerate biosynthesis I","ToxYes",0.612982812105144,-1.66230540794683
"ToxYes260",-0.168069179795887,0.169229595672376,-0.99314294954214,0.32583597145567,"METH-ACETATE-PWY: methanogenesis from acetate","ToxYes",0.612982812105144,-0.558313730248634
"ToxYes263",-0.23255163090407,0.25873494232058,-0.898802569217464,0.373438705886683,"PWY-7013: (S)-propane-12-diol degradation","ToxYes",0.612982812105144,-0.772519796212106
"ToxYes264",-0.446108054515345,0.469216219284066,-0.95075156437691,0.34669940710454,"PWY-5920: superpathway of heme b biosynthesis from glycine","ToxYes",0.612982812105144,-1.48193887965007
"ToxYes276",-0.501877116271605,0.476511585288657,-1.05323171936645,0.29773594441675,"PWY-7942: 5-oxo-L-proline metabolism","ToxYes",0.612982812105144,-1.6671996927237
"ToxYes287",-0.486625746776133,0.46924891004083,-1.03703117122593,0.305142166170716,"AST-PWY: L-arginine degradation II (AST pathway)","ToxYes",0.612982812105144,-1.61653573991118
"ToxYes296",-0.423051886249826,0.425752436176486,-0.993656994776326,0.32558825892964,"PWY-6293: superpathway of L-cysteine biosynthesis (fungi)","ToxYes",0.612982812105144,-1.40534794652839
"ToxYes300",-0.253101938421582,0.248551028938962,-1.0183097591752,0.313856866226019,"P185-PWY: formaldehyde assimilation III (dihydroxyacetone cycle)","ToxYes",0.612982812105144,-0.840786440113105
"ToxYes308",-0.408736131604934,0.405511082556561,-1.00795304786256,0.318749836911983,"PWY-801: homocysteine and cysteine interconversion","ToxYes",0.612982812105144,-1.35779203897401
"ToxYes321",-0.387056894379239,0.399092402014409,-0.969842804387101,0.337196911937139,"PWY-5747: 2-methylcitrate cycle II","ToxYes",0.612982812105144,-1.28577517175824
"ToxYes322",0.469644036330074,0.473780823506696,0.99126856349735,0.326740288549997,"PWY-6807: xyloglucan degradation II (exoglucanase)","ToxYes",0.612982812105144,1.56012371888117
"ToxYes343",-0.376379407753467,0.425594825864179,-0.884360863620043,0.381100626154456,"PWY-6992: 15-anhydrofructose degradation","ToxYes",0.612982812105144,-1.25030532895331
"ToxYes424",0.304571535375568,0.314334727588539,0.968940141333189,0.337642273851881,"UBISYN-PWY: superpathway of ubiquinol-8 biosynthesis (early decarboxylation)","ToxYes",0.612982812105144,1.01176474026708
"ToxYes425",0.299678159831695,0.309417995512478,0.968522077506672,0.337848673180278,"PWY-6708: ubiquinol-8 biosynthesis (early decarboxylation)","ToxYes",0.612982812105144,0.995509298569054
"ToxYes430",0.234897330768481,0.229318734446216,1.02432682325644,0.311037696576067,"AEROBACTINSYN-PWY: aerobactin biosynthesis","ToxYes",0.612982812105144,0.780312042493866
"ToxYes445",-0.205625148311831,0.219849537522316,-0.935299435373883,0.354518286943436,"PWY-7039: phosphatidate metabolism as a signaling molecule","ToxYes",0.612982812105144,-0.683071957192453
"ToxYes446",-0.308485281009324,0.322394356844748,-0.956856950067143,0.343641527362172,"PWY-7391: isoprene biosynthesis II (engineered)","ToxYes",0.612982812105144,-1.0247659218441
"ToxYes450",-0.231565704537159,0.235603510218106,-0.982861861110601,0.330816885083361,"PWY-5724: superpathway of atrazine degradation","ToxYes",0.612982812105144,-0.769244619714373
"ToxYes473",-0.246448733247526,0.246968327266184,-0.997896110710188,0.323550301302655,"PWY-2221: Entner-Doudoroff pathway III (semi-phosphorylative)","ToxYes",0.612982812105144,-0.818684970924358
"ToxYes7",-0.134925029046186,0.161259765173467,-0.836693696664184,0.40709047167161,"PWY-1042: glycolysis IV","ToxYes",0.613328790755347,-0.448211244692019
"ToxYes9",-0.136290823390202,0.160156982915061,-0.850982710272979,0.399187185706156,"PWY-6122: 5-aminoimidazole ribonucleotide biosynthesis II","ToxYes",0.613328790755347,-0.452748315295242
"ToxYes10",-0.136290823390202,0.160156982915061,-0.850982710272979,0.399187185706156,"PWY-6277: superpathway of 5-aminoimidazole ribonucleotide biosynthesis","ToxYes",0.613328790755347,-0.452748315295242
"ToxYes11",-0.136314570995533,0.159804970433862,-0.85300582719953,0.398075950853883,"PWY-7221: guanosine ribonucleotides de novo biosynthesis","ToxYes",0.613328790755347,-0.452827203132578
"ToxYes35",-0.144526914070772,0.167324997682968,-0.863749685176198,0.392207003741197,"1CMET2-PWY: folate transformations III (E. coli)","ToxYes",0.613328790755347,-0.480108016319068
"ToxYes51",-0.137269386000954,0.16121475911414,-0.851469100938626,0.398919850615337,"PWY-6609: adenine and adenosine salvage III","ToxYes",0.613328790755347,-0.455999029924506
"ToxYes52",-0.134536722237425,0.1617158043427,-0.831933049365548,0.409744864412186,"PWY-3001: superpathway of L-isoleucine biosynthesis I","ToxYes",0.613328790755347,-0.44692131739456
"ToxYes58",-0.135249625507707,0.161104832279473,-0.83951315174138,0.405523434983719,"COA-PWY: coenzyme A biosynthesis I (prokaryotic)","ToxYes",0.613328790755347,-0.449289530797046
"ToxYes78",-0.128694900920627,0.15442290374486,-0.833392571954604,0.408929950989672,"GLYCOLYSIS: glycolysis I (from glucose 6-phosphate)","ToxYes",0.613328790755347,-0.427515207036978
"ToxYes80",-0.132066536555455,0.158103585315272,-0.835316519180149,0.407857253149709,"PWY-5484: glycolysis II (from fructose 6-phosphate)","ToxYes",0.613328790755347,-0.438715538178034
"ToxYes94",-0.135527759896738,0.156534805434302,-0.86579952312024,0.391093444892782,"ANAEROFRUCAT-PWY: homolactic fermentation","ToxYes",0.613328790755347,-0.450213473238123
"ToxYes198",-0.414530659231117,0.480789050990703,-0.862188226576593,0.393056585611949,"PWY0-166: superpathway of pyrimidine deoxyribonucleotides de novo biosynthesis (E. coli)","ToxYes",0.613328790755347,-1.37704104309203
"ToxYes272",-0.383763149943451,0.456683252840397,-0.840326741908291,0.405071939288256,"HEME-BIOSYNTHESIS-II-1: heme b biosynthesis V (aerobic)","ToxYes",0.613328790755347,-1.27483358957962
"ToxYes330",-0.338759081832489,0.402341164398296,-0.841969730686408,0.404161121887184,"PWY-6471: peptidoglycan biosynthesis IV (Enterococcus faecium)","ToxYes",0.613328790755347,-1.12533331133759
"ToxYes363",-0.272640494852868,0.323691173197496,-0.842285849687101,0.403986021521251,"PWY-5692: allantoin degradation to glyoxylate II","ToxYes",0.613328790755347,-0.905692119655735
"ToxYes364",-0.272640494852868,0.323691173197496,-0.842285849687101,0.403986021521251,"URDEGR-PWY: superpathway of allantoin degradation in plants","ToxYes",0.613328790755347,-0.905692119655735
"ToxYes441",-0.224349158170826,0.266564984980792,-0.841630262080339,0.404349207977272,"PWY1G-0: mycothiol biosynthesis","ToxYes",0.613328790755347,-0.745271771591995
"ToxYes25",-0.135461280553114,0.165734198991203,-0.817340545147859,0.41794719272068,"CALVIN-PWY: Calvin-Benson-Bassham cycle","ToxYes",0.614456311602894,-0.449992633638808
"ToxYes31",-0.136151387750211,0.165236051265655,-0.82398112704422,0.414202254400799,"PWY-2942: L-lysine biosynthesis III","ToxYes",0.614456311602894,-0.45228512012533
"ToxYes33",-0.143008475260682,0.173093280668895,-0.826193106445525,0.412959380522719,"PANTO-PWY: phosphopantothenate biosynthesis I","ToxYes",0.614456311602894,-0.475063871775462
"ToxYes40",-0.138541762539516,0.169096523597479,-0.819305799977912,0.416836751819197,"PWY-8178: pentose phosphate pathway (non-oxidative branch) II","ToxYes",0.614456311602894,-0.460225773295233
"ToxYes53",-0.131982672127067,0.161581709762448,-0.816816905336024,0.418243371763314,"PWY-6700: queuosine biosynthesis I (de novo)","ToxYes",0.614456311602894,-0.438436946577209
"ToxYes266",-0.210685861588114,0.256288165119428,-0.822066292019129,0.415280011484066,"PWY1ZNC-1: assimilatory sulfate reduction IV","ToxYes",0.614456311602894,-0.699883282805107
"ToxYes26",-0.136699875537016,0.16788614548246,-0.814241551285706,0.419701889866536,"PWY-5695: inosine 5'-phosphate degradation","ToxYes",0.61470184485068,-0.454107157114018
"ToxYes24",-0.137737976680225,0.170368876933168,-0.808469123936625,0.422982226556602,"PWY-7977: L-methionine biosynthesis IV","ToxYes",0.61760595043234,-0.457555654466979
"ToxYes152",-0.134499888876832,0.167680551131587,-0.802119792481377,0.426608256477037,"PWY-7328: superpathway of UDP-glucose-derived O-antigen building blocks biosynthesis","ToxYes",0.620995504841191,-0.446798959619176
"ToxYes77",-0.128533309865205,0.162433867421101,-0.791296248164734,0.432832439078052,"PWY-7199: pyrimidine deoxyribonucleosides salvage","ToxYes",0.626225656538458,-0.426978413170088
"ToxYes394",-0.345784012136251,0.435873569727978,-0.79331263960797,0.431668795904864,"PWY-5677: succinate fermentation to butanoate","ToxYes",0.626225656538458,-1.14866962467828
"ToxYes50",-0.126395242774236,0.16239808535732,-0.778305005851098,0.440374416622897,"HISTSYN-PWY: L-histidine biosynthesis","ToxYes",0.628338309329597,-0.419875908031844
"ToxYes56",-0.131875824759255,0.168181792763152,-0.784126644106915,0.436985118401865,"PANTOSYN-PWY: superpathway of coenzyme A biosynthesis I (bacteria)","ToxYes",0.628338309329597,-0.438082007304213
"ToxYes92",-0.131341552117489,0.168048527524096,-0.781569193450125,0.438472125630015,"PWY-6901: superpathway of glucose and xylose degradation","ToxYes",0.628338309329597,-0.436307192005198
"ToxYes137",-0.126170216572641,0.162294158802413,-0.777416867641237,0.440892847302701,"COLANSYN-PWY: colanic acid building blocks biosynthesis","ToxYes",0.628338309329597,-0.419128387170681
"ToxYes278",-0.189647085992984,0.241208035711074,-0.786238673325745,0.435759361866935,"PWY-8131: 5'-deoxyadenosine degradation II","ToxYes",0.628338309329597,-0.629993983073613
"ToxYes41",-0.125881807593863,0.162808973898314,-0.773187156578269,0.443366798408407,"THRESYN-PWY: superpathway of L-threonine biosynthesis","ToxYes",0.629811542433364,-0.418170313281259
"ToxYes45",-0.127754431751245,0.166287661868843,-0.768273666942345,0.446250952286326,"PWY-6123: inosine-5'-phosphate biosynthesis I","ToxYes",0.629811542433364,-0.424391036080831
"ToxYes310",-0.328270308837678,0.428199996183298,-0.766628472124407,0.447219120467388,"GLYCOL-GLYOXDEG-PWY: superpathway of glycol metabolism and degradation","ToxYes",0.629811542433364,-1.09049036164524
"ToxYes313",-0.13558498855572,0.176479589386788,-0.768275748072828,0.446249728358759,"PWY-6292: superpathway of L-cysteine biosynthesis (mammalian)","ToxYes",0.629811542433364,-0.450403582728227
"ToxYes49",-0.126256311948344,0.167045732676986,-0.755818840296172,0.45361100888727,"PWY-6124: inosine-5'-phosphate biosynthesis II","ToxYes",0.636928732242892,-0.419414389818066
"ToxYes211",-0.134122989645623,0.178147025097745,-0.752878076813425,0.455359093605043,"PWY-702: L-methionine biosynthesis II","ToxYes",0.637502731047061,-0.445546927474083
"ToxYes59",-0.131214495847288,0.176037978842317,-0.745376064359506,0.459836230546967,"PWY-841: superpathway of purine nucleotides de novo biosynthesis I","ToxYes",0.641882832083157,-0.435885120211587
"ToxYes32",-0.125290518067465,0.17137084714367,-0.731107537575671,0.468421422720545,"NONOXIPENT-PWY: pentose phosphate pathway (non-oxidative branch) I","ToxYes",0.642570783131885,-0.416206091991305
"ToxYes39",-0.129801942660505,0.176772954896373,-0.734286207619241,0.466500957626735,"PWY-7229: superpathway of adenosine nucleotides de novo biosynthesis I","ToxYes",0.642570783131885,-0.43119272009489
"ToxYes85",-0.134507999767002,0.183804203636954,-0.731800454535192,0.468002396371949,"PENTOSE-P-PWY: pentose phosphate pathway","ToxYes",0.642570783131885,-0.446825903413107
"ToxYes104",-0.222129949261561,0.304608884219198,-0.729230041438039,0.469557874889059,"NAGLIPASYN-PWY: lipid IVA biosynthesis (E. coli)","ToxYes",0.642570783131885,-0.737899719167882
"ToxYes105",-0.222129949261561,0.304608884219198,-0.729230041438039,0.469557874889059,"PWY-8073: lipid IVA biosynthesis (P. putida)","ToxYes",0.642570783131885,-0.737899719167882
"ToxYes158",-0.134430382023914,0.184437813483722,-0.728865624053709,0.469778639768689,"PWY-I9: L-cysteine biosynthesis VI (from L-methionine)","ToxYes",0.642570783131885,-0.446568062851682
"ToxYes331",-0.223779782751066,0.306536370702729,-0.730026855338747,0.469075369645179,"PWY-5130: 2-oxobutanoate degradation I","ToxYes",0.642570783131885,-0.743380347388556
"ToxYes435",-0.185325789536806,0.256665156668324,-0.722052778579109,0.473916768310315,"PWY-7399: methylphosphonate degradation II","ToxYes",0.644526804902028,-0.615638946969498
"ToxYes437",-0.190167637062432,0.263002473540091,-0.72306406286876,0.473301208158628,"PWY-6138: CMP-N-acetylneuraminate biosynthesis I (eukaryotes)","ToxYes",0.644526804902028,-0.631723216296036
"ToxYes294",-0.336357128200138,0.468367667379195,-0.718147625523048,0.476298063334304,"ECASYN-PWY: enterobacterial common antigen biosynthesis","ToxYes",0.64591988076105,-1.11735419408367
"ToxYes133",-0.123481398417015,0.175579977277784,-0.703277220623262,0.485427490774859,"RHAMCAT-PWY: L-rhamnose degradation I","ToxYes",0.650543787990685,-0.410196326597463
"ToxYes228",-0.391534135182832,0.552083260977843,-0.709193998183086,0.481783311067315,"PRPP-PWY: superpathway of histidine purine and pyrimidine biosynthesis","ToxYes",0.650543787990685,-1.30064824377128
"ToxYes234",-0.377088745892099,0.537566235019856,-0.701474016272934,0.486541152362781,"DENOVOPURINE2-PWY: superpathway of purine nucleotides de novo biosynthesis II","ToxYes",0.650543787990685,-1.2526616992448
"ToxYes397",-0.24649633286517,0.348934848620719,-0.706425092935053,0.483486780679433,"P124-PWY: Bifidobacterium shunt","ToxYes",0.650543787990685,-0.818843093431517
"ToxYes429",-0.29999049999544,0.425057905965165,-0.705763840139053,0.483894091659149,"PWY-6143: CMP-pseudaminate biosynthesis","ToxYes",0.650543787990685,-0.996546870134158
"ToxYes1",-0.111994598008093,0.160791221414274,-0.696521843810998,0.489606946328687,"UNINTEGRATED","ToxYes",0.651871765409297,-0.372038001598699
"ToxYes37",-0.126514850637044,0.183038156452584,-0.6911938641046,0.492917354853759,"PWY-5973: cis-vaccenate biosynthesis","ToxYes",0.651871765409297,-0.420273236751674
"ToxYes153",-0.131561369582449,0.189781564182239,-0.693225235809084,0.491653752862265,"PWY-8187: L-arginine degradation XIII (reductive Stickland reaction)","ToxYes",0.651871765409297,-0.437037409817797
"ToxYes274",-0.345733264890616,0.500307592543213,-0.691041411410829,0.49301225955325,"PWY-7187: pyrimidine deoxyribonucleotides de novo biosynthesis II","ToxYes",0.651871765409297,-1.14850104597727
"ToxYes21",-0.109420709971494,0.159447458860016,-0.686249318451403,0.496000576889489,"DTDPRHAMSYN-PWY: dTDP-&beta;-L-rhamnose biosynthesis","ToxYes",0.654006300829354,-0.363487730616828
"ToxYes70",-0.114522658919859,0.168045254071594,-0.681498918565517,0.498972720951622,"SER-GLYSYN-PWY: superpathway of L-serine and glycine biosynthesis I","ToxYes",0.654300317280915,-0.380436038167083
"ToxYes95",-0.130475939906361,0.191347520599849,-0.681879438507151,0.498734284497059,"PWY-5154: L-arginine biosynthesis III (via N-acetyl-L-citrulline)","ToxYes",0.654300317280915,-0.433431690481775
"ToxYes312",-0.288432509030416,0.424714513274344,-0.679120915380877,0.500464210604076,"DARABCATK12-PWY: D-arabinose degradation I","ToxYes",0.654453198482253,-0.958152055226991
"ToxYes286",-0.308388440044276,0.455781758658351,-0.676614265897904,0.502039027518902,"PWY-6572: chondroitin sulfate degradation I (bacterial)","ToxYes",0.654713909860267,-1.02444422312157
"ToxYes60",-0.120990476829733,0.181606232322388,-0.666224254985647,0.50859539018728,"PWY-6126: superpathway of adenosine nucleotides de novo biosynthesis II","ToxYes",0.659440969828688,-0.40192166419451
"ToxYes265",-0.115091181959592,0.172641758675479,-0.666647413943074,0.508327463173731,"PWY-7198: pyrimidine deoxyribonucleotides de novo biosynthesis IV","ToxYes",0.659440969828688,-0.382324630825364
"ToxYes268",-0.115729228121797,0.174214444708401,-0.664291806087055,0.509819909447389,"PWY0-1061: superpathway of L-alanine biosynthesis","ToxYes",0.659440969828688,-0.384444174297426
"ToxYes65",-0.117491070968537,0.178657044476074,-0.657634695083473,0.514050439213554,"ASPASN-PWY: superpathway of L-aspartate and L-asparagine biosynthesis","ToxYes",0.65953641257588,-0.390296889548788
"ToxYes389",-0.190862218919304,0.289500161250546,-0.65928190884192,0.513001897416808,"PWY-6185: 4-methylcatechol degradation (ortho cleavage)","ToxYes",0.65953641257588,-0.634030567280577
"ToxYes415",0.235787785937162,0.356808261350315,0.660824906477333,0.512020739771086,"PWY0-1533: methylphosphonate degradation I","ToxYes",0.65953641257588,0.783270070535945
"ToxYes48",-0.120488128654856,0.184272029524712,-0.653860105441003,0.51645750803805,"PWY-7663: gondoate biosynthesis (anaerobic)","ToxYes",0.660843478027182,-0.400252899678968
"ToxYes382",0.232366536738476,0.360010398680496,0.645443958258267,0.521846166856243,"PWY-7200: superpathway of pyrimidine deoxyribonucleoside salvage","ToxYes",0.664167848726127,0.771904926703221
"ToxYes472",0.122569497071919,0.189543753668917,0.646655427569594,0.521068655565682,"12DICHLORETHDEG-PWY: 12-dichloroethane degradation","ToxYes",0.664167848726127,0.407167055899423
"ToxYes142",-0.119810482637296,0.186324806123883,-0.64301949445012,0.523404017124091,"PWY-7197: pyrimidine deoxyribonucleotide phosphorylation","ToxYes",0.66437416573618,-0.398001808334848
"ToxYes63",-0.104511459583364,0.167102619250937,-0.62543280321908,0.534777776215016,"PYRIDNUCSYN-PWY: NAD de novo biosynthesis I (from aspartate)","ToxYes",0.666785929733389,-0.347179553827661
"ToxYes68",-0.116180021702497,0.182632822586887,-0.636139879222556,0.527837928733458,"PWY-7228: superpathway of guanosine nucleotides de novo biosynthesis I","ToxYes",0.666785929733389,-0.385941678158148
"ToxYes109",-0.112820520391737,0.18033909514936,-0.625602120817439,0.534667663244059,"PWY-7208: superpathway of pyrimidine nucleobases salvage","ToxYes",0.666785929733389,-0.374781656369125
"ToxYes192",-0.281047969504215,0.451286372882316,-0.622770786782664,0.536510527495563,"PWY-6906: chitin derivatives degradation","ToxYes",0.666785929733389,-0.933621145907097
"ToxYes196",-0.175208524545912,0.278319058368427,-0.629523991540595,0.532120448323558,"P161-PWY: acetylene degradation (anaerobic)","ToxYes",0.666785929733389,-0.582030120152827
"ToxYes309",-0.241084389847061,0.387066771149567,-0.622849616181348,0.536459174224659,"PWY-7446: sulfoquinovose degradation I","ToxYes",0.666785929733389,-0.800865007871731
"ToxYes339",-0.246127859871882,0.39014992414643,-0.630854562923114,0.531257700190841,"CARNMET-PWY: L-carnitine degradation I","ToxYes",0.666785929733389,-0.817619052642905
"ToxYes411",0.243299247039869,0.385140899991095,0.631714904975022,0.530700241047291,"PWY-7807: glyphosate degradation III","ToxYes",0.666785929733389,0.808222604206682
"ToxYes62",-0.100903973314785,0.164138392814056,-0.614749368413117,0.541749387087965,"PWY-6270: isoprene biosynthesis I","ToxYes",0.667896883336693,-0.33519574384015
"ToxYes84",-0.112035648466947,0.184906328194516,-0.605904890118679,0.54755620942535,"PWY-6125: superpathway of guanosine nucleotides de novo biosynthesis II","ToxYes",0.667896883336693,-0.372174368271274
"ToxYes188",-0.117771809325106,0.191252304315021,-0.615792890689141,0.541066363959125,"PWY0-1479: tRNA processing","ToxYes",0.667896883336693,-0.391229482182788
"ToxYes289",0.264382902313607,0.430339045118885,0.614359550480874,0.542004651026044,"PWY-6749: CMP-legionaminate biosynthesis I","ToxYes",0.667896883336693,0.878260991003432
"ToxYes306",-0.254468428941068,0.420948433910438,-0.604512117023838,0.548473521207147,"PWY-5705: allantoin degradation to glyoxylate III","ToxYes",0.667896883336693,-0.845325823361182
"ToxYes329",-0.237452717192841,0.392312051958818,-0.605264905850423,0.547977620170213,"PWY-7874: L-threonate degradation","ToxYes",0.667896883336693,-0.78880085245024
"ToxYes367",0.299341300072854,0.494583998874637,0.605238545432055,0.547994981276956,"PWY-7992: superpathway of menaquinol-8 biosynthesis III","ToxYes",0.667896883336693,0.994390274672123
"ToxYes464",-0.143259634060599,0.237076772555807,-0.604275283977374,0.548629582740855,"PWY-6113: superpathway of mycolate biosynthesis","ToxYes",0.667896883336693,-0.475898203249188
"ToxYes409",0.249864454414911,0.417539638581261,0.598420919421959,0.552494509794342,"PWY-5198: factor 420 biosynthesis II (mycobacteria)","ToxYes",0.670886190464558,0.830031751034595
"ToxYes151",-0.116242532307645,0.197624299052115,-0.588199593193705,0.559275327291058,"PWY-1269: CMP-3-deoxy-D-manno-octulosonate biosynthesis","ToxYes",0.677391999467033,-0.386149333893618
"ToxYes156",-0.0973196458678096,0.166742265389761,-0.583653134616615,0.56230479548606,"PWY-5659: GDP-mannose biosynthesis","ToxYes",0.679332697084681,-0.323288865792765
"ToxYes145",-0.128818942081104,0.226298534290612,-0.569243377934014,0.571960280619414,"PWY0-1477: ethanolamine utilization","ToxYes",0.685776054344688,-0.427927262852888
"ToxYes166",-0.100905668038602,0.176683713626467,-0.571109051125847,0.570705581092343,"PWY-4041: &gamma;-glutamyl cycle","ToxYes",0.685776054344688,-0.335201373590811
"ToxYes456",-0.25658454388166,0.448537765510273,-0.572046689512889,0.570075513697298,"PWY-6167: flavin biosynthesis II (archaea)","ToxYes",0.685776054344688,-0.852355405034345
"ToxYes57",-0.0983109063410214,0.175288277376283,-0.560852715381428,0.57761983517838,"PWY-6703: preQ0 biosynthesis","ToxYes",0.690568631199567,-0.326581761808079
"ToxYes64",-0.0914502016999872,0.163589942982899,-0.559020927769056,0.57885899968199,"PWY-7560: methylerythritol phosphate pathway II","ToxYes",0.690568631199567,-0.303790994310304
"ToxYes319",-0.254651151695074,0.463956380669734,-0.54886873487434,0.585750017600059,"PWY-7385: 13-propanediol biosynthesis (engineered)","ToxYes",0.695733653587435,-0.84593281521129
"ToxYes334",0.212788304999962,0.388060901339572,0.548337398241937,0.586111754387734,"PWY0-461: L-lysine degradation I","ToxYes",0.695733653587435,0.706867448642835
"ToxYes110",-0.102158316957154,0.189776707435389,-0.538307984882363,0.592959824326397,"PWY-7220: adenosine deoxyribonucleotides de novo biosynthesis II","ToxYes",0.698635832622191,-0.339362583226378
"ToxYes111",-0.102158316957154,0.189776707435389,-0.538307984882363,0.592959824326397,"PWY-7222: guanosine deoxyribonucleotides de novo biosynthesis II","ToxYes",0.698635832622191,-0.339362583226378
"ToxYes190",-0.0904326307060275,0.166974422771156,-0.54159570792449,0.590710800573664,"PWY-7323: superpathway of GDP-mannose-derived O-antigen building blocks biosynthesis","ToxYes",0.698635832622191,-0.300410696636926
"ToxYes279",-0.222374675764535,0.418015078646275,-0.531977641774758,0.59730158242702,"PWY-7688: dTDP-&alpha;-D-ravidosamine and dTDP-4-acetyl-&alpha;-D-ravidosamine biosynthesis","ToxYes",0.702013711692003,-0.738712683013677
"ToxYes360",0.206141214320951,0.390109030831035,0.528419487961651,0.599748531462544,"PWY-5855: ubiquinol-7 biosynthesis (early decarboxylation)","ToxYes",0.703153450680224,0.684786291366966
"ToxYes466",0.0927709042567616,0.176365663944955,0.526014543770356,0.60140506625902,"PWY-6981: chitin biosynthesis","ToxYes",0.703363173315217,0.308178273238642
"ToxYes307",-0.0946192401543703,0.181272277045973,-0.521973032480713,0.604193667933016,"GOLPDLCAT-PWY: superpathway of glycerol degradation to 13-propanediol","ToxYes",0.704892612588518,-0.314318312185697
"ToxYes431",0.105351158922454,0.203910613153795,0.516653632162812,0.607873112349503,"PWY-5654: 2-amino-3-carboxymuconate semialdehyde degradation to 2-hydroxypentadienoate","ToxYes",0.707451348357857,0.349968974653444
"ToxYes398",0.140532601084837,0.289870359033967,0.484811905408959,0.630110526162905,"UDPNACETYLGALSYN-PWY: UDP-N-acetyl-D-glucosamine biosynthesis II","ToxYes",0.731542952325714,0.466839195791317
"ToxYes",-0.069801771120113,0.154806748863765,-0.450896176248367,0.654182735978104,"UNMAPPED","ToxYes",0.747352467708578,-0.231876464556801
"ToxYes254",-0.215870194697828,0.468234033623732,-0.461030551382984,0.646949169421716,"PWY-7858: (5Z)-dodecenoate biosynthesis II","ToxYes",0.747352467708578,-0.717105264615519
"ToxYes302",-0.200912568909509,0.446098764184755,-0.450376878484917,0.654554305540367,"PWY0-1337: oleate &beta;-oxidation","ToxYes",0.747352467708578,-0.667417107276492
"ToxYes305",-0.200294739077213,0.443618692416289,-0.451502027532369,0.653749347221047,"PWY-7094: fatty acid salvage","ToxYes",0.747352467708578,-0.665364720998727
"ToxYes401",-0.114326780024763,0.252429407093807,-0.452905948403536,0.652745532201765,"PWY-5088: L-glutamate degradation VIII (to propanoate)","ToxYes",0.747352467708578,-0.379785342562267
"ToxYes413",0.129477160892605,0.287632730335852,0.45014752229839,0.654718443349741,"PWY-7165: L-ascorbate biosynthesis VIII (engineered pathway)","ToxYes",0.747352467708578,0.430113818415396
"ToxYes434",0.110144520753266,0.239283934793997,0.460308883035089,0.647463144241369,"PWY-7820: teichuronic acid biosynthesis (B. subtilis 168)","ToxYes",0.747352467708578,0.365892177988179
"ToxYes341",-0.142766128881893,0.31877958481236,-0.447852170225793,0.656362051049292,"PWY66-388: ceramide degradation by &alpha;-oxidation","ToxYes",0.747436211242734,-0.47425881453107
"ToxYes369",0.199139316036506,0.452746834619954,0.439846953769801,0.662107671350614,"PWY-7371: 14-dihydroxy-6-naphthoate biosynthesis II","ToxYes",0.74860629824915,0.661526488738324
"ToxYes376",0.177354937683759,0.399697436840008,0.443722979776703,0.659323120217342,"LIPASYN-PWY: phospholipases","ToxYes",0.74860629824915,0.589160350258677
"ToxYes400",-0.159870874474904,0.362315163671073,-0.441248091454551,0.66110052926922,"PWY-822: fructan biosynthesis","ToxYes",0.74860629824915,-0.531079549472395
"ToxYes408",0.1821520633638,0.418004515578353,0.43576577901742,0.66504482635221,"PWY-8112: factor 420 biosynthesis I (archaea)","ToxYes",0.750145349155574,0.605096056829911
"ToxYes407",0.179867278189447,0.421746614751177,0.426481854028788,0.67174606856484,"PWY-6350: archaetidylinositol biosynthesis","ToxYes",0.755912833656888,0.597506164768445
"ToxYes168",-0.0711436699709758,0.172721630004123,-0.411897861138049,0.682327412663678,"PWY-7234: inosine-5'-phosphate biosynthesis III","ToxYes",0.766009076480922,-0.236334156049979
"ToxYes392",-0.140435659544065,0.346180970178758,-0.405671228755146,0.686864995724131,"PWY-6562: norspermidine biosynthesis","ToxYes",0.769288795211027,-0.466517162963467
"ToxYes412",0.135926562544313,0.366833100541762,0.370540614638015,0.712680586772573,"PWY-7805: (aminomethyl)phosphonate degradation","ToxYes",0.794183752065372,0.451538266957419
"ToxYes442",0.144952938813623,0.393617814034771,0.368258075842113,0.714370123680538,"CRNFORCAT-PWY: creatinine degradation I","ToxYes",0.794183752065372,0.481523239881464
"ToxYes443",0.0862771241670521,0.235489766075306,0.366373136314815,0.71576644881522,"URSIN-PWY: ureide biosynthesis","ToxYes",0.794183752065372,0.286606402716616
"ToxYes458",-0.0662784667588569,0.180594187398365,-0.367002214820214,0.715300330689891,"PWY-6565: superpathway of polyamine biosynthesis III","ToxYes",0.794183752065372,-0.220172300812305
"ToxYes365",-0.173449894801536,0.487263256408807,-0.355967523756836,0.723492285283671,"PWY-622: starch biosynthesis","ToxYes",0.799124025778825,-0.576188078596478
"ToxYes420",-0.165786342396588,0.465882774954063,-0.355854200475505,0.723576586366961,"FASYN-INITIAL-PWY: superpathway of fatty acid biosynthesis initiation (E. coli)","ToxYes",0.799124025778825,-0.550730308555841
"ToxYes303",-0.152099109696547,0.445683660517385,-0.341271451414616,0.734453242798896,"KDO-NAGLIPASYN-PWY: superpathway of (Kdo)2-lipid A biosynthesis","ToxYes",0.809258665676562,-0.505262305708314
"ToxYes388",-0.1226765048067,0.363444301397232,-0.337538666406599,0.737246342321135,"PWY-7340: 9-cis 11-trans-octadecadienoyl-CoA degradation (isomerase-dependent yeast)","ToxYes",0.810460182320693,-0.40752252789996
"ToxYes439",0.0664535940929325,0.217766791294952,0.305159449233585,0.761621280702114,"PWY-6797: 6-hydroxymethyl-dihydropterin diphosphate biosynthesis II (Methanocaldococcus)","ToxYes",0.835326565931351,0.220754061223553
"ToxYes261",0.141641757618665,0.48404196970407,0.29262288496442,0.771126328620985,"PWY-7312: dTDP-&beta;-D-fucofuranose biosynthesis","ToxYes",0.843807200973768,0.47052373404267
"ToxYes423",0.0775728145235516,0.289407540130696,0.268040060354059,0.78986680997883,"PWY-7396: butanol and isobutanol biosynthesis (engineered)","ToxYes",0.862331654931017,0.257691311965272
"ToxYes379",0.0916203546086284,0.3817639743845,0.239992143722685,0.811402620550446,"PROTOCATECHUATE-ORTHO-CLEAVAGE-PWY: protocatechuate degradation II (ortho-cleavage pathway)","ToxYes",0.883816126732293,0.304356230037945
"ToxYes353",-0.101498309848799,0.431720721689819,-0.235101779343644,0.815173205642697,"GLYCOLYSIS-TCA-GLYOX-BYPASS: superpathway of glycolysis pyruvate dehydrogenase TCA and glyoxylate bypass","ToxYes",0.885895995173341,-0.337170087070307
"ToxYes249",-0.118994249688544,0.52061172423312,-0.228566211918925,0.820219176491958,"FAO-PWY: fatty acid &beta;-oxidation I (generic)","ToxYes",0.889349266537977,-0.395290341170416
"ToxYes323",0.0985932322681587,0.442708636384045,0.222704560438324,0.82475138627667,"KETOGLUCONMET-PWY: ketogluconate metabolism","ToxYes",0.892231045153852,0.327519628237352
"ToxYes299",-0.0971384541608253,0.476424805906902,-0.203890420810303,0.839338488351284,"PWY-5138: fatty acid &beta;-oxidation IV (unsaturated even number)","ToxYes",0.902222604293116,-0.322686959970774
"ToxYes418",-0.0677443390956766,0.337002602202884,-0.201020225520077,0.841568983836436,"PWY-7723: bacterial bioluminescence","ToxYes",0.902222604293116,-0.225041823311504
"ToxYes444",0.0380835352781591,0.188793358741717,0.201720736004597,0.841024478940511,"PWY-5514: UDP-N-acetyl-D-galactosamine biosynthesis II","ToxYes",0.902222604293116,0.126510765793151
"ToxYes453",0.083282379837689,0.410964100046251,0.202651228728534,0.840301330969773,"PWY-7286: 7-(3-amino-3-carboxypropyl)-wyosine biosynthesis","ToxYes",0.902222604293116,0.2766580773919
"ToxYes349",-0.072875096574565,0.421304819772521,-0.172974751662972,0.863430153889755,"PROPFERM-PWY: superpathway of L-alanine fermentation (Stickland reaction)","ToxYes",0.911292135812691,-0.242085830728677
"ToxYes350",-0.072875096574565,0.421304819772521,-0.172974751662972,0.863430153889755,"PWY-8188: L-alanine degradation VI (reductive Stickland reaction)","ToxYes",0.911292135812691,-0.242085830728677
"ToxYes351",-0.072875096574565,0.421304819772521,-0.172974751662972,0.863430153889755,"PWY-8189: L-alanine degradation V (oxidative Stickland reaction)","ToxYes",0.911292135812691,-0.242085830728677
"ToxYes386",0.0550204278097909,0.316031098251205,0.17409814449987,0.862552279786535,"PWY-5417: catechol degradation III (ortho-cleavage pathway)","ToxYes",0.911292135812691,0.182773904934066
"ToxYes387",0.0550204278097909,0.316031098251205,0.17409814449987,0.862552279786535,"PWY-5431: aromatic compounds degradation via &beta;-ketoadipate","ToxYes",0.911292135812691,0.182773904934066
"ToxYes393",0.0601898501617436,0.33353389369107,0.180460970534807,0.857583396599841,"PWY-8190: L-glutamate degradation XI (reductive Stickland reaction)","ToxYes",0.911292135812691,0.199946354279357
"ToxYes452",-0.0697361964395773,0.399638217781763,-0.174498317069514,0.862239607656305,"PWY-5209: methyl-coenzyme M oxidation to CO2","ToxYes",0.911292135812691,-0.231658630183216
"ToxYes89",0.0428473753915457,0.262203216891484,0.163412851678622,0.870909230555491,"PWY0-862: (5Z)-dodecenoate biosynthesis I","ToxYes",0.916594914407256,0.142335900105361
"ToxYes406",0.0686502081456849,0.427839453746003,0.160457871625932,0.873222988653756,"PWY-6349: CDP-archaeol biosynthesis","ToxYes",0.916594914407256,0.228051055159016
"ToxYes419",-0.0477352662670278,0.299900035803378,-0.159170592091307,0.874231283909441,"PWY-6182: superpathway of salicylate degradation","ToxYes",0.916594914407256,-0.158573122129369
"ToxYes81",0.0406479857720515,0.261600517420094,0.155381901278033,0.877200092859281,"PWY-7664: oleate biosynthesis IV (anaerobic)","ToxYes",0.917686250991248,0.13502968593676
"ToxYes72",0.0386835614032006,0.26109543505573,0.148158704478857,0.882865083331738,"FASYN-ELONG-PWY: fatty acid elongation -- saturated","ToxYes",0.919570633842248,0.128504009435593
"ToxYes255",-0.0307031820452642,0.205288840421946,-0.149560891776473,0.881764885700441,"LACTOSECAT-PWY: lactose and galactose degradation I","ToxYes",0.919570633842248,-0.101993763038604
"ToxYes421",0.0450823258919408,0.312193818651485,0.144404927960051,0.885811550485031,"PWY-7332: superpathway of UDP-N-acetylglucosamine-derived O-antigen building blocks biosynthesis","ToxYes",0.920625104870906,0.149760244963306
"ToxYes90",0.035735212465696,0.262561805203217,0.136102097706244,0.892334461036935,"PWY-6282: palmitoleate biosynthesis I (from (5Z)-dodec-5-enoate)","ToxYes",0.925383885519785,0.118709806266565
"ToxYes399",0.0319724750415635,0.364292191209512,0.0877660180840261,0.930443615382793,"PWY-5972: stearate biosynthesis I (animals)","ToxYes",0.962806871570021,0.106210263103655
"ToxYes362",-0.0311464637720577,0.376879712206913,-0.0826429833266213,0.934493999222196,"PWY-5494: pyruvate fermentation to propanoate II (acrylate pathway)","ToxYes",0.964900528481053,-0.10346631306079
"ToxYes428",-0.0191707847191749,0.254957304739773,-0.0751921375178559,0.940387899893881,"PWY-6210: 2-aminophenol degradation","ToxYes",0.968884502920969,-0.0636839683596645
"ToxYes304",-0.0266848732615512,0.459727509925488,-0.0580449781347135,0.953964221482278,"PWY0-1338: polymyxin resistance","ToxYes",0.97327428101878,-0.0886452301960556
"ToxYes315",-0.0269669828991369,0.407642463304861,-0.066153517669648,0.947542287710296,"NAD-BIOSYNTHESIS-II: NAD salvage pathway III (to nicotinamide riboside)","ToxYes",0.97327428101878,-0.08958237812699
"ToxYes390",-0.0178755396441741,0.310302680467475,-0.0576067845022943,0.95431136107379,"CATECHOL-ORTHO-CLEAVAGE-PWY: catechol degradation to &beta;-ketoadipate","ToxYes",0.97327428101878,-0.0593812573552549
"ToxYes402",-0.014023974424903,0.246471069268717,-0.0568990691950675,0.954872036209601,"PWY-6215: 4-chlorobenzoate degradation","ToxYes",0.97327428101878,-0.046586634644067
"ToxYes440",-0.00875587323754367,0.144050533655273,-0.0607833446733166,0.951795078303097,"DENITRIFICATION-PWY: nitrate reduction I (denitrification)","ToxYes",0.97327428101878,-0.0290863813030687
"ToxYes324",-0.0180887526922913,0.371528853067635,-0.0486873429692911,0.961379246111255,"PWY-7883: anhydromuropeptides recycling II","ToxYes",0.974753567626343,-0.0600895357699917
"ToxYes432",-0.0102545243214629,0.216727414875815,-0.0473153076980996,0.962466757950381,"PWY-7294: D-xylose degradation IV","ToxYes",0.974753567626343,-0.0340647924431734
"ToxYes449",-0.0201636042733994,0.397242579633068,-0.0507589198822152,0.959737400163821,"METHANOGENESIS-PWY: methanogenesis from H2 and CO2","ToxYes",0.974753567626343,-0.0669820435299963
"ToxYes318",0.0122292088792688,0.354001636020861,0.0345456281409618,0.972591529944634,"PWY-6953: dTDP-3-acetamido-&alpha;-D-fucose biosynthesis","ToxYes",0.980697280923775,0.0406245525542888
"ToxYes416",-0.010109755876754,0.318626507284737,-0.0317291739563888,0.974825302075619,"PWY-3801: sucrose degradation II (sucrose synthase)","ToxYes",0.980697280923775,-0.0335838820794417
"ToxYes451",-0.0154237418070446,0.468541117674569,-0.0329186515872816,0.973881883568626,"PWY-6165: chorismate biosynthesis II (archaea)","ToxYes",0.980697280923775,-0.0512365612371104
"ToxYes455",-0.0118990018891708,0.403067732404305,-0.0295210976532234,0.976576704113171,"PWY-8113: 3PG-factor 420 biosynthesis","ToxYes",0.980697280923775,-0.0395276286767544
"ToxYes96",0.00583030931108018,0.264713261466966,0.0220249989697164,0.982523278194606,"PWY-5989: stearate biosynthesis II (bacteria and plants)","ToxYes",0.984591748253963,0.0193678683023606
"ToxYes454",0.00479571324615889,0.409976092531844,0.0116975436702724,0.990717509638915,"PWY-6160: 3-dehydroquinate biosynthesis II (archaea)","ToxYes",0.990717509638915,0.0159310145674386
