,SampleID,ReadPairsPreQC,ReadPairsPostQC,AverageGenomeSize,GenomeEquivalents,Sample,Patient_ID,Time,Days,PrePost,"Completion of study (T1, T2, T3)",Sex (MR),Type of systemic therapy (MR),Co-treatment with bevacizumab,Bevacizumab dosage administered in mg cycle 1 (MR),Chemotherapy_delay cycle 2 (days)(MR),Reason delay cycle 2 (MR),Dose decrease or increase (MR)...17,Reason % increase or decrease (MR)...18,Dosage Bevazucimab administered in mg cycle 2 (MR),Chemotherapy_delay cycle 3(days)(MR),Reason cycle 3 delay (MR),Total dosage Systemic treatment administered in mg per 24 hours_in cycle 3 (MR),% administered of calculated dose (MR)...24,% difference cycle 3vs2 (MR),Dose decrease or increase (MR)...26,Reason % increase or decrease (MR)...27,Dosage Bevacuzimab administered in mg cycle 3 (MR),Height (cm),Weight (kg),BMI,Date diagnosis primary tumor site (MR),Primary Tumor Site (MR),Left or rightsided tumor,Type of tumor (MR),Type of metastasis (MR),Number of metastatic sites (MR),Location of metastasis 1 (MR),Location of metastasis 2 (MR),Location of metastasis 3 (MR),Location of metastasis 4 (MR),Location of metastasis 5 (MR),Location of metastasis 6 (MR),Location of metastasis 7 (MR),Stage IUCC 8th edition at time of diagnosis,Prior chemoradiation (MR),Last dose prior chemoradiation (date) (MR),Prior systemic treatment (MR),Time between fecal sample collection date and last dose prior systemic treatment_days,Number of previous systemic regimen (MR),Name of prior systemic treatment 1 (MR),Name of prior systemic treatment 2 (MR),Name of prior systemic treatment 3 (MR),Name of prior systemic treatment 4 (MR),Total amount of previous systemic treatment_weeks (MR),Antibiotics_last year therapeutic + profylactic combined (MR + Q COMBINED),Time between fecal sample collection date and last dose combined AB_days,Probiotics (Q)...61,Colostomy,Age_bin,BMI_bin,Stage_bin
1,NE_P01_T1_S2,7589650,7314799,3991266.367,502.3008638,NE_P01_T1,P01,Baseline,0,Pre,Complete,0,1,0,5555,0,5555,2,start with reduced dose due to neuropathy and fatigue at T1,5555,0,5555,4300,85.14851485,1.246075827,0,5555,5555,175,88,28.73469388,42535,1,1,0,0,2,1,7,5555,5555,5555,5555,5555,4,0,5555,1,242,1,2,5555,5555,5555,24,1,160,9999,0,0,1,1
2,NE_P01_T2_S3,8957081,8781460,3401160.282,749.004175,NE_P01_T2,P01,Cycle 3,49,Post,Complete,0,1,0,5555,0,5555,2,start with reduced dose due to neuropathy and fatigue at T1,5555,0,5555,4300,85.14851485,1.246075827,0,5555,5555,175,88,28.73469388,42535,1,1,0,0,2,1,7,5555,5555,5555,5555,5555,4,0,5555,1,242,1,2,5555,5555,5555,24,1,160,9999,0,0,1,1
3,NE_P01_T3_S4,28647242,27877120,3756027.252,2123.521125,NE_P01_T3,P01,Trough,63,Post,Complete,0,1,0,5555,0,5555,2,start with reduced dose due to neuropathy and fatigue at T1,5555,0,5555,4300,85.14851485,1.246075827,0,5555,5555,175,88,28.73469388,42535,1,1,0,0,2,1,7,5555,5555,5555,5555,5555,4,0,5555,1,242,1,2,5555,5555,5555,24,1,160,9999,0,0,1,1
4,NE_P02_T1_S5,2420081,2330781,3210043.603,205.6636014,NE_P02_T1,P02,Baseline,0,Pre,NA,NA,NA,NA,NA,NA,NA,NA,NA,NA,NA,NA,NA,NA,NA,NA,NA,NA,NA,NA,NA,NA,NA,NA,NA,NA,NA,NA,NA,NA,NA,NA,NA,NA,NA,NA,NA,NA,NA,NA,NA,NA,NA,NA,NA,NA,NA,NA,NA,NA,NA,NA
5,NE_P02_T2_S6,6373683,6172687,3342854.789,528.3214592,NE_P02_T2,P02,Cycle 3,49,Post,NA,NA,NA,NA,NA,NA,NA,NA,NA,NA,NA,NA,NA,NA,NA,NA,NA,NA,NA,NA,NA,NA,NA,NA,NA,NA,NA,NA,NA,NA,NA,NA,NA,NA,NA,NA,NA,NA,NA,NA,NA,NA,NA,NA,NA,NA,NA,NA,NA,NA,NA,NA
6,NE_P02_T3_S7,26320639,25883053,2914173.38,2602.535445,NE_P02_T3,P02,Trough,63,Post,NA,NA,NA,NA,NA,NA,NA,NA,NA,NA,NA,NA,NA,NA,NA,NA,NA,NA,NA,NA,NA,NA,NA,NA,NA,NA,NA,NA,NA,NA,NA,NA,NA,NA,NA,NA,NA,NA,NA,NA,NA,NA,NA,NA,NA,NA,NA,NA,NA,NA,NA,NA
7,NE_P03_T1_S8,375616,367764,3108695.224,33.77893889,NE_P03_T1,P03,Baseline,0,Pre,Complete,0,1,0,5555,0,5555,2,start with reduced dose due to DPD heterozygosity,5555,0,5555,4000,75.82938389,0,0,5555,5555,181,90,27.4716889,43132,1,1,0,0,2,2,3,5555,5555,5555,5555,5555,4,0,5555,0,5555,0,5555,5555,5555,5555,0,0,5555,9999,0,NA,1,1
8,NE_P03_T2_S9,34746565,33834692,3553019.184,2800.958715,NE_P03_T2,P03,Cycle 3,49,Post,Complete,0,1,0,5555,0,5555,2,start with reduced dose due to DPD heterozygosity,5555,0,5555,4000,75.82938389,0,0,5555,5555,181,90,27.4716889,43132,1,1,0,0,2,2,3,5555,5555,5555,5555,5555,4,0,5555,0,5555,0,5555,5555,5555,5555,0,0,5555,9999,0,NA,1,1
9,NE_P03_T3_S10,32496959,31546189,3410765.412,2595.5067,NE_P03_T3,P03,Trough,63,Post,Complete,0,1,0,5555,0,5555,2,start with reduced dose due to DPD heterozygosity,5555,0,5555,4000,75.82938389,0,0,5555,5555,181,90,27.4716889,43132,1,1,0,0,2,2,3,5555,5555,5555,5555,5555,4,0,5555,0,5555,0,5555,5555,5555,5555,0,0,5555,9999,0,NA,1,1
10,NE_P04_T1_S11,93668517,91683448,3776824.056,7084.087194,NE_P04_T1,P04,Baseline,0,Pre,T2 and T3 missing,1,1,0,9999,9999,9999,9999,NA,9999,9999,9999,9999,9999,9999,9999,9999,9999,175,74,24.16326531,41701,1,1,0,1,2,2,5,5555,5555,5555,5555,5555,3,0,5555,1,30,2,2,6,5555,5555,26,1,12,2,0,0,0,0
11,NE_P05_T1_S12,40567650,39921581,3035779.077,3845.773591,NE_P05_T1,P05,Baseline,0,Pre,Complete,1,0,1,72.5,0,5555,0,5555,72.5,0,5555,3600,73.0964467,72.5,0,5555,72.5,159,98,38.76428939,40871,5,0,0,1,3,1,2,3,5555,5555,5555,5555,3,0,5555,1,119,1,1,5555,5555,5555,51,0,5555,0,1,1,1,0
12,NE_P05_T2_S13,24291837,23747124,2570999.038,2670.01593,NE_P05_T2,P05,Cycle 3,49,Post,Complete,1,0,1,72.5,0,5555,0,5555,72.5,0,5555,3600,73.0964467,72.5,0,5555,72.5,159,98,38.76428939,40871,5,0,0,1,3,1,2,3,5555,5555,5555,5555,3,0,5555,1,119,1,1,5555,5555,5555,51,0,5555,0,1,1,1,0
13,NE_P05_T3_S14,12792080,12548202,2724019.002,1314.302611,NE_P05_T3,P05,Trough,63,Post,Complete,1,0,1,72.5,0,5555,0,5555,72.5,0,5555,3600,73.0964467,72.5,0,5555,72.5,159,98,38.76428939,40871,5,0,0,1,3,1,2,3,5555,5555,5555,5555,3,0,5555,1,119,1,1,5555,5555,5555,51,0,5555,0,1,1,1,0
14,NE_P06_T1_S15,12572536,12273549,3294235.255,1070.032528,NE_P06_T1,P06,Baseline,0,Pre,Complete,1,1,0,5555,0,5555,0,5555,5555,0,5555,4000,96.96969697,8.080808081,2,"start with reduced dose, but good tolerance",5555,164,59.8,22.23378941,42885,4,0,0,0,1,2,5555,5555,5555,5555,5555,5555,4,0,5555,1,204,1,7,5555,5555,5555,24,1,6,0,0,0,0,1
15,NE_P06_T2_S16,20020111,19647290,3224991.141,1775.874841,NE_P06_T2,P06,Cycle 3,49,Post,Complete,1,1,0,5555,0,5555,0,5555,5555,0,5555,4000,96.96969697,8.080808081,2,"start with reduced dose, but good tolerance",5555,164,59.8,22.23378941,42885,4,0,0,0,1,2,5555,5555,5555,5555,5555,5555,4,0,5555,1,204,1,7,5555,5555,5555,24,1,6,0,0,0,0,1
16,NE_P06_T3_S17,44295558,43277072,3182980.779,3905.587275,NE_P06_T3,P06,Trough,63,Post,Complete,1,1,0,5555,0,5555,0,5555,5555,0,5555,4000,96.96969697,8.080808081,2,"start with reduced dose, but good tolerance",5555,164,59.8,22.23378941,42885,4,0,0,0,1,2,5555,5555,5555,5555,5555,5555,4,0,5555,1,204,1,7,5555,5555,5555,24,1,6,0,0,0,0,1
17,NE_P07_T1_S18,22392943,21903526,3480440.171,1829.175553,NE_P07_T1,P07,Baseline,0,Pre,Complete,0,0,1,562,0,5555,2,start with reduced dose due to previous mucositis,562,0,5555,2300,47.42268041,0,0,5555,562,179,75,23.40750913,42727,6,0,0,0,2,2,3,5555,5555,5555,5555,5555,4,0,5555,1,713,2,2,3,5555,5555,9,1,64,0,0,0,0,1
18,NE_P07_T2_S19,5545695,5469341,2950951.778,546.6479758,NE_P07_T2,P07,Cycle 3,49,Post,Complete,0,0,1,562,0,5555,2,start with reduced dose due to previous mucositis,562,0,5555,2300,47.42268041,0,0,5555,562,179,75,23.40750913,42727,6,0,0,0,2,2,3,5555,5555,5555,5555,5555,4,0,5555,1,713,2,2,3,5555,5555,9,1,64,0,0,0,0,1
19,NE_P07_T3_S20,12645035,12379685,2970782.146,1222.657041,NE_P07_T3,P07,Trough,63,Post,Complete,0,0,1,562,0,5555,2,start with reduced dose due to previous mucositis,562,0,5555,2300,47.42268041,0,0,5555,562,179,75,23.40750913,42727,6,0,0,0,2,2,3,5555,5555,5555,5555,5555,4,0,5555,1,713,2,2,3,5555,5555,9,1,64,0,0,0,0,1
20,NE_P08_T1_S21,35750106,35116279,2684332.642,3809.520638,NE_P08_T1,P08,Baseline,0,Pre,Complete,0,0,1,662.5,0,5555,2,"start with reduced dose, increased due to good tolerance and no toxicty",662.5,0,5555,5300,100.952381,0,0,5555,662.5,182,88,26.56683975,43494,5,0,0,0,2,3,7,5555,5555,5555,5555,5555,4,0,5555,0,5555,0,5555,5555,5555,5555,0,0,5555,1,0,1,1,1
21,NE_P08_T2_S22,66962795,64457032,2740737.348,6789.023779,NE_P08_T2,P08,Cycle 3,49,Post,Complete,0,0,1,662.5,0,5555,2,"start with reduced dose, increased due to good tolerance and no toxicty",662.5,0,5555,5300,100.952381,0,0,5555,662.5,182,88,26.56683975,43494,5,0,0,0,2,3,7,5555,5555,5555,5555,5555,4,0,5555,0,5555,0,5555,5555,5555,5555,0,0,5555,1,0,1,1,1
22,NE_P08_T3_S23,8824523,8094263,2848306.704,822.777184,NE_P08_T3,P08,Trough,63,Post,Complete,0,0,1,662.5,0,5555,2,"start with reduced dose, increased due to good tolerance and no toxicty",662.5,0,5555,5300,100.952381,0,0,5555,662.5,182,88,26.56683975,43494,5,0,0,0,2,3,7,5555,5555,5555,5555,5555,4,0,5555,0,5555,0,5555,5555,5555,5555,0,0,5555,1,0,1,1,1
23,NE_P09_T1_S24,2934105,2886148,3217064.528,264.9801098,NE_P09_T1,P09,Baseline,0,Pre,Complete,0,0,1,687,0,5555,0,5555,687,0,5555,5200,99.5215311,0,0,5555,687,177,92,29.36576335,42445,5,0,0,0,3,0,2,3,5555,5555,5555,5555,4,0,5555,0,5555,0,5555,5555,5555,5555,0,0,5555,0,0,0,1,1
24,NE_P09_T2_S25,20849757,20404977,2911447.536,2010.370618,NE_P09_T2,P09,Cycle 3,49,Post,Complete,0,0,1,687,0,5555,0,5555,687,0,5555,5200,99.5215311,0,0,5555,687,177,92,29.36576335,42445,5,0,0,0,3,0,2,3,5555,5555,5555,5555,4,0,5555,0,5555,0,5555,5555,5555,5555,0,0,5555,0,0,0,1,1
25,NE_P09_T3_S26,36348218,35541572,3092589.121,3269.58787,NE_P09_T3,P09,Trough,63,Post,Complete,0,0,1,687,0,5555,0,5555,687,0,5555,5200,99.5215311,0,0,5555,687,177,92,29.36576335,42445,5,0,0,0,3,0,2,3,5555,5555,5555,5555,4,0,5555,0,5555,0,5555,5555,5555,5555,0,0,5555,0,0,0,1,1
26,NE_P10_T1_S27,19349571,19007493,3089969.818,1785.980794,NE_P10_T1,P10,Baseline,0,Pre,Complete,0,0,1,625,0,5555,0,5555,625,0,5555,4000,76.92307692,0,0,5555,625,186,83,23.99121286,43116,6,0,0,0,2,2,3,5555,5555,5555,5555,5555,3,0,5555,0,5555,0,5555,5555,5555,5555,0,0,5555,0,1,1,0,0
27,NE_P10_T2_S28,24797768,24380411,2971963.738,2406.626346,NE_P10_T2,P10,Cycle 3,49,Post,Complete,0,0,1,625,0,5555,0,5555,625,0,5555,4000,76.92307692,0,0,5555,625,186,83,23.99121286,43116,6,0,0,0,2,2,3,5555,5555,5555,5555,5555,3,0,5555,0,5555,0,5555,5555,5555,5555,0,0,5555,0,1,1,0,0
28,NE_P10_T3_S29,49706687,48203340,3311549.793,4123.382325,NE_P10_T3,P10,Trough,63,Post,Complete,0,0,1,625,0,5555,0,5555,625,0,5555,4000,76.92307692,0,0,5555,625,186,83,23.99121286,43116,6,0,0,0,2,2,3,5555,5555,5555,5555,5555,3,0,5555,0,5555,0,5555,5555,5555,5555,0,0,5555,0,1,1,0,0
29,NE_P11_T1_S30,30755907,30173070,3088568.02,2862.024675,NE_P11_T1,P11,Baseline,0,Pre,Complete,0,0,1,562.5,0,5555,2,reason not known,562.5,0,5555,4600,97.35449735,0,0,5555,562.5,173,75,25.05930703,42502,6,0,0,1,1,3,5555,5555,5555,5555,5555,5555,3,0,5555,1,1012,2,2,3,5555,5555,24,0,5555,0,0,0,1,0
30,NE_P11_T2_S31,26132863,25424113,3098247.661,2381.498896,NE_P11_T2,P11,Cycle 3,49,Post,Complete,0,0,1,562.5,0,5555,2,reason not known,562.5,0,5555,4600,97.35449735,0,0,5555,562.5,173,75,25.05930703,42502,6,0,0,1,1,3,5555,5555,5555,5555,5555,5555,3,0,5555,1,1012,2,2,3,5555,5555,24,0,5555,0,0,0,1,0
31,NE_P11_T3_S32,25332063,25090328,3165145.45,2349.170165,NE_P11_T3,P11,Trough,63,Post,Complete,0,0,1,562.5,0,5555,2,reason not known,562.5,0,5555,4600,97.35449735,0,0,5555,562.5,173,75,25.05930703,42502,6,0,0,1,1,3,5555,5555,5555,5555,5555,5555,3,0,5555,1,1012,2,2,3,5555,5555,24,0,5555,0,0,0,1,0
32,NE_P12_T1_S33,30952262,30431408,3322246.342,2684.03265,NE_P12_T1,P12,Baseline,0,Pre,Complete,1,0,1,637,0,5555,0,5555,637,0,5555,4600,95.83333333,0,0,5555,637,165,85,31.22130395,42892,5,0,0,1,3,0,2,3,5555,5555,5555,5555,3,1,42958,1,676,1,2,5555,5555,5555,12,1,171,0,1,0,1,0
33,NE_P12_T2_S34,35159888,34544396,3242736.864,3125.350656,NE_P12_T2,P12,Cycle 3,49,Post,Complete,1,0,1,637,0,5555,0,5555,637,0,5555,4600,95.83333333,0,0,5555,637,165,85,31.22130395,42892,5,0,0,1,3,0,2,3,5555,5555,5555,5555,3,1,42958,1,676,1,2,5555,5555,5555,12,1,171,0,1,0,1,0
34,NE_P12_T3_S35,27829966,27389366,3238526.05,2489.180548,NE_P12_T3,P12,Trough,63,Post,Complete,1,0,1,637,0,5555,0,5555,637,0,5555,4600,95.83333333,0,0,5555,637,165,85,31.22130395,42892,5,0,0,1,3,0,2,3,5555,5555,5555,5555,3,1,42958,1,676,1,2,5555,5555,5555,12,1,171,0,1,0,1,0
35,NE_P13_T1_S36,24091854,23516977,3639418.07,1892.609565,NE_P13_T1,P13,Baseline,0,Pre,Complete,0,1,0,5555,0,5555,0,5555,5555,0,5555,4000,101.010101,0,0,5555,5555,182,77.8,23.48750151,43775,4,0,5,0,1,1,5555,5555,5555,5555,5555,5555,4,0,5555,0,5555,0,5555,5555,5555,5555,0,0,5555,0,0,1,0,1
36,NE_P13_T2_S37,6106388,6058168,3161803.579,573.2459142,NE_P13_T2,P13,Cycle 3,49,Post,Complete,0,1,0,5555,0,5555,0,5555,5555,0,5555,4000,101.010101,0,0,5555,5555,182,77.8,23.48750151,43775,4,0,5,0,1,1,5555,5555,5555,5555,5555,5555,4,0,5555,0,5555,0,5555,5555,5555,5555,0,0,5555,0,0,1,0,1
37,NE_P13_T3_S38,33388860,32703309,2955435.929,3182.982446,NE_P13_T3,P13,Trough,63,Post,Complete,0,1,0,5555,0,5555,0,5555,5555,0,5555,4000,101.010101,0,0,5555,5555,182,77.8,23.48750151,43775,4,0,5,0,1,1,5555,5555,5555,5555,5555,5555,4,0,5555,0,5555,0,5555,5555,5555,5555,0,0,5555,0,0,1,0,1
38,NE_P14_T1_S39,3737843,3635168,2767809.017,372.0405858,NE_P14_T1,P14,Baseline,0,Pre,Complete,0,0,1,912.5,0,5555,2,good tolerance,912.5,0,5555,6000,103.0042918,0,0,5555,912.5,174,122,40.29594398,42716,6,0,0,0,3,0,2,3,5555,5555,5555,5555,3,1,42767,1,94,1,1,5555,5555,5555,12,1,87,0,0,0,1,0
39,NE_P14_T2_S40,8825609,8694542,2945496.316,867.8586516,NE_P14_T2,P14,Cycle 3,49,Post,Complete,0,0,1,912.5,0,5555,2,good tolerance,912.5,0,5555,6000,103.0042918,0,0,5555,912.5,174,122,40.29594398,42716,6,0,0,0,3,0,2,3,5555,5555,5555,5555,3,1,42767,1,94,1,1,5555,5555,5555,12,1,87,0,0,0,1,0
40,NE_P14_T3_S41,25720892,25253410,3160812.464,2334.94509,NE_P14_T3,P14,Trough,63,Post,Complete,0,0,1,912.5,0,5555,2,good tolerance,912.5,0,5555,6000,103.0042918,0,0,5555,912.5,174,122,40.29594398,42716,6,0,0,0,3,0,2,3,5555,5555,5555,5555,3,1,42767,1,94,1,1,5555,5555,5555,12,1,87,0,0,0,1,0
41,NE_P15_T1_S42,22035487,21623828,4030509.154,1579.500928,NE_P15_T1,P15,Baseline,0,Pre,Complete,1,0,1,487.5,0,5555,0,5555,487.5,0,5555,3300,94.82758621,0,0,5555,487.5,168,65,23.03004535,41324,6,0,0,1,2,0,7,5555,5555,5555,5555,5555,3,1,42870,1,709,2,3,1,5555,5555,24,1,185,0,1,0,0,0
42,NE_P15_T2_S43,43660840,42796969,3798939.2,3310.359372,NE_P15_T2,P15,Cycle 3,49,Post,Complete,1,0,1,487.5,0,5555,0,5555,487.5,0,5555,3300,94.82758621,0,0,5555,487.5,168,65,23.03004535,41324,6,0,0,1,2,0,7,5555,5555,5555,5555,5555,3,1,42870,1,709,2,3,1,5555,5555,24,1,185,0,1,0,0,0
43,NE_P15_T3_S44,22827453,22365434,3466279.927,1894.692495,NE_P15_T3,P15,Trough,63,Post,Complete,1,0,1,487.5,0,5555,0,5555,487.5,0,5555,3300,94.82758621,0,0,5555,487.5,168,65,23.03004535,41324,6,0,0,1,2,0,7,5555,5555,5555,5555,5555,3,1,42870,1,709,2,3,1,5555,5555,24,1,185,0,1,0,0,0
44,NE_P16_T1_S45,68766210,67587116,2796500.595,7083.368198,NE_P16_T1,P16,Baseline,0,Pre,Complete,0,1,0,5555,23,Low kidney function,1,impaired renal function,5555,0,5555,3600,80,0,0,5555,5555,176,110,35.51136364,44101,6,0,0,0,2,1,7,5555,5555,5555,5555,5555,3,0,1334963,0,5555,0,5555,5555,5555,5555,0,0,5555,0,1,1,1,0
45,NE_P16_T2_S46,83785977,82370808,3392823.649,7114.411269,NE_P16_T2,P16,Cycle 3,49,Post,Complete,0,1,0,5555,23,Low kidney function,1,impaired renal function,5555,0,5555,3600,80,0,0,5555,5555,176,110,35.51136364,44101,6,0,0,0,2,1,7,5555,5555,5555,5555,5555,3,0,1334963,0,5555,0,5555,5555,5555,5555,0,0,5555,0,1,1,1,0
46,NE_P16_T3_S47,56661115,55790654,3380400.612,4861.716347,NE_P16_T3,P16,Trough,63,Post,Complete,0,1,0,5555,23,Low kidney function,1,impaired renal function,5555,0,5555,3600,80,0,0,5555,5555,176,110,35.51136364,44101,6,0,0,0,2,1,7,5555,5555,5555,5555,5555,3,0,1334963,0,5555,0,5555,5555,5555,5555,0,0,5555,0,1,1,1,0
47,NE_P17_T1_S48,13092399,12659667,3134384.092,1172.355409,NE_P17_T1,P17,Baseline,0,Pre,"No response CT, after 6 cycli",1,0,1,0,0,5555,0,5555,0,0,5555,3600,80,-15.55555556,1,Due to hand-foot-syndrome,9999,161,75.4,29.08838394,42930,5,0,0,1,1,3,5555,5555,5555,5555,5555,5555,3,0,1334963,0,5555,0,5555,5555,5555,5555,0,0,5555,0,0,1,1,0
48,NE_P17_T2_S49,21271445,20715688,3149311.272,1890.101878,NE_P17_T2,P17,Cycle 3,49,Post,"No response CT, after 6 cycli",1,0,1,0,0,5555,0,5555,0,0,5555,3600,80,-15.55555556,1,Due to hand-foot-syndrome,9999,161,75.4,29.08838394,42930,5,0,0,1,1,3,5555,5555,5555,5555,5555,5555,3,0,1334963,0,5555,0,5555,5555,5555,5555,0,0,5555,0,0,1,1,0
49,NE_P17_T3_S50,9009816,8819310,3237989.513,793.0107034,NE_P17_T3,P17,Trough,63,Post,"No response CT, after 6 cycli",1,0,1,0,0,5555,0,5555,0,0,5555,3600,80,-15.55555556,1,Due to hand-foot-syndrome,9999,161,75.4,29.08838394,42930,5,0,0,1,1,3,5555,5555,5555,5555,5555,5555,3,0,1334963,0,5555,0,5555,5555,5555,5555,0,0,5555,0,0,1,1,0
50,NE_P18_T1_S51,19515612,19161378,3133473.593,1782.156477,NE_P18_T1,P18,Baseline,0,Pre,Complete,1,0,1,487.5,7,Because of holidays,2,good tolerance,487.5,0,5555,4300,124.2774566,0,0,5555,0,164,65,24.1671624,44042,1,1,0,0,1,2,5555,5555,5555,5555,5555,5555,3,0,1334963,0,5555,0,5555,5555,5555,5555,0,0,5555,1,0,1,0,0
51,NE_P18_T2_S52,10007167,9854635,3386864.212,855.3088193,NE_P18_T2,P18,Cycle 3,49,Post,Complete,1,0,1,487.5,7,Because of holidays,2,good tolerance,487.5,0,5555,4300,124.2774566,0,0,5555,0,164,65,24.1671624,44042,1,1,0,0,1,2,5555,5555,5555,5555,5555,5555,3,0,1334963,0,5555,0,5555,5555,5555,5555,0,0,5555,1,0,1,0,0
52,NE_P18_T3_S53,44498019,43156590,3695762.817,3305.546691,NE_P18_T3,P18,Trough,63,Post,Complete,1,0,1,487.5,7,Because of holidays,2,good tolerance,487.5,0,5555,4300,124.2774566,0,0,5555,0,164,65,24.1671624,44042,1,1,0,0,1,2,5555,5555,5555,5555,5555,5555,3,0,1334963,0,5555,0,5555,5555,5555,5555,0,0,5555,1,0,1,0,0
53,NE_P19_T1_S54,22468294,21988293,4400264.565,1455.226412,NE_P19_T1,P19,Baseline,0,Pre,Complete,1,0,1,9999,7,For recovery of condition,1,conditional recovery,9999,7,Wedding celebration,3600,77.41935484,0,0,5555,9999,163,80,30.1102789,43907,2,1,0,0,1,2,5555,5555,5555,5555,5555,5555,4,0,1334963,1,518,1,2,5555,5555,5555,12,1,0,0,0,0,1,1
54,NE_P19_T2_S55,5805217,5619457,4284448.301,378.7518527,NE_P19_T2,P19,Cycle 3,49,Post,Complete,1,0,1,9999,7,For recovery of condition,1,conditional recovery,9999,7,Wedding celebration,3600,77.41935484,0,0,5555,9999,163,80,30.1102789,43907,2,1,0,0,1,2,5555,5555,5555,5555,5555,5555,4,0,1334963,1,518,1,2,5555,5555,5555,12,1,0,0,0,0,1,1
55,NE_P19_T3_S56,24585548,24169873,2027131.566,3505.245499,NE_P19_T3,P19,Trough,63,Post,Complete,1,0,1,9999,7,For recovery of condition,1,conditional recovery,9999,7,Wedding celebration,3600,77.41935484,0,0,5555,9999,163,80,30.1102789,43907,2,1,0,0,1,2,5555,5555,5555,5555,5555,5555,4,0,1334963,1,518,1,2,5555,5555,5555,12,1,0,0,0,0,1,1
56,NE_P20_T1_S57,83348959,81835877,3413704.635,7006.566141,NE_P20_T1,P20,Baseline,0,Pre,Complete,0,1,0,0,0,5555,2,good tolerance,9999,0,5555,5300,98.14814815,0,0,5555,0,183,94,28.06891815,43111,4,0,0,1,4,2,3,1,7,5555,5555,5555,4,0,1334963,1,741,4,3,3,2,3,48,0,5555,0,0,0,1,1
57,NE_P20_T2_S58,65995078,65075685,3672683.471,5217.291526,NE_P20_T2,P20,Cycle 3,49,Post,Complete,0,1,0,0,0,5555,2,good tolerance,9999,0,5555,5300,98.14814815,0,0,5555,0,183,94,28.06891815,43111,4,0,0,1,4,2,3,1,7,5555,5555,5555,4,0,1334963,1,741,4,3,3,2,3,48,0,5555,0,0,0,1,1
58,NE_P20_T3_S59,93287967,91997791,3714461.488,7292.252168,NE_P20_T3,P20,Trough,63,Post,Complete,0,1,0,0,0,5555,2,good tolerance,9999,0,5555,5300,98.14814815,0,0,5555,0,183,94,28.06891815,43111,4,0,0,1,4,2,3,1,7,5555,5555,5555,4,0,1334963,1,741,4,3,3,2,3,48,0,5555,0,0,0,1,1
59,NE_P21_T1_S60,10577166,10378444,3038150.422,1001.160835,NE_P21_T1,P21,Baseline,0,Pre,Complete,0,0,1,9999,0,5555,0,5555,9999,0,5555,3600,93.2642487,0,0,5555,9999,172,80,27.04164413,43125,6,0,0,1,2,2,7,5555,5555,5555,5555,5555,3,1,43186,1,1929,1,0,5555,5555,5555,5,0,5555,0,0,1,1,0
60,NE_P21_T2_S61,6202323,6069372,3027034.001,582.8142768,NE_P21_T2,P21,Cycle 3,49,Post,Complete,0,0,1,9999,0,5555,0,5555,9999,0,5555,3600,93.2642487,0,0,5555,9999,172,80,27.04164413,43125,6,0,0,1,2,2,7,5555,5555,5555,5555,5555,3,1,43186,1,1929,1,0,5555,5555,5555,5,0,5555,0,0,1,1,0
61,NE_P21_T3_S62,17486483,17204411,3393047.311,1480.774782,NE_P21_T3,P21,Trough,63,Post,Complete,0,0,1,9999,0,5555,0,5555,9999,0,5555,3600,93.2642487,0,0,5555,9999,172,80,27.04164413,43125,6,0,0,1,2,2,7,5555,5555,5555,5555,5555,3,1,43186,1,1929,1,0,5555,5555,5555,5,0,5555,0,0,1,1,0
62,NE_P22_T1_S63,5314642,5192698,2973712.209,493.6616001,NE_P22_T1,P22,Baseline,0,Pre,Complete,1,1,0,0,0,5555,0,5555,0,0,5555,3300,75,-22.72727273,1,Diarrhea grade 2,0,163,70,26.34649403,43314,6,0,0,1,2,3,7,5555,5555,5555,5555,5555,3,0,1334963,1,1671,1,2,5555,5555,5555,12,0,5555,0,0,0,1,0
63,NE_P22_T2_S64,8190712,8031654,3634084.801,643.0488605,NE_P22_T2,P22,Cycle 3,49,Post,Complete,1,1,0,0,0,5555,0,5555,0,0,5555,3300,75,-22.72727273,1,Diarrhea grade 2,0,163,70,26.34649403,43314,6,0,0,1,2,3,7,5555,5555,5555,5555,5555,3,0,1334963,1,1671,1,2,5555,5555,5555,12,0,5555,0,0,0,1,0
64,NE_P22_T3_S65,20977344,20630008,3248456.193,1832.780319,NE_P22_T3,P22,Trough,63,Post,Complete,1,1,0,0,0,5555,0,5555,0,0,5555,3300,75,-22.72727273,1,Diarrhea grade 2,0,163,70,26.34649403,43314,6,0,0,1,2,3,7,5555,5555,5555,5555,5555,3,0,1334963,1,1671,1,2,5555,5555,5555,12,0,5555,0,0,0,1,0
65,NE_P23_T1_S66,1492962,1465634,3205193.865,132.9048785,NE_P23_T1,P23,Baseline,0,Pre,Complete,1,0,1,450,0,5555,0,5555,450,0,5555,3000,94.93670886,0,0,5555,450,154,60.4,25.46803846,42543,5,0,0,0,2,2,3,5555,5555,5555,5555,5555,4,0,5555,0,5555,0,5555,5555,5555,5555,0,1,29,9999,0,0,1,1
66,NE_P23_T2_S67,40460792,39858378,2759374.96,4256.095421,NE_P23_T2,P23,Cycle 3,49,Post,Complete,1,0,1,450,0,5555,0,5555,450,0,5555,3000,94.93670886,0,0,5555,450,154,60.4,25.46803846,42543,5,0,0,0,2,2,3,5555,5555,5555,5555,5555,4,0,5555,0,5555,0,5555,5555,5555,5555,0,1,29,9999,0,0,1,1
67,NE_P23_T3_S68,7861262,7604864,3425367.471,599.9097696,NE_P23_T3,P23,Trough,63,Post,Complete,1,0,1,450,0,5555,0,5555,450,0,5555,3000,94.93670886,0,0,5555,450,154,60.4,25.46803846,42543,5,0,0,0,2,2,3,5555,5555,5555,5555,5555,4,0,5555,0,5555,0,5555,5555,5555,5555,0,1,29,9999,0,0,1,1
68,NE_P24_T1_S69,37905722,37058892,3874131.968,2794.880225,NE_P24_T1,P24,Baseline,0,Pre,Complete,0,0,1,700,0,5555,0,5555,700,0,5555,3000,74.25742574,0,0,5555,700,165,98.6,36.21671258,x-07-2013,5,0,0,0,4,2,3,7,7,5555,5555,5555,4,0,5555,1,1381,1,3,5555,5555,5555,18,1,93,9999,0,0,1,1
69,NE_P24_T2_S70,61225894,60283509,3244152.624,5457.343983,NE_P24_T2,P24,Cycle 3,49,Post,Complete,0,0,1,700,0,5555,0,5555,700,0,5555,3000,74.25742574,0,0,5555,700,165,98.6,36.21671258,x-07-2013,5,0,0,0,4,2,3,7,7,5555,5555,5555,4,0,5555,1,1381,1,3,5555,5555,5555,18,1,93,9999,0,0,1,1
70,NE_P24_T3_S71,27728033,27272544,3216114.021,2494.58369,NE_P24_T3,P24,Trough,63,Post,Complete,0,0,1,700,0,5555,0,5555,700,0,5555,3000,74.25742574,0,0,5555,700,165,98.6,36.21671258,x-07-2013,5,0,0,0,4,2,3,7,7,5555,5555,5555,4,0,5555,1,1381,1,3,5555,5555,5555,18,1,93,9999,0,0,1,1
71,NE_P25_T1_S72,4562732,4389482,3087687.458,407.3475998,NE_P25_T1,P25,Baseline,0,Pre,Complete,0,0,1,650,0,5555,0,5555,650,0,5555,4000,99.00990099,0,0,5555,650,185,84,24.54346238,41074,2,1,0,0,2,0,3,5555,5555,5555,5555,5555,3,0,5555,1,1677,1,2,5555,5555,5555,24,1,170,9999,0,1,0,0
72,NE_P25_T2_S73,17659127,17385435,3354538.233,1518.646492,NE_P25_T2,P25,Cycle 3,49,Post,Complete,0,0,1,650,0,5555,0,5555,650,0,5555,4000,99.00990099,0,0,5555,650,185,84,24.54346238,41074,2,1,0,0,2,0,3,5555,5555,5555,5555,5555,3,0,5555,1,1677,1,2,5555,5555,5555,24,1,170,9999,0,1,0,0
73,NE_P25_T3_S74,42275642,41546803,3115639.333,3902.49428,NE_P25_T3,P25,Trough,63,Post,Complete,0,0,1,650,0,5555,0,5555,650,0,5555,4000,99.00990099,0,0,5555,650,185,84,24.54346238,41074,2,1,0,0,2,0,3,5555,5555,5555,5555,5555,3,0,5555,1,1677,1,2,5555,5555,5555,24,1,170,9999,0,1,0,0
74,NE_P26_T1_S75,26481998,26077365,2967442.565,2587.661198,NE_P26_T1,P26,Baseline,0,Pre,Complete,0,0,1,700,0,5555,0,5555,700,0,5555,4000,97.56097561,0,0,5555,700,170,94.8,32.80276817,41683,6,0,0,1,3,0,2,4,5555,NA,NA,NA,3,1,41740,1,5555,0,5555,5555,5555,5555,0,1,216,9999,1,NA,1,0
75,NE_P26_T2_S76,4737405,4671607,2953959.913,465.0626685,NE_P26_T2,P26,Cycle 3,49,Post,Complete,0,0,1,700,0,5555,0,5555,700,0,5555,4000,97.56097561,0,0,5555,700,170,94.8,32.80276817,41683,6,0,0,1,3,0,2,4,5555,NA,NA,NA,3,1,41740,1,5555,0,5555,5555,5555,5555,0,1,216,9999,1,NA,1,0
76,NE_P26_T3_S77,64312662,63068928,2993637.871,6106.77062,NE_P26_T3,P26,Trough,63,Post,Complete,0,0,1,700,0,5555,0,5555,700,0,5555,4000,97.56097561,0,0,5555,700,170,94.8,32.80276817,41683,6,0,0,1,3,0,2,4,5555,NA,NA,NA,3,1,41740,1,5555,0,5555,5555,5555,5555,0,1,216,9999,1,NA,1,0
77,NE_P27_T1_S78,8272984,8131938,3270850.363,733.3774651,NE_P27_T1,P27,Baseline,0,Pre,Complete,0,0,1,550,0,5555,0,5555,550,0,5555,3500,92.10526316,0,0,5555,550,173,76.1,25.42684353,42275,6,0,0,1,1,3,5555,5555,5555,5555,5555,5555,3,1,42360,1,5555,0,5555,5555,5555,5555,0,0,5555,9999,1,1,1,0
78,NE_P27_T2_S79,21751281,21324614,3149096.793,1985.917504,NE_P27_T2,P27,Cycle 3,49,Post,Complete,0,0,1,550,0,5555,0,5555,550,0,5555,3500,92.10526316,0,0,5555,550,173,76.1,25.42684353,42275,6,0,0,1,1,3,5555,5555,5555,5555,5555,5555,3,1,42360,1,5555,0,5555,5555,5555,5555,0,0,5555,9999,1,1,1,0
79,NE_P27_T3_S80,3080485,3033322,2811948.855,317.1796412,NE_P27_T3,P27,Trough,63,Post,Complete,0,0,1,550,0,5555,0,5555,550,0,5555,3500,92.10526316,0,0,5555,550,173,76.1,25.42684353,42275,6,0,0,1,1,3,5555,5555,5555,5555,5555,5555,3,1,42360,1,5555,0,5555,5555,5555,5555,0,0,5555,9999,1,1,1,0
80,NE_P28_T1_S81,1377479,1350541,2903186.253,136.3309693,NE_P28_T1,P28,Baseline,0,Pre,Complete,0,0,1,550,0,5555,0,5555,550,0,5555,1000,27.17391304,-67.93478261,1,hand-foot-syndrome,550,170,75,25.95155709,42250,5,0,0,1,1,1,5555,5555,5555,5555,5555,5555,2,0,5555,0,5555,0,5555,5555,5555,5555,0,1,189,9999,0,1,1,0
81,NE_P28_T2_S82,270700,241270,3158674.543,22.49514378,NE_P28_T2,P28,Cycle 3,49,Post,Complete,0,0,1,550,0,5555,0,5555,550,0,5555,1000,27.17391304,-67.93478261,1,hand-foot-syndrome,550,170,75,25.95155709,42250,5,0,0,1,1,1,5555,5555,5555,5555,5555,5555,2,0,5555,0,5555,0,5555,5555,5555,5555,0,1,189,9999,0,1,1,0
82,NE_P28_T3_S83,46481250,45727047,3467836.354,3900.789319,NE_P28_T3,P28,Trough,63,Post,Complete,0,0,1,550,0,5555,0,5555,550,0,5555,1000,27.17391304,-67.93478261,1,hand-foot-syndrome,550,170,75,25.95155709,42250,5,0,0,1,1,1,5555,5555,5555,5555,5555,5555,2,0,5555,0,5555,0,5555,5555,5555,5555,0,1,189,9999,0,1,1,0
83,NE_P29_T1_S84,145003472,142678678,2945898.19,14226.82895,NE_P29_T1,P29,Baseline,0,Pre,T2 missing,0,0,1,550,0,5555,0,5555,550,0,5555,3000,81.96721311,0,0,5555,550,172,72.2,24.40508383,41061,5,0,0,1,1,3,5555,5555,5555,5555,5555,5555,3,0,5555,1,1907,1,2,5555,5555,5555,24,0,5555,9999,0,0,0,0
84,NE_P29_T3_S85,8089850,7891412,2980306.9,753.0232818,NE_P29_T3,P29,Trough,63,Post,T2 missing,0,0,1,550,0,5555,0,5555,550,0,5555,3000,81.96721311,0,0,5555,550,172,72.2,24.40508383,41061,5,0,0,1,1,3,5555,5555,5555,5555,5555,5555,3,0,5555,1,1907,1,2,5555,5555,5555,24,0,5555,9999,0,0,0,0
85,NE_P30_T1_S86,37843075,37191515,2721931.49,3969.903716,NE_P30_T1,P30,Baseline,0,Pre,Complete,0,0,1,600,0,5555,0,5555,600,0,5555,4000,100,0,0,5555,600,182,79.7,24.06110373,x-07-2015,6,0,0,0,2,3,6,5555,5555,5555,5555,5555,3,0,5555,0,5555,0,5555,5555,5555,5555,0,1,287,9999,0,0,0,0
86,NE_P30_T2_S87,18258145,17905696,2848760.604,1831.620675,NE_P30_T2,P30,Cycle 3,49,Post,Complete,0,0,1,600,0,5555,0,5555,600,0,5555,4000,100,0,0,5555,600,182,79.7,24.06110373,x-07-2015,6,0,0,0,2,3,6,5555,5555,5555,5555,5555,3,0,5555,0,5555,0,5555,5555,5555,5555,0,1,287,9999,0,0,0,0
87,NE_P30_T3_S88,38620427,28732691,4560151.615,1842.37027,NE_P30_T3,P30,Trough,63,Post,Complete,0,0,1,600,0,5555,0,5555,600,0,5555,4000,100,0,0,5555,600,182,79.7,24.06110373,x-07-2015,6,0,0,0,2,3,6,5555,5555,5555,5555,5555,3,0,5555,0,5555,0,5555,5555,5555,5555,0,1,287,9999,0,0,0,0
88,NE_P31_T1_S89,61037668,59738788,3344741.974,5171.594372,NE_P31_T1,P31,Baseline,0,Pre,Complete,1,0,1,500,7,Fever,0,5555,500,0,5555,3000,84.26966292,0,0,5555,500,170,62,21.4532872,43116,0,9999,0,0,1,1,5555,5555,5555,5555,5555,5555,4,0,5555,0,5555,0,5555,5555,5555,5555,0,1,40,9999,1,1,0,1
89,NE_P31_T2_S90,23698581,23191270,4002338.276,1680.413153,NE_P31_T2,P31,Cycle 3,49,Post,Complete,1,0,1,500,7,Fever,0,5555,500,0,5555,3000,84.26966292,0,0,5555,500,170,62,21.4532872,43116,0,9999,0,0,1,1,5555,5555,5555,5555,5555,5555,4,0,5555,0,5555,0,5555,5555,5555,5555,0,1,40,9999,1,1,0,1
90,NE_P31_T3_S91,13388658,13150645,3445442.974,1112.295132,NE_P31_T3,P31,Trough,63,Post,Complete,1,0,1,500,7,Fever,0,5555,500,0,5555,3000,84.26966292,0,0,5555,500,170,62,21.4532872,43116,0,9999,0,0,1,1,5555,5555,5555,5555,5555,5555,4,0,5555,0,5555,0,5555,5555,5555,5555,0,1,40,9999,1,1,0,1
91,NE_P32_T1_S92,23330206,22793235,3014201.403,2195.709981,NE_P32_T1,P32,Baseline,0,Pre,T2 and T3 fecal sample missing,0,0,1,600,0,5555,0,5555,600,0,5555,3000,71.42857143,-23.80952381,1,hand-foot-syndrome,600,188,84.8,23.9927569,42381,2,1,0,1,1,0,5555,5555,5555,5555,5555,5555,3,0,5555,1,714,1,2,5555,5555,5555,24,0,5555,0,0,1,0,0
92,NE_P33_T1_S93,63734330,62268612,3265243.864,5438.18444,NE_P33_T1,P33,Baseline,0,Pre,T2 fecal sample missing,0,0,1,750,0,5555,0,5555,750,0,5555,4000,91.32420091,0,0,5555,750,180,99.4,30.67901235,42688,2,1,0,0,3,0,1,2,5555,5555,5555,5555,4,0,5555,1,90,1,10,5555,5555,5555,56,1,394,0,0,NA,1,1
93,NE_P33_T3_S94,40519218,39756430,3217768.816,3604.988936,NE_P33_T3,P33,Trough,63,Post,T2 fecal sample missing,0,0,1,750,0,5555,0,5555,750,0,5555,4000,91.32420091,0,0,5555,750,180,99.4,30.67901235,42688,2,1,0,0,3,0,1,2,5555,5555,5555,5555,4,0,5555,1,90,1,10,5555,5555,5555,56,1,394,0,0,NA,1,1
94,NE_P34_T1_S95,3244433,3193892,2668518.316,352.4724913,NE_P34_T1,P34,Baseline,0,Pre,Complete,0,0,1,800,0,5555,0,5555,800,0,5555,4000,90.90909091,0,0,5555,800,178,101,31.87728822,42458,2,1,0,0,7,3,6,7,7,7,7,7,4,0,5555,1,696,1,0,5555,5555,5555,24,0,5555,2,0,1,1,1
95,NE_P34_T2_S97,58420411,57426774,2945479.005,5696.929055,NE_P34_T2,P34,Cycle 3,49,Post,Complete,0,0,1,800,0,5555,0,5555,800,0,5555,4000,90.90909091,0,0,5555,800,178,101,31.87728822,42458,2,1,0,0,7,3,6,7,7,7,7,7,4,0,5555,1,696,1,0,5555,5555,5555,24,0,5555,2,0,1,1,1
96,NE_P34_T3_S98,58360550,57092826,2851716.706,5799.294008,NE_P34_T3,P34,Trough,63,Post,Complete,0,0,1,800,0,5555,0,5555,800,0,5555,4000,90.90909091,0,0,5555,800,178,101,31.87728822,42458,2,1,0,0,7,3,6,7,7,7,7,7,4,0,5555,1,696,1,0,5555,5555,5555,24,0,5555,2,0,1,1,1
97,NE_P35_T1_S99,11355377,11093798,3086228.554,1015.602644,NE_P35_T1,P35,Baseline,0,Pre,Complete,1,0,1,350,0,5555,1,hand-foot-syndrome,350,22,HFS,2500,86.20689655,0,0,5555,350,165,48.6,17.85123967,x-03-2013,3,1,0,1,3,0,2,3,5555,5555,5555,5555,2,0,5555,1,646,1,5,5555,5555,5555,2,0,5555,0,0,1,0,0
98,NE_P35_T2_S100,61976429,59955406,2641542.543,6531.300279,NE_P35_T2,P35,Cycle 3,49,Post,Complete,1,0,1,350,0,5555,1,hand-foot-syndrome,350,22,HFS,2500,86.20689655,0,0,5555,350,165,48.6,17.85123967,x-03-2013,3,1,0,1,3,0,2,3,5555,5555,5555,5555,2,0,5555,1,646,1,5,5555,5555,5555,2,0,5555,0,0,1,0,0
99,NE_P35_T3_S101,47478526,46325333,3278942.994,4109.451761,NE_P35_T3,P35,Trough,63,Post,Complete,1,0,1,350,0,5555,1,hand-foot-syndrome,350,22,HFS,2500,86.20689655,0,0,5555,350,165,48.6,17.85123967,x-03-2013,3,1,0,1,3,0,2,3,5555,5555,5555,5555,2,0,5555,1,646,1,5,5555,5555,5555,2,0,5555,0,0,1,0,0
100,NE_P36_T1_S102,46138639,45285851,3711354.007,3589.754706,NE_P36_T1,P36,Baseline,0,Pre,Complete,0,0,1,475,0,5555,1,reduced trombocytes,475,0,5555,3000,86.70520231,28.9017341,2,"Reduced dose in cycle 2 due to reduced trombocytes, back to normal dose in cycle 3",475,170,62.6,21.66089965,41374,4,0,0,1,2,3,6,5555,5555,5555,5555,5555,3,1,41445,1,5555,5555,5555,5555,5555,5555,0,0,5555,0,1,1,0,0
101,NE_P36_T2_S103,47913625,46860457,3313095.866,4141.303597,NE_P36_T2,P36,Cycle 3,49,Post,Complete,0,0,1,475,0,5555,1,reduced trombocytes,475,0,5555,3000,86.70520231,28.9017341,2,"Reduced dose in cycle 2 due to reduced trombocytes, back to normal dose in cycle 3",475,170,62.6,21.66089965,41374,4,0,0,1,2,3,6,5555,5555,5555,5555,5555,3,1,41445,1,5555,5555,5555,5555,5555,5555,0,0,5555,0,1,1,0,0
102,NE_P36_T3_S104,40643781,39860873,3663513.887,3201.227072,NE_P36_T3,P36,Trough,63,Post,Complete,0,0,1,475,0,5555,1,reduced trombocytes,475,0,5555,3000,86.70520231,28.9017341,2,"Reduced dose in cycle 2 due to reduced trombocytes, back to normal dose in cycle 3",475,170,62.6,21.66089965,41374,4,0,0,1,2,3,6,5555,5555,5555,5555,5555,3,1,41445,1,5555,5555,5555,5555,5555,5555,0,0,5555,0,1,1,0,0
103,NE_P37_T1_S105,22349052,21926829,3826119.322,1680.423978,NE_P37_T1,P37,Baseline,0,Pre,Complete,1,0,1,550,0,5555,0,5555,550,7,Holiday,3500,96.68508287,0,0,5555,550,165,73.5,26.99724518,43494,5,0,0,0,1,2,5555,5555,5555,5555,5555,5555,4,0,5555,0,5555,5555,5555,5555,5555,5555,0,1,40,9999,0,0,1,1
104,NE_P37_T2_S106,32143807,31511986,3068428.014,3017.881989,NE_P37_T2,P37,Cycle 3,49,Post,Complete,1,0,1,550,0,5555,0,5555,550,7,Holiday,3500,96.68508287,0,0,5555,550,165,73.5,26.99724518,43494,5,0,0,0,1,2,5555,5555,5555,5555,5555,5555,4,0,5555,0,5555,5555,5555,5555,5555,5555,0,1,40,9999,0,0,1,1
105,NE_P37_T3_S107,28908666,28388668,3357263.005,2490.604756,NE_P37_T3,P37,Trough,63,Post,Complete,1,0,1,550,0,5555,0,5555,550,7,Holiday,3500,96.68508287,0,0,5555,550,165,73.5,26.99724518,43494,5,0,0,0,1,2,5555,5555,5555,5555,5555,5555,4,0,5555,0,5555,5555,5555,5555,5555,5555,0,1,40,9999,0,0,1,1
106,NE_P38_T1_S108,56202594,55334957,3314784.006,4903.556106,NE_P38_T1,P38,Baseline,0,Pre,Complete,0,0,1,600,0,5555,0,5555,600,0,5555,3000,77.72020725,-13.9028294,1,cytopenia,600,180,79,24.38271605,40324,5,0,0,0,3,0,2,3,5555,5555,5555,5555,4,0,5555,1,3164,1,2,5555,5555,5555,15,0,5555,0,0,1,0,1
107,NE_P38_T2_S109,19279793,19041976,3003661.11,1849.927979,NE_P38_T2,P38,Cycle 3,49,Post,Complete,0,0,1,600,0,5555,0,5555,600,0,5555,3000,77.72020725,-13.9028294,1,cytopenia,600,180,79,24.38271605,40324,5,0,0,0,3,0,2,3,5555,5555,5555,5555,4,0,5555,1,3164,1,2,5555,5555,5555,15,0,5555,0,0,1,0,1
108,NE_P38_T3_S110,61601753,60615800,3356044.71,5289.100643,NE_P38_T3,P38,Trough,63,Post,Complete,0,0,1,600,0,5555,0,5555,600,0,5555,3000,77.72020725,-13.9028294,1,cytopenia,600,180,79,24.38271605,40324,5,0,0,0,3,0,2,3,5555,5555,5555,5555,4,0,5555,1,3164,1,2,5555,5555,5555,15,0,5555,0,0,1,0,1
109,NE_P39_T1_S111,18544570,18131928,3296680.099,1598.330344,NE_P39_T1,P39,Baseline,0,Pre,Complete,1,0,1,550,0,5555,0,5555,550,0,5555,3500,96.15384615,0,0,5555,550,167,73.3,26.28276381,43047,6,0,0,0,2,1,3,5555,5555,5555,5555,5555,3,1,43097,1,377,1,2,6,5555,5555,11,0,5555,1,0,0,1,0
110,NE_P39_T2_S112,88283544,86836668,3718175.195,6926.234279,NE_P39_T2,P39,Cycle 3,49,Post,Complete,1,0,1,550,0,5555,0,5555,550,0,5555,3500,96.15384615,0,0,5555,550,167,73.3,26.28276381,43047,6,0,0,0,2,1,3,5555,5555,5555,5555,5555,3,1,43097,1,377,1,2,6,5555,5555,11,0,5555,1,0,0,1,0
111,NE_P39_T3_S113,86203242,84684860,3272121.18,7629.053338,NE_P39_T3,P39,Trough,63,Post,Complete,1,0,1,550,0,5555,0,5555,550,0,5555,3500,96.15384615,0,0,5555,550,167,73.3,26.28276381,43047,6,0,0,0,2,1,3,5555,5555,5555,5555,5555,3,1,43097,1,377,1,2,6,5555,5555,11,0,5555,1,0,0,1,0
112,NE_P40_T1_S114,9640875,9455657,3444139.965,817.9955699,NE_P40_T1,P40,Baseline,0,Pre,T3 missing,0,0,1,500,0,5555,0,5555,500,0,5555,3000,82.87292818,0,0,5555,500,175,67.5,22.04081633,43690,6,0,0,0,2,2,3,5555,5555,5555,5555,5555,4,0,5555,0,5555,5555,5555,5555,5555,5555,0,1,52,0,1,1,0,1
113,NE_P40_T2_S115,29359381,28531463,3502126.164,2396.038695,NE_P40_T2,P40,Cycle 3,49,Post,T3 missing,0,0,1,500,0,5555,0,5555,500,0,5555,3000,82.87292818,0,0,5555,500,175,67.5,22.04081633,43690,6,0,0,0,2,2,3,5555,5555,5555,5555,5555,4,0,5555,0,5555,5555,5555,5555,5555,5555,0,1,52,0,1,1,0,1
114,NE_P41_T1_S116,15303393,15070775,2975057.166,1498.020308,NE_P41_T1,P41,Baseline,0,Pre,Complete,0,0,1,750,0,5555,0,5555,750,0,5555,4000,87.71929825,0,0,5555,750,190,99.3,27.50692521,43529,6,0,0,1,3,3,7,7,5555,5555,5555,5555,4,0,1334963,0,5555,5555,5555,5555,5555,5555,0,0,5555,0,1,0,1,1
115,NE_P41_T2_S118,30594738,29879756,2954071.664,2979.916493,NE_P41_T2,P41,Cycle 3,49,Post,Complete,0,0,1,750,0,5555,0,5555,750,0,5555,4000,87.71929825,0,0,5555,750,190,99.3,27.50692521,43529,6,0,0,1,3,3,7,7,5555,5555,5555,5555,4,0,1334963,0,5555,5555,5555,5555,5555,5555,0,0,5555,0,1,0,1,1
116,NE_P41_T3_S119,9282640,9133124,2972723.782,902.3350297,NE_P41_T3,P41,Trough,63,Post,Complete,0,0,1,750,0,5555,0,5555,750,0,5555,4000,87.71929825,0,0,5555,750,190,99.3,27.50692521,43529,6,0,0,1,3,3,7,7,5555,5555,5555,5555,4,0,1334963,0,5555,5555,5555,5555,5555,5555,0,0,5555,0,1,0,1,1
117,NE_P42_T1_S120,54981811,53809557,3052077.259,5196.268359,NE_P42_T1,P42,Baseline,0,Pre,T2 questionnaire missing,0,0,1,550,0,5555,0,5555,550,0,5555,3500,98.8700565,0,0,5555,550,164,70.4,26.1748959,42319,4,0,0,1,4,6,7,7,7,5555,5555,5555,4,0,1334963,0,5555,5555,5555,5555,5555,5555,0,0,5555,0,1,1,1,1
118,NE_P42_T2_S121,103199286,101294885,3115036.975,9387.067808,NE_P42_T2,P42,Cycle 3,49,Post,T2 questionnaire missing,0,0,1,550,0,5555,0,5555,550,0,5555,3500,98.8700565,0,0,5555,550,164,70.4,26.1748959,42319,4,0,0,1,4,6,7,7,7,5555,5555,5555,4,0,1334963,0,5555,5555,5555,5555,5555,5555,0,0,5555,0,1,1,1,1
119,NE_P42_T3_S122,133289969,131086781,3056809.082,12579.64291,NE_P42_T3,P42,Trough,63,Post,T2 questionnaire missing,0,0,1,550,0,5555,0,5555,550,0,5555,3500,98.8700565,0,0,5555,550,164,70.4,26.1748959,42319,4,0,0,1,4,6,7,7,7,5555,5555,5555,4,0,1334963,0,5555,5555,5555,5555,5555,5555,0,0,5555,0,1,1,1,1
120,NE_P43_T1_S123,118175918,115824579,3236040.71,10525.97902,NE_P43_T1,P43,Baseline,0,Pre,Complete,0,0,1,800,7,UWI,0,5555,800,0,5555,5300,117.2566372,0,0,5555,800,178,103,32.50852165,42047,6,0,0,1,2,3,7,5555,5555,5555,5555,5555,2,1,x-03-2016,1,610,1,2,5555,5555,5555,24,1,128,2,1,0,1,0
121,NE_P43_T2_S124,111888560,110463399,3509337.547,9294.174244,NE_P43_T2,P43,Cycle 3,49,Post,Complete,0,0,1,800,7,UWI,0,5555,800,0,5555,5300,117.2566372,0,0,5555,800,178,103,32.50852165,42047,6,0,0,1,2,3,7,5555,5555,5555,5555,5555,2,1,x-03-2016,1,610,1,2,5555,5555,5555,24,1,128,2,1,0,1,0
122,NE_P43_T3_S125,103722024,101634465,3228797.3,9300.682298,NE_P43_T3,P43,Trough,63,Post,Complete,0,0,1,800,7,UWI,0,5555,800,0,5555,5300,117.2566372,0,0,5555,800,178,103,32.50852165,42047,6,0,0,1,2,3,7,5555,5555,5555,5555,5555,2,1,x-03-2016,1,610,1,2,5555,5555,5555,24,1,128,2,1,0,1,0
123,NE_P44_T1_S126,91670535,89806382,4492434.723,5882.649547,NE_P44_T1,P44,Baseline,0,Pre,Complete,0,0,1,500,0,5555,0,5555,500,0,5555,4600,102.7932961,0,0,5555,500,172,71,23.99945917,43598,1,1,0,0,2,2,3,5555,5555,5555,5555,5555,4,0,5555,0,5555,0,5555,5555,5555,5555,0,1,5555,0,0,1,0,1
124,NE_P44_T2_S127,67704165,62179631,4183185.715,4377.753478,NE_P44_T2,P44,Cycle 3,49,Post,Complete,0,0,1,500,0,5555,0,5555,500,0,5555,4600,102.7932961,0,0,5555,500,172,71,23.99945917,43598,1,1,0,0,2,2,3,5555,5555,5555,5555,5555,4,0,5555,0,5555,0,5555,5555,5555,5555,0,1,5555,0,0,1,0,1
125,NE_P44_T3_S128,19567229,13966432,3974286.607,1018.538043,NE_P44_T3,P44,Trough,63,Post,Complete,0,0,1,500,0,5555,0,5555,500,0,5555,4600,102.7932961,0,0,5555,500,172,71,23.99945917,43598,1,1,0,0,2,2,3,5555,5555,5555,5555,5555,4,0,5555,0,5555,0,5555,5555,5555,5555,0,1,5555,0,0,1,0,1
126,NE_P45_T1_S129,14657737,14565029,3202711.215,1361.885802,NE_P45_T1,P45,Baseline,0,Pre,T2 and T3 missing,0,0,1,600,9999,9999,9999,9999,9999,9999,9999,9999,9999,9999,9999,9999,9999,174,81,26.75386445,41190,5,0,0,1,3,0,3,6,5555,5555,5555,5555,2,0,5555,0,5555,0,5555,5555,5555,5555,0,0,5555,0,0,0,1,0
127,NE_P46_T1_S130,46152429,45366289,3132816.487,4274.782079,NE_P46_T1,P46,Baseline,0,Pre,Complete,1,0,1,500,0,5555,0,5555,500,0,5555,3600,81.3559322,0,0,5555,500,160,68,26.5625,44020,2,1,0,0,1,0,5555,5555,5555,5555,5555,5555,3,0,5555,0,5555,5555,5555,5555,5555,5555,0,0,5555,0,0,0,1,0
128,NE_P46_T2_S131,1230508,1202523,3463011.518,101.9778632,NE_P46_T2,P46,Cycle 3,49,Post,Complete,1,0,1,500,0,5555,0,5555,500,0,5555,3600,81.3559322,0,0,5555,500,160,68,26.5625,44020,2,1,0,0,1,0,5555,5555,5555,5555,5555,5555,3,0,5555,0,5555,5555,5555,5555,5555,5555,0,0,5555,0,0,0,1,0
129,NE_P46_T3_S132,127694605,125663323,3442151.313,10750.55795,NE_P46_T3,P46,Trough,63,Post,Complete,1,0,1,500,0,5555,0,5555,500,0,5555,3600,81.3559322,0,0,5555,500,160,68,26.5625,44020,2,1,0,0,1,0,5555,5555,5555,5555,5555,5555,3,0,5555,0,5555,5555,5555,5555,5555,5555,0,0,5555,0,0,0,1,0
130,NE_P47_T1_S133,35709280,34911124,2943319.873,3437.702233,NE_P47_T1,P47,Baseline,0,Pre,Complete,1,0,1,500,0,5555,0,5555,5555,0,5555,4300,95.02762431,0,0,5555,500,170,69,23.87543253,43137,5,0,0,0,1,2,5555,5555,5555,5555,5555,5555,4,0,1334963,1,733,2,3,2,5555,5555,18,0,5555,0,0,0,0,1
131,NE_P47_T2_S134,43182961,42244280,3243074.651,3779.631992,NE_P47_T2,P47,Cycle 3,49,Post,Complete,1,0,1,500,0,5555,0,5555,5555,0,5555,4300,95.02762431,0,0,5555,500,170,69,23.87543253,43137,5,0,0,0,1,2,5555,5555,5555,5555,5555,5555,4,0,1334963,1,733,2,3,2,5555,5555,18,0,5555,0,0,0,0,1
132,NE_P47_T3_S135,119371779,117526666,3428355.466,10097.11774,NE_P47_T3,P47,Trough,63,Post,Complete,1,0,1,500,0,5555,0,5555,5555,0,5555,4300,95.02762431,0,0,5555,500,170,69,23.87543253,43137,5,0,0,0,1,2,5555,5555,5555,5555,5555,5555,4,0,1334963,1,733,2,3,2,5555,5555,18,0,5555,0,0,0,0,1
133,NE_P48_T1_S136,50984798,49973994,2895798.706,5076.530789,NE_P48_T1,P48,Baseline,0,Pre,Complete,0,0,1,500,11,"acute parotitis, start antibiotic",1,after acute parotitis,500,0,5555,3980,88.44444444,0,0,5555,500,169,71,24.85907356,42010,5,0,0,1,2,2,3,5555,5555,5555,5555,5555,3,0,5555,1,611,1,3,5555,5555,5555,15,0,5555,0,0,1,0,0
134,NE_P48_T2_S137,118382309,116349272,3488915.268,9822.321206,NE_P48_T2,P48,Cycle 3,49,Post,Complete,0,0,1,500,11,"acute parotitis, start antibiotic",1,after acute parotitis,500,0,5555,3980,88.44444444,0,0,5555,500,169,71,24.85907356,42010,5,0,0,1,2,2,3,5555,5555,5555,5555,5555,3,0,5555,1,611,1,3,5555,5555,5555,15,0,5555,0,0,1,0,0
135,NE_P48_T3_S138,94051786,92537355,3148347.988,8601.332942,NE_P48_T3,P48,Trough,63,Post,Complete,0,0,1,500,11,"acute parotitis, start antibiotic",1,after acute parotitis,500,0,5555,3980,88.44444444,0,0,5555,500,169,71,24.85907356,42010,5,0,0,1,2,2,3,5555,5555,5555,5555,5555,3,0,5555,1,611,1,3,5555,5555,5555,15,0,5555,0,0,1,0,0
136,NE_P49_T1_S139,9352061,9129186,3120838.797,856.9955464,NE_P49_T1,P49,Baseline,0,Pre,T2 and T3 missing,1,0,1,500,9999,9999,9999,9999,9999,9999,9999,9999,9999,9999,9999,9999,9999,160,60,23.4375,44523,6,0,5,0,2,6,7,5555,5555,5555,5555,5555,4,0,555,0,5555,5555,5555,5555,5555,5555,5555,0,5555,0,1,0,0,1
137,NE_P50_T1_S140,62086092,60765462,2966638.486,5829.101159,NE_P50_T1,P50,Baseline,0,Pre,Complete,1,1,0,0,5555,5555,0,5555,5555,5555,5555,3600,94.2408377,0,0,5555,5555,173,77.5,25.89461726,42762,1,1,0,0,3,2,7,7,5555,5555,5555,5555,3,0,5555,1,320,1,0,5555,5555,5555,27,0,5555,9999,0,0,1,0
138,NE_P50_T2_S141,92975693,91076848,3587846.155,7496.181421,NE_P50_T2,P50,Cycle 3,49,Post,Complete,1,1,0,0,5555,5555,0,5555,5555,5555,5555,3600,94.2408377,0,0,5555,5555,173,77.5,25.89461726,42762,1,1,0,0,3,2,7,7,5555,5555,5555,5555,3,0,5555,1,320,1,0,5555,5555,5555,27,0,5555,9999,0,0,1,0
139,NE_P50_T3_S142,33160564,32316721,3121132.313,3030.650659,NE_P50_T3,P50,Trough,63,Post,Complete,1,1,0,0,5555,5555,0,5555,5555,5555,5555,3600,94.2408377,0,0,5555,5555,173,77.5,25.89461726,42762,1,1,0,0,3,2,7,7,5555,5555,5555,5555,3,0,5555,1,320,1,0,5555,5555,5555,27,0,5555,9999,0,0,1,0
140,NE_P51_T1_S143,83823937,82072523,3141403.807,7702.8849,NE_P51_T1,P51,Baseline,0,Pre,Complete,0,1,0,0,5555,5555,0,5555,5555,5555,5555,5000,98.03921569,0,0,5555,5555,176,87.1,28.11854339,42135,6,0,0,1,2,3,7,5555,5555,5555,5555,5555,3,1,42193,1,5555,0,5555,5555,5555,5555,0,1,157,0,1,0,1,0
141,NE_P51_T2_S144,92275118,90135054,3232644.611,8175.63449,NE_P51_T2,P51,Cycle 3,49,Post,Complete,0,1,0,0,5555,5555,0,5555,5555,5555,5555,5000,98.03921569,0,0,5555,5555,176,87.1,28.11854339,42135,6,0,0,1,2,3,7,5555,5555,5555,5555,5555,3,1,42193,1,5555,0,5555,5555,5555,5555,0,1,157,0,1,0,1,0
142,NE_P51_T3_S145,61593257,59862228,3102244.809,5443.284219,NE_P51_T3,P51,Trough,63,Post,Complete,0,1,0,0,5555,5555,0,5555,5555,5555,5555,5000,98.03921569,0,0,5555,5555,176,87.1,28.11854339,42135,6,0,0,1,2,3,7,5555,5555,5555,5555,5555,3,1,42193,1,5555,0,5555,5555,5555,5555,0,1,157,0,1,0,1,0
143,NE_P52_T1_S146,75722463,74211194,3030287.808,7133.398795,NE_P52_T1,P52,Baseline,0,Pre,Complete,0,1,0,0,5555,5555,0,5555,5555,5555,5555,4000,102.5641026,0,0,5555,5555,176,77.4,24.98708678,43588,1,1,5,0,2,1,7,5555,5555,5555,5555,5555,4,0,5555,0,5555,5555,5555,5555,5555,5555,0,0,5555,2,0,1,0,1
144,NE_P52_T2_S147,41587096,40942790,2901698.868,4144.507757,NE_P52_T2,P52,Cycle 3,49,Post,Complete,0,1,0,0,5555,5555,0,5555,5555,5555,5555,4000,102.5641026,0,0,5555,5555,176,77.4,24.98708678,43588,1,1,5,0,2,1,7,5555,5555,5555,5555,5555,4,0,5555,0,5555,5555,5555,5555,5555,5555,0,0,5555,2,0,1,0,1
145,NE_P52_T3_S148,44255077,43680050,3154699.689,4092.67927,NE_P52_T3,P52,Trough,63,Post,Complete,0,1,0,0,5555,5555,0,5555,5555,5555,5555,4000,102.5641026,0,0,5555,5555,176,77.4,24.98708678,43588,1,1,5,0,2,1,7,5555,5555,5555,5555,5555,4,0,5555,0,5555,5555,5555,5555,5555,5555,0,0,5555,2,0,1,0,1
146,NE_P53_T1_S149,41962080,40861731,3347077.178,3603.863562,NE_P53_T1,P53,Baseline,0,Pre,Complete,1,1,0,0,0,5555,NA,NA,0,0,5555,3300,86.84210526,-18.42105263,1,hand-foot-syndrome,0,170,77,26.64359862,43899,2,0,0,0,2,1,3,5555,5555,5555,5555,5555,4,0,5555,0,5555,5555,5555,5555,5555,5555,0,1,279,1,0,1,1,1
147,NE_P53_T2_S150,95215819,93278198,3359115.459,8200.164148,NE_P53_T2,P53,Cycle 3,49,Post,Complete,1,1,0,0,0,5555,NA,NA,0,0,5555,3300,86.84210526,-18.42105263,1,hand-foot-syndrome,0,170,77,26.64359862,43899,2,0,0,0,2,1,3,5555,5555,5555,5555,5555,4,0,5555,0,5555,5555,5555,5555,5555,5555,0,1,279,1,0,1,1,1
148,NE_P53_T3_S151,76715049,75056760,3471625.635,6373.477394,NE_P53_T3,P53,Trough,63,Post,Complete,1,1,0,0,0,5555,NA,NA,0,0,5555,3300,86.84210526,-18.42105263,1,hand-foot-syndrome,0,170,77,26.64359862,43899,2,0,0,0,2,1,3,5555,5555,5555,5555,5555,4,0,5555,0,5555,5555,5555,5555,5555,5555,0,1,279,1,0,1,1,1
149,NE_P54_T1_S152,27959659,27425832,3410950.453,2372.200931,NE_P54_T1,P54,Baseline,0,Pre,Complete,0,1,0,0,0,5555,0,5555,0,0,5555,3600,100,0,0,5555,0,175,65,21.2244898,43865,5,0,0,0,1,2,5555,5555,5555,5555,5555,5555,4,0,5555,0,5555,5555,5555,5555,5555,5555,0,0,5555,0,1,1,0,1
150,NE_P54_T2_S153,17311116,16908635,3343035.583,1490.240041,NE_P54_T2,P54,Cycle 3,49,Post,Complete,0,1,0,0,0,5555,0,5555,0,0,5555,3600,100,0,0,5555,0,175,65,21.2244898,43865,5,0,0,0,1,2,5555,5555,5555,5555,5555,5555,4,0,5555,0,5555,5555,5555,5555,5555,5555,0,0,5555,0,1,1,0,1
151,NE_P54_T3_S154,33049777,32448206,3640670.697,2629.109089,NE_P54_T3,P54,Trough,63,Post,Complete,0,1,0,0,0,5555,0,5555,0,0,5555,3600,100,0,0,5555,0,175,65,21.2244898,43865,5,0,0,0,1,2,5555,5555,5555,5555,5555,5555,4,0,5555,0,5555,5555,5555,5555,5555,5555,0,0,5555,0,1,1,0,1
152,NE_P55_T1_S155,52439414,51236447,3222044.141,4683.724066,NE_P55_T1,P55,Baseline,0,Pre,Complete,0,1,0,0,0,5555,0,5555,0,7,Pneumonia,4300,101.8957346,0,0,5555,0,188,84,23.76641014,42647,5,0,1,0,2,2,3,5555,5555,5555,5555,5555,4,1,43752,1,1095,1,0,5555,5555,5555,9,1,9999,0,0,0,0,1
153,NE_P55_T2_S156,110671166,107624385,3266713.65,9660.247571,NE_P55_T2,P55,Cycle 3,49,Post,Complete,0,1,0,0,0,5555,0,5555,0,7,Pneumonia,4300,101.8957346,0,0,5555,0,188,84,23.76641014,42647,5,0,1,0,2,2,3,5555,5555,5555,5555,5555,4,1,43752,1,1095,1,0,5555,5555,5555,9,1,9999,0,0,0,0,1
154,NE_P55_T3_S157,48340063,47559286,3540160.808,3927.068408,NE_P55_T3,P55,Trough,63,Post,Complete,0,1,0,0,0,5555,0,5555,0,7,Pneumonia,4300,101.8957346,0,0,5555,0,188,84,23.76641014,42647,5,0,1,0,2,2,3,5555,5555,5555,5555,5555,4,1,43752,1,1095,1,0,5555,5555,5555,9,1,9999,0,0,0,0,1
155,NE_P56_T1_S158,78260896,76956765,3066779.909,7313.72316,NE_P56_T1,P56,Baseline,0,Pre,Complete,0,1,0,0,2,"Atypical pain on chest, stop cycle 1 from 22 aug to 24 aug, after that restart of cycle",0,5555,0,6,"Fatigue, not feeling well",4300,102.3809524,0,0,5555,0,170,101.8,35.22491349,43691,1,1,0,0,1,1,5555,5555,5555,5555,5555,5555,4,0,1334963,0,5555,5555,5555,5555,5555,5555,0,0,5555,0,0,0,1,1
156,NE_P56_T2_S159,35567996,35095580,3589324.739,2880.074832,NE_P56_T2,P56,Cycle 3,49,Post,Complete,0,1,0,0,2,"Atypical pain on chest, stop cycle 1 from 22 aug to 24 aug, after that restart of cycle",0,5555,0,6,"Fatigue, not feeling well",4300,102.3809524,0,0,5555,0,170,101.8,35.22491349,43691,1,1,0,0,1,1,5555,5555,5555,5555,5555,5555,4,0,1334963,0,5555,5555,5555,5555,5555,5555,0,0,5555,0,0,0,1,1
157,NE_P56_T3_S160,95928348,94499051,3108067.268,8986.58179,NE_P56_T3,P56,Trough,63,Post,Complete,0,1,0,0,2,"Atypical pain on chest, stop cycle 1 from 22 aug to 24 aug, after that restart of cycle",0,5555,0,6,"Fatigue, not feeling well",4300,102.3809524,0,0,5555,0,170,101.8,35.22491349,43691,1,1,0,0,1,1,5555,5555,5555,5555,5555,5555,4,0,1334963,0,5555,5555,5555,5555,5555,5555,0,0,5555,0,0,0,1,1
158,NE_P57_T1_S161,36131392,35860207,3234614.662,3300.11441,NE_P57_T1,P57,Baseline,0,Pre,T2 and T3 missing,1,1,0,0,5555,5555,5555,5555,5555,5555,5555,0,5555,5555,5555,5555,5555,161,61.1,23.57162147,29/10/2020,2,1,0,0,2,2,0,5555,5555,5555,5555,5555,9999,0,1334963,0,5555,5555,5555,5555,5555,5555,5555,0,5555,0,0,1,0,1
159,NE_P57_T3_S162,61031802,59959356,3187065.981,5556.164047,NE_P57_T3,P57,Trough,63,Post,T2 and T3 missing,1,1,0,0,5555,5555,5555,5555,5555,5555,5555,0,5555,5555,5555,5555,5555,161,61.1,23.57162147,29/10/2020,2,1,0,0,2,2,0,5555,5555,5555,5555,5555,9999,0,1334963,0,5555,5555,5555,5555,5555,5555,5555,0,5555,0,0,1,0,1